# Blender v2.91.2 OBJ File: ''
# www.blender.org
mtllib screen.mtl
o Plane
v -0.700000 -0.700000 -0.029632
v 0.700000 -0.700000 -0.029642
v -0.700000 0.700000 -0.029634
v 0.700000 0.700000 -0.029641
v -0.700000 0.633333 -0.297700
v -0.700000 0.566667 -0.409398
v -0.700000 0.500000 -0.487656
v -0.700000 0.433333 -0.547021
v -0.700000 0.366667 -0.593201
v -0.700000 0.300000 -0.629094
v -0.700000 0.233333 -0.656404
v -0.700000 0.166667 -0.676163
v -0.700000 0.100000 -0.689014
v -0.700000 0.033333 -0.695359
v -0.700000 -0.033333 -0.695359
v -0.700000 -0.100000 -0.689014
v -0.700000 -0.166667 -0.676163
v -0.700000 -0.233333 -0.656403
v -0.700000 -0.300000 -0.629094
v -0.700000 -0.366667 -0.593201
v -0.700000 -0.433333 -0.547021
v -0.700000 -0.500000 -0.487656
v -0.700000 -0.566667 -0.409398
v -0.700000 -0.633333 -0.297700
v -0.633333 -0.700000 -0.299611
v -0.566667 -0.700000 -0.412028
v -0.500000 -0.700000 -0.490795
v -0.433333 -0.700000 -0.550543
v -0.366667 -0.700000 -0.597020
v -0.300000 -0.700000 -0.633149
v -0.233333 -0.700000 -0.660630
v -0.166667 -0.700000 -0.680514
v -0.100000 -0.700000 -0.693453
v -0.033333 -0.700000 -0.699833
v 0.033333 -0.700000 -0.699833
v 0.100000 -0.700000 -0.693453
v 0.166667 -0.700000 -0.680515
v 0.233333 -0.700000 -0.660631
v 0.300000 -0.700000 -0.633149
v 0.366667 -0.700000 -0.597021
v 0.433333 -0.700000 -0.550544
v 0.500000 -0.700000 -0.490796
v 0.566667 -0.700000 -0.412029
v 0.633333 -0.700000 -0.299612
v 0.700000 -0.633333 -0.297702
v 0.700000 -0.566667 -0.409399
v 0.700000 -0.500000 -0.487657
v 0.700000 -0.433333 -0.547022
v 0.700000 -0.366667 -0.593202
v 0.700000 -0.300000 -0.629095
v 0.700000 -0.233333 -0.656404
v 0.700000 -0.166667 -0.676164
v 0.700000 -0.100000 -0.689015
v 0.700000 -0.033333 -0.695359
v 0.700000 0.033333 -0.695359
v 0.700000 0.100000 -0.689015
v 0.700000 0.166667 -0.676164
v 0.700000 0.233333 -0.656404
v 0.700000 0.300000 -0.629095
v 0.700000 0.366667 -0.593202
v 0.700000 0.433333 -0.547022
v 0.700000 0.500000 -0.487657
v 0.700000 0.566667 -0.409399
v 0.700000 0.633333 -0.297702
v 0.633333 0.700000 -0.299612
v 0.566667 0.700000 -0.412029
v 0.500000 0.700000 -0.490796
v 0.433333 0.700000 -0.550544
v 0.366667 0.700000 -0.597021
v 0.300000 0.700000 -0.633149
v 0.233333 0.700000 -0.660631
v 0.166667 0.700000 -0.680515
v 0.100000 0.700000 -0.693453
v 0.033333 0.700000 -0.699833
v -0.033333 0.700000 -0.699833
v -0.100000 0.700000 -0.693453
v -0.166667 0.700000 -0.680514
v -0.233333 0.700000 -0.660630
v -0.300000 0.700000 -0.633149
v -0.366667 0.700000 -0.597020
v -0.433333 0.700000 -0.550543
v -0.500000 0.700000 -0.490795
v -0.566667 0.700000 -0.412028
v -0.633333 0.700000 -0.299611
v -0.633333 -0.633333 -0.421324
v -0.633333 -0.566667 -0.506453
v -0.633333 -0.500000 -0.571572
v -0.633333 -0.433333 -0.622997
v -0.633333 -0.366667 -0.663913
v -0.633333 -0.300000 -0.696167
v -0.633333 -0.233333 -0.720939
v -0.633333 -0.166667 -0.738973
v -0.633333 -0.100000 -0.750748
v -0.633333 -0.033333 -0.756574
v -0.633333 0.033333 -0.756574
v -0.633333 0.100000 -0.750748
v -0.633333 0.166667 -0.738972
v -0.633333 0.233333 -0.720939
v -0.633333 0.300000 -0.696167
v -0.633333 0.366667 -0.663913
v -0.633333 0.433333 -0.622997
v -0.633333 0.500000 -0.571572
v -0.633333 0.566666 -0.506453
v -0.633333 0.633333 -0.421324
v -0.566667 -0.633333 -0.507456
v -0.566667 -0.566667 -0.580086
v -0.566667 -0.500000 -0.637726
v -0.566667 -0.433333 -0.684192
v -0.566667 -0.366667 -0.721649
v -0.566667 -0.300000 -0.751431
v -0.566667 -0.233333 -0.774438
v -0.566667 -0.166667 -0.791254
v -0.566667 -0.100000 -0.802264
v -0.566667 -0.033333 -0.807719
v -0.566667 0.033333 -0.807719
v -0.566667 0.100000 -0.802264
v -0.566667 0.166667 -0.791254
v -0.566667 0.233333 -0.774438
v -0.566667 0.300000 -0.751431
v -0.566667 0.366667 -0.721649
v -0.566667 0.433333 -0.684192
v -0.566667 0.500000 -0.637726
v -0.566667 0.566666 -0.580085
v -0.566667 0.633333 -0.507456
v -0.500000 -0.633333 -0.573255
v -0.500000 -0.566667 -0.638440
v -0.500000 -0.500000 -0.691236
v -0.500000 -0.433333 -0.734327
v -0.500000 -0.366667 -0.769346
v -0.500000 -0.300000 -0.797347
v -0.500000 -0.233333 -0.819063
v -0.500000 -0.166667 -0.834981
v -0.500000 -0.100000 -0.845421
v -0.500000 -0.033333 -0.850598
v -0.500000 0.033333 -0.850598
v -0.500000 0.100000 -0.845421
v -0.500000 0.166667 -0.834981
v -0.500000 0.233333 -0.819063
v -0.500000 0.300000 -0.797347
v -0.500000 0.366667 -0.769346
v -0.500000 0.433333 -0.734328
v -0.500000 0.500000 -0.691236
v -0.500000 0.566666 -0.638440
v -0.500000 0.633333 -0.573255
v -0.433333 -0.633333 -0.625177
v -0.433333 -0.566667 -0.685443
v -0.433333 -0.500000 -0.734865
v -0.433333 -0.433333 -0.775535
v -0.433333 -0.366667 -0.808770
v -0.433333 -0.300000 -0.835453
v -0.433333 -0.233333 -0.856203
v -0.433333 -0.166667 -0.871443
v -0.433333 -0.100000 -0.881453
v -0.433333 -0.033333 -0.886419
v -0.433333 0.033333 -0.886419
v -0.433333 0.100000 -0.881453
v -0.433333 0.166667 -0.871443
v -0.433333 0.233333 -0.856203
v -0.433333 0.300000 -0.835453
v -0.433333 0.366667 -0.808770
v -0.433333 0.433333 -0.775535
v -0.433333 0.500000 -0.734865
v -0.433333 0.566667 -0.685443
v -0.433333 0.633333 -0.625177
v -0.366667 -0.633333 -0.666466
v -0.366667 -0.566667 -0.723299
v -0.366667 -0.500000 -0.770299
v -0.366667 -0.433333 -0.809191
v -0.366667 -0.366667 -0.841100
v -0.366667 -0.300000 -0.866787
v -0.366667 -0.233333 -0.886805
v -0.366667 -0.166667 -0.901528
v -0.366667 -0.100000 -0.911206
v -0.366667 -0.033333 -0.916012
v -0.366667 0.033333 -0.916012
v -0.366667 0.100000 -0.911206
v -0.366667 0.166667 -0.901528
v -0.366667 0.233333 -0.886805
v -0.366667 0.300000 -0.866787
v -0.366667 0.366667 -0.841100
v -0.366667 0.433333 -0.809191
v -0.366667 0.500000 -0.770299
v -0.366667 0.566667 -0.723299
v -0.366667 0.633333 -0.666466
v -0.300000 -0.633333 -0.699017
v -0.300000 -0.566667 -0.753399
v -0.300000 -0.500000 -0.798628
v -0.300000 -0.433333 -0.836202
v -0.300000 -0.366667 -0.867115
v -0.300000 -0.300000 -0.892053
v -0.300000 -0.233333 -0.911516
v -0.300000 -0.166667 -0.925846
v -0.300000 -0.100000 -0.935272
v -0.300000 -0.033333 -0.939955
v -0.300000 0.033333 -0.939955
v -0.300000 0.100000 -0.935272
v -0.300000 0.166667 -0.925846
v -0.300000 0.233333 -0.911516
v -0.300000 0.300000 -0.892053
v -0.300000 0.366667 -0.867115
v -0.300000 0.433333 -0.836202
v -0.300000 0.500000 -0.798629
v -0.300000 0.566667 -0.753399
v -0.300000 0.633333 -0.699017
v -0.233333 -0.633333 -0.724000
v -0.233333 -0.566667 -0.776634
v -0.233333 -0.500000 -0.820584
v -0.233333 -0.433333 -0.857197
v -0.233333 -0.366667 -0.887380
v -0.233333 -0.300000 -0.911765
v -0.233333 -0.233333 -0.930817
v -0.233333 -0.166667 -0.944854
v -0.233333 -0.100000 -0.954093
v -0.233333 -0.033333 -0.958684
v -0.233333 0.033333 -0.958684
v -0.233333 0.100000 -0.954093
v -0.233333 0.166667 -0.944854
v -0.233333 0.233333 -0.930817
v -0.233333 0.300000 -0.911765
v -0.233333 0.366667 -0.887380
v -0.233333 0.433333 -0.857197
v -0.233333 0.500000 -0.820584
v -0.233333 0.566667 -0.776635
v -0.233333 0.633333 -0.724000
v -0.166667 -0.633333 -0.742191
v -0.166667 -0.566667 -0.793620
v -0.166667 -0.500000 -0.836679
v -0.166667 -0.433333 -0.872616
v -0.166667 -0.366667 -0.902283
v -0.166667 -0.300000 -0.926276
v -0.166667 -0.233333 -0.945035
v -0.166667 -0.166667 -0.958863
v -0.166667 -0.100000 -0.967968
v -0.166667 -0.033333 -0.972493
v -0.166667 0.033333 -0.972493
v -0.166667 0.100000 -0.967968
v -0.166667 0.166667 -0.958863
v -0.166667 0.233333 -0.945035
v -0.166667 0.300000 -0.926276
v -0.166667 0.366667 -0.902283
v -0.166667 0.433333 -0.872616
v -0.166667 0.500000 -0.836679
v -0.166667 0.566667 -0.793620
v -0.166667 0.633333 -0.742191
v -0.100000 -0.633333 -0.754070
v -0.100000 -0.566667 -0.804739
v -0.100000 -0.500000 -0.847233
v -0.100000 -0.433333 -0.882741
v -0.100000 -0.366667 -0.912078
v -0.100000 -0.300000 -0.935819
v -0.100000 -0.233333 -0.954391
v -0.100000 -0.166667 -0.968085
v -0.100000 -0.100000 -0.977105
v -0.100000 -0.033333 -0.981589
v -0.100000 0.033333 -0.981589
v -0.100000 0.100000 -0.977105
v -0.100000 0.166667 -0.968086
v -0.100000 0.233333 -0.954391
v -0.100000 0.300000 -0.935819
v -0.100000 0.366667 -0.912078
v -0.100000 0.433333 -0.882741
v -0.100000 0.500000 -0.847233
v -0.100000 0.566667 -0.804740
v -0.100000 0.633333 -0.754071
v -0.033333 -0.633333 -0.759942
v -0.033333 -0.566667 -0.810245
v -0.033333 -0.500000 -0.852464
v -0.033333 -0.433333 -0.887763
v -0.033333 -0.366667 -0.916941
v -0.033333 -0.300000 -0.940559
v -0.033333 -0.233333 -0.959039
v -0.033333 -0.166667 -0.972669
v -0.033333 -0.100000 -0.981647
v -0.033333 -0.033333 -0.986109
v -0.033333 0.033333 -0.986109
v -0.033333 0.100000 -0.981646
v -0.033333 0.166667 -0.972669
v -0.033333 0.233333 -0.959039
v -0.033333 0.300000 -0.940559
v -0.033333 0.366667 -0.916941
v -0.033333 0.433333 -0.887764
v -0.033333 0.500000 -0.852465
v -0.033333 0.566667 -0.810245
v -0.033333 0.633333 -0.759942
v 0.033333 -0.633333 -0.759942
v 0.033333 -0.566667 -0.810245
v 0.033333 -0.500000 -0.852464
v 0.033333 -0.433333 -0.887763
v 0.033333 -0.366667 -0.916941
v 0.033333 -0.300000 -0.940559
v 0.033333 -0.233333 -0.959039
v 0.033333 -0.166667 -0.972669
v 0.033333 -0.100000 -0.981647
v 0.033333 -0.033333 -0.986109
v 0.033333 0.033333 -0.986109
v 0.033333 0.100000 -0.981647
v 0.033333 0.166667 -0.972669
v 0.033333 0.233333 -0.959039
v 0.033333 0.300000 -0.940559
v 0.033333 0.366667 -0.916941
v 0.033333 0.433333 -0.887764
v 0.033333 0.500000 -0.852465
v 0.033333 0.566667 -0.810245
v 0.033333 0.633333 -0.759942
v 0.100000 -0.633333 -0.754071
v 0.100000 -0.566667 -0.804740
v 0.100000 -0.500000 -0.847233
v 0.100000 -0.433333 -0.882741
v 0.100000 -0.366667 -0.912078
v 0.100000 -0.300000 -0.935820
v 0.100000 -0.233333 -0.954392
v 0.100000 -0.166667 -0.968086
v 0.100000 -0.100000 -0.977105
v 0.100000 -0.033333 -0.981589
v 0.100000 0.033333 -0.981589
v 0.100000 0.100000 -0.977106
v 0.100000 0.166667 -0.968086
v 0.100000 0.233333 -0.954392
v 0.100000 0.300000 -0.935820
v 0.100000 0.366667 -0.912078
v 0.100000 0.433333 -0.882741
v 0.100000 0.500000 -0.847233
v 0.100000 0.566667 -0.804740
v 0.100000 0.633333 -0.754071
v 0.166667 -0.633333 -0.742191
v 0.166667 -0.566667 -0.793620
v 0.166667 -0.500000 -0.836679
v 0.166667 -0.433333 -0.872616
v 0.166667 -0.366667 -0.902283
v 0.166667 -0.300000 -0.926277
v 0.166667 -0.233333 -0.945035
v 0.166667 -0.166667 -0.958864
v 0.166667 -0.100000 -0.967968
v 0.166667 -0.033333 -0.972494
v 0.166667 0.033333 -0.972494
v 0.166667 0.100000 -0.967968
v 0.166667 0.166667 -0.958864
v 0.166667 0.233333 -0.945035
v 0.166667 0.300000 -0.926277
v 0.166667 0.366667 -0.902283
v 0.166667 0.433333 -0.872616
v 0.166667 0.500000 -0.836680
v 0.166667 0.566667 -0.793620
v 0.166667 0.633333 -0.742191
v 0.233333 -0.633333 -0.724001
v 0.233333 -0.566667 -0.776635
v 0.233333 -0.500000 -0.820585
v 0.233333 -0.433333 -0.857198
v 0.233333 -0.366667 -0.887381
v 0.233333 -0.300000 -0.911766
v 0.233333 -0.233333 -0.930818
v 0.233333 -0.166667 -0.944855
v 0.233333 -0.100000 -0.954094
v 0.233333 -0.033333 -0.958685
v 0.233333 0.033333 -0.958685
v 0.233333 0.100000 -0.954094
v 0.233333 0.166667 -0.944855
v 0.233333 0.233333 -0.930818
v 0.233333 0.300000 -0.911765
v 0.233333 0.366667 -0.887381
v 0.233333 0.433333 -0.857198
v 0.233333 0.500000 -0.820585
v 0.233333 0.566667 -0.776635
v 0.233333 0.633333 -0.724000
v 0.300000 -0.633333 -0.699017
v 0.300000 -0.566667 -0.753399
v 0.300000 -0.500000 -0.798629
v 0.300000 -0.433333 -0.836202
v 0.300000 -0.366667 -0.867115
v 0.300000 -0.300000 -0.892054
v 0.300000 -0.233333 -0.911517
v 0.300000 -0.166667 -0.925847
v 0.300000 -0.100000 -0.935273
v 0.300000 -0.033333 -0.939955
v 0.300000 0.033333 -0.939955
v 0.300000 0.100000 -0.935273
v 0.300000 0.166667 -0.925847
v 0.300000 0.233333 -0.911517
v 0.300000 0.300000 -0.892054
v 0.300000 0.366667 -0.867115
v 0.300000 0.433333 -0.836202
v 0.300000 0.500000 -0.798629
v 0.300000 0.566667 -0.753399
v 0.300000 0.633333 -0.699018
v 0.366667 -0.633333 -0.666466
v 0.366667 -0.566667 -0.723300
v 0.366667 -0.500000 -0.770300
v 0.366667 -0.433333 -0.809192
v 0.366667 -0.366667 -0.841101
v 0.366667 -0.300000 -0.866787
v 0.366667 -0.233333 -0.886806
v 0.366667 -0.166667 -0.901529
v 0.366667 -0.100000 -0.911207
v 0.366667 -0.033333 -0.916013
v 0.366667 0.033333 -0.916013
v 0.366667 0.100000 -0.911207
v 0.366667 0.166667 -0.901529
v 0.366667 0.233333 -0.886806
v 0.366667 0.300000 -0.866787
v 0.366667 0.366667 -0.841101
v 0.366667 0.433333 -0.809192
v 0.366667 0.500000 -0.770300
v 0.366667 0.566667 -0.723300
v 0.366667 0.633333 -0.666466
v 0.433333 -0.633333 -0.625178
v 0.433333 -0.566667 -0.685443
v 0.433333 -0.500000 -0.734866
v 0.433333 -0.433333 -0.775535
v 0.433333 -0.366667 -0.808770
v 0.433333 -0.300000 -0.835453
v 0.433333 -0.233333 -0.856204
v 0.433333 -0.166667 -0.871444
v 0.433333 -0.100000 -0.881453
v 0.433333 -0.033333 -0.886420
v 0.433333 0.033333 -0.886420
v 0.433333 0.100000 -0.881454
v 0.433333 0.166667 -0.871444
v 0.433333 0.233333 -0.856204
v 0.433333 0.300000 -0.835453
v 0.433333 0.366667 -0.808770
v 0.433333 0.433333 -0.775535
v 0.433333 0.500000 -0.734866
v 0.433333 0.566667 -0.685443
v 0.433333 0.633333 -0.625178
v 0.500000 -0.633333 -0.573256
v 0.500000 -0.566667 -0.638441
v 0.500000 -0.500000 -0.691237
v 0.500000 -0.433333 -0.734328
v 0.500000 -0.366667 -0.769347
v 0.500000 -0.300000 -0.797348
v 0.500000 -0.233333 -0.819064
v 0.500000 -0.166667 -0.834982
v 0.500000 -0.100000 -0.845422
v 0.500000 -0.033333 -0.850599
v 0.500000 0.033333 -0.850599
v 0.500000 0.100000 -0.845422
v 0.500000 0.166667 -0.834982
v 0.500000 0.233333 -0.819064
v 0.500000 0.300000 -0.797348
v 0.500000 0.366667 -0.769347
v 0.500000 0.433333 -0.734328
v 0.500000 0.500000 -0.691237
v 0.500000 0.566666 -0.638441
v 0.500000 0.633333 -0.573256
v 0.566667 -0.633333 -0.507457
v 0.566667 -0.566667 -0.580086
v 0.566667 -0.500000 -0.637726
v 0.566667 -0.433333 -0.684193
v 0.566667 -0.366667 -0.721650
v 0.566667 -0.300000 -0.751432
v 0.566667 -0.233333 -0.774439
v 0.566667 -0.166667 -0.791255
v 0.566667 -0.100000 -0.802265
v 0.566667 -0.033333 -0.807720
v 0.566667 0.033333 -0.807720
v 0.566667 0.100000 -0.802265
v 0.566667 0.166667 -0.791255
v 0.566667 0.233333 -0.774439
v 0.566667 0.300000 -0.751431
v 0.566667 0.366667 -0.721650
v 0.566667 0.433333 -0.684193
v 0.566667 0.500000 -0.637726
v 0.566667 0.566666 -0.580086
v 0.566667 0.633333 -0.507457
v 0.633333 -0.633333 -0.421325
v 0.633333 -0.566667 -0.506454
v 0.633333 -0.500000 -0.571573
v 0.633333 -0.433333 -0.622998
v 0.633333 -0.366667 -0.663914
v 0.633333 -0.300000 -0.696168
v 0.633333 -0.233333 -0.720940
v 0.633333 -0.166667 -0.738973
v 0.633333 -0.100000 -0.750749
v 0.633333 -0.033333 -0.756575
v 0.633333 0.033333 -0.756575
v 0.633333 0.100000 -0.750749
v 0.633333 0.166667 -0.738973
v 0.633333 0.233333 -0.720940
v 0.633333 0.300000 -0.696168
v 0.633333 0.366667 -0.663914
v 0.633333 0.433333 -0.622998
v 0.633333 0.500000 -0.571573
v 0.633333 0.566666 -0.506454
v 0.633333 0.633333 -0.421325
v -0.700000 -0.650000 -0.259824
v -0.700000 -0.666667 -0.214113
v -0.700000 -0.683333 -0.153748
v 0.650000 -0.700000 -0.261495
v 0.666667 -0.700000 -0.215482
v 0.683333 -0.700000 -0.154708
v 0.700000 0.650000 -0.259826
v 0.700000 0.666667 -0.214115
v 0.700000 0.683333 -0.153749
v -0.650000 0.700000 -0.261494
v -0.666667 0.700000 -0.215481
v -0.683333 0.700000 -0.154707
v -0.700000 0.683333 -0.153748
v -0.700000 0.666667 -0.214113
v -0.700000 0.650000 -0.259824
v -0.700000 0.616667 -0.330440
v -0.700000 0.600000 -0.359455
v -0.700000 0.583333 -0.385592
v -0.700000 0.550000 -0.431258
v -0.700000 0.533333 -0.451450
v -0.700000 0.516667 -0.470194
v -0.700000 0.483333 -0.503968
v -0.700000 0.466667 -0.519244
v -0.700000 0.450000 -0.533569
v -0.700000 0.416667 -0.559660
v -0.700000 0.400000 -0.571541
v -0.700000 0.383333 -0.582707
v -0.700000 0.350000 -0.603057
v -0.700000 0.333333 -0.612306
v -0.700000 0.316667 -0.620977
v -0.700000 0.283333 -0.636676
v -0.700000 0.266667 -0.643745
v -0.700000 0.250000 -0.650318
v -0.700000 0.216667 -0.662022
v -0.700000 0.200000 -0.667182
v -0.700000 0.183333 -0.671890
v -0.700000 0.150000 -0.680002
v -0.700000 0.133333 -0.683422
v -0.700000 0.116667 -0.686423
v -0.700000 0.083333 -0.691201
v -0.700000 0.066667 -0.692984
v -0.700000 0.050000 -0.694368
v -0.700000 0.016667 -0.695950
v -0.700000 0.000000 -0.696149
v -0.700000 -0.016667 -0.695950
v -0.700000 -0.050000 -0.694368
v -0.700000 -0.066667 -0.692984
v -0.700000 -0.083333 -0.691201
v -0.700000 -0.116667 -0.686423
v -0.700000 -0.133333 -0.683422
v -0.700000 -0.150000 -0.680002
v -0.700000 -0.183333 -0.671890
v -0.700000 -0.200000 -0.667182
v -0.700000 -0.216667 -0.662022
v -0.700000 -0.250000 -0.650318
v -0.700000 -0.266667 -0.643745
v -0.700000 -0.283333 -0.636676
v -0.700000 -0.316667 -0.620977
v -0.700000 -0.333333 -0.612306
v -0.700000 -0.350000 -0.603057
v -0.700000 -0.383333 -0.582707
v -0.700000 -0.400000 -0.571541
v -0.700000 -0.416667 -0.559660
v -0.700000 -0.450000 -0.533569
v -0.700000 -0.466667 -0.519244
v -0.700000 -0.483333 -0.503968
v -0.700000 -0.516667 -0.470194
v -0.700000 -0.533333 -0.451450
v -0.700000 -0.550000 -0.431258
v -0.700000 -0.583333 -0.385592
v -0.700000 -0.600000 -0.359456
v -0.700000 -0.616667 -0.330440
v -0.683333 -0.700000 -0.154707
v -0.666667 -0.700000 -0.215481
v -0.650000 -0.700000 -0.261494
v -0.616667 -0.700000 -0.332563
v -0.600000 -0.700000 -0.361770
v -0.583333 -0.700000 -0.388074
v -0.550000 -0.700000 -0.434023
v -0.533333 -0.700000 -0.454348
v -0.516667 -0.700000 -0.473216
v -0.483333 -0.700000 -0.507216
v -0.466667 -0.700000 -0.522589
v -0.450000 -0.700000 -0.537006
v -0.416667 -0.700000 -0.563264
v -0.400000 -0.700000 -0.575221
v -0.383333 -0.700000 -0.586459
v -0.350000 -0.700000 -0.606940
v -0.333333 -0.700000 -0.616250
v -0.316667 -0.700000 -0.624979
v -0.283333 -0.700000 -0.640781
v -0.266667 -0.700000 -0.647895
v -0.250000 -0.700000 -0.654507
v -0.216667 -0.700000 -0.666281
v -0.200000 -0.700000 -0.671472
v -0.183333 -0.700000 -0.676214
v -0.150000 -0.700000 -0.684382
v -0.133333 -0.700000 -0.687824
v -0.116667 -0.700000 -0.690845
v -0.083333 -0.700000 -0.695652
v -0.066667 -0.700000 -0.697447
v -0.050000 -0.700000 -0.698839
v -0.016667 -0.700000 -0.700429
v -0.000000 -0.700000 -0.700628
v 0.016667 -0.700000 -0.700429
v 0.050000 -0.700000 -0.698839
v 0.066667 -0.700000 -0.697447
v 0.083333 -0.700000 -0.695652
v 0.116667 -0.700000 -0.690845
v 0.133333 -0.700000 -0.687824
v 0.150000 -0.700000 -0.684382
v 0.183333 -0.700000 -0.676214
v 0.200000 -0.700000 -0.671473
v 0.216667 -0.700000 -0.666282
v 0.250000 -0.700000 -0.654507
v 0.266667 -0.700000 -0.647896
v 0.283333 -0.700000 -0.640782
v 0.316667 -0.700000 -0.624979
v 0.333333 -0.700000 -0.616251
v 0.350000 -0.700000 -0.606940
v 0.383333 -0.700000 -0.586460
v 0.400000 -0.700000 -0.575222
v 0.416667 -0.700000 -0.563264
v 0.450000 -0.700000 -0.537007
v 0.466667 -0.700000 -0.522589
v 0.483333 -0.700000 -0.507216
v 0.516667 -0.700000 -0.473216
v 0.533333 -0.700000 -0.454349
v 0.550000 -0.700000 -0.434024
v 0.583333 -0.700000 -0.388075
v 0.600000 -0.700000 -0.361771
v 0.616667 -0.700000 -0.332564
v 0.700000 -0.683333 -0.153749
v 0.700000 -0.666667 -0.214115
v 0.700000 -0.650000 -0.259826
v 0.700000 -0.616667 -0.330441
v 0.700000 -0.600000 -0.359457
v 0.700000 -0.583333 -0.385593
v 0.700000 -0.550000 -0.431259
v 0.700000 -0.533333 -0.451451
v 0.700000 -0.516667 -0.470195
v 0.700000 -0.483333 -0.503969
v 0.700000 -0.466667 -0.519245
v 0.700000 -0.450000 -0.533570
v 0.700000 -0.416667 -0.559661
v 0.700000 -0.400000 -0.571541
v 0.700000 -0.383333 -0.582708
v 0.700000 -0.350000 -0.603057
v 0.700000 -0.333333 -0.612307
v 0.700000 -0.316667 -0.620978
v 0.700000 -0.283333 -0.636677
v 0.700000 -0.266667 -0.643745
v 0.700000 -0.250000 -0.650319
v 0.700000 -0.216667 -0.662023
v 0.700000 -0.200000 -0.667183
v 0.700000 -0.183333 -0.671891
v 0.700000 -0.150000 -0.680003
v 0.700000 -0.133333 -0.683423
v 0.700000 -0.116667 -0.686424
v 0.700000 -0.083333 -0.691202
v 0.700000 -0.066667 -0.692985
v 0.700000 -0.050000 -0.694369
v 0.700000 -0.016667 -0.695951
v 0.700000 0.000000 -0.696150
v 0.700000 0.016667 -0.695951
v 0.700000 0.050000 -0.694369
v 0.700000 0.066667 -0.692985
v 0.700000 0.083333 -0.691202
v 0.700000 0.116667 -0.686424
v 0.700000 0.133333 -0.683423
v 0.700000 0.150000 -0.680003
v 0.700000 0.183333 -0.671891
v 0.700000 0.200000 -0.667183
v 0.700000 0.216667 -0.662023
v 0.700000 0.250000 -0.650319
v 0.700000 0.266667 -0.643745
v 0.700000 0.283333 -0.636677
v 0.700000 0.316667 -0.620978
v 0.700000 0.333333 -0.612307
v 0.700000 0.350000 -0.603057
v 0.700000 0.383333 -0.582708
v 0.700000 0.400000 -0.571541
v 0.700000 0.416667 -0.559661
v 0.700000 0.450000 -0.533570
v 0.700000 0.466667 -0.519245
v 0.700000 0.483333 -0.503969
v 0.700000 0.516667 -0.470195
v 0.700000 0.533333 -0.451451
v 0.700000 0.550000 -0.431259
v 0.700000 0.583333 -0.385593
v 0.700000 0.600000 -0.359457
v 0.700000 0.616667 -0.330441
v 0.683333 0.700000 -0.154708
v 0.666667 0.700000 -0.215482
v 0.650000 0.700000 -0.261495
v 0.616667 0.700000 -0.332564
v 0.600000 0.700000 -0.361771
v 0.583333 0.700000 -0.388075
v 0.550000 0.700000 -0.434024
v 0.533333 0.700000 -0.454349
v 0.516667 0.700000 -0.473216
v 0.483333 0.700000 -0.507216
v 0.466667 0.700000 -0.522589
v 0.450000 0.700000 -0.537006
v 0.416667 0.700000 -0.563264
v 0.400000 0.700000 -0.575222
v 0.383333 0.700000 -0.586460
v 0.350000 0.700000 -0.606940
v 0.333333 0.700000 -0.616251
v 0.316667 0.700000 -0.624979
v 0.283333 0.700000 -0.640782
v 0.266667 0.700000 -0.647896
v 0.250000 0.700000 -0.654507
v 0.216667 0.700000 -0.666282
v 0.200000 0.700000 -0.671473
v 0.183333 0.700000 -0.676214
v 0.150000 0.700000 -0.684382
v 0.133333 0.700000 -0.687824
v 0.116667 0.700000 -0.690845
v 0.083333 0.700000 -0.695652
v 0.066667 0.700000 -0.697447
v 0.050000 0.700000 -0.698839
v 0.016667 0.700000 -0.700429
v 0.000000 0.700000 -0.700629
v -0.016667 0.700000 -0.700429
v -0.050000 0.700000 -0.698839
v -0.066667 0.700000 -0.697447
v -0.083333 0.700000 -0.695652
v -0.116667 0.700000 -0.690845
v -0.133333 0.700000 -0.687823
v -0.150000 0.700000 -0.684382
v -0.183333 0.700000 -0.676214
v -0.200000 0.700000 -0.671472
v -0.216667 0.700000 -0.666281
v -0.250000 0.700000 -0.654507
v -0.266667 0.700000 -0.647895
v -0.283333 0.700000 -0.640781
v -0.316667 0.700000 -0.624979
v -0.333333 0.700000 -0.616250
v -0.350000 0.700000 -0.606940
v -0.383333 0.700000 -0.586459
v -0.400000 0.700000 -0.575221
v -0.416667 0.700000 -0.563264
v -0.450000 0.700000 -0.537006
v -0.466667 0.700000 -0.522588
v -0.483333 0.700000 -0.507216
v -0.516667 0.700000 -0.473216
v -0.533333 0.700000 -0.454348
v -0.550000 0.700000 -0.434023
v -0.583333 0.700000 -0.388074
v -0.600000 0.700000 -0.361770
v -0.616667 0.700000 -0.332563
v -0.633333 0.650000 -0.395472
v -0.633333 0.666667 -0.367062
v -0.633333 0.683333 -0.335446
v -0.633333 -0.683333 -0.335446
v -0.633333 -0.666667 -0.367062
v -0.633333 -0.650000 -0.395472
v -0.633333 -0.616667 -0.445063
v -0.633333 -0.600000 -0.467012
v -0.633333 -0.583333 -0.487412
v -0.633333 -0.550000 -0.524278
v -0.633333 -0.533333 -0.541009
v -0.633333 -0.516667 -0.556747
v -0.633333 -0.483333 -0.585553
v -0.633333 -0.466667 -0.598752
v -0.633333 -0.450000 -0.611219
v -0.633333 -0.416667 -0.634125
v -0.633333 -0.400000 -0.644635
v -0.633333 -0.383333 -0.654555
v -0.633333 -0.350000 -0.672733
v -0.633333 -0.333333 -0.681037
v -0.633333 -0.316667 -0.688842
v -0.633333 -0.283333 -0.703027
v -0.633333 -0.266667 -0.709432
v -0.633333 -0.250000 -0.715401
v -0.633333 -0.216667 -0.726056
v -0.633333 -0.200000 -0.730763
v -0.633333 -0.183333 -0.735065
v -0.633333 -0.150000 -0.742486
v -0.633333 -0.133333 -0.745618
v -0.633333 -0.116667 -0.748371
v -0.633333 -0.083333 -0.752755
v -0.633333 -0.066667 -0.754393
v -0.633333 -0.050000 -0.755664
v -0.633333 -0.016667 -0.757118
v -0.633333 0.000000 -0.757301
v -0.633333 0.016667 -0.757118
v -0.633333 0.050000 -0.755664
v -0.633333 0.066667 -0.754393
v -0.633333 0.083333 -0.752755
v -0.633333 0.116667 -0.748371
v -0.633333 0.133333 -0.745618
v -0.633333 0.150000 -0.742486
v -0.633333 0.183333 -0.735065
v -0.633333 0.200000 -0.730763
v -0.633333 0.216667 -0.726056
v -0.633333 0.250000 -0.715401
v -0.633333 0.266667 -0.709432
v -0.633333 0.283333 -0.703027
v -0.633333 0.316667 -0.688842
v -0.633333 0.333333 -0.681037
v -0.633333 0.350000 -0.672733
v -0.633333 0.383333 -0.654555
v -0.633333 0.400000 -0.644635
v -0.633333 0.416667 -0.634125
v -0.633333 0.450000 -0.611219
v -0.633333 0.466667 -0.598752
v -0.633333 0.483333 -0.585553
v -0.633333 0.516667 -0.556747
v -0.633333 0.533333 -0.541009
v -0.633333 0.550000 -0.524278
v -0.633333 0.583333 -0.487412
v -0.633333 0.600000 -0.467012
v -0.633333 0.616667 -0.445063
v -0.566667 0.650000 -0.486205
v -0.566667 0.666667 -0.463393
v -0.566667 0.683333 -0.438776
v -0.566667 -0.683333 -0.438776
v -0.566667 -0.666667 -0.463393
v -0.566667 -0.650000 -0.486205
v -0.566667 -0.616667 -0.527333
v -0.566667 -0.600000 -0.545987
v -0.566667 -0.583333 -0.563538
v -0.566667 -0.550000 -0.595712
v -0.566667 -0.533333 -0.610488
v -0.566667 -0.516667 -0.624474
v -0.566667 -0.483333 -0.650284
v -0.566667 -0.466667 -0.662193
v -0.566667 -0.450000 -0.673487
v -0.566667 -0.416667 -0.694340
v -0.566667 -0.400000 -0.703952
v -0.566667 -0.383333 -0.713048
v -0.566667 -0.350000 -0.729771
v -0.566667 -0.333333 -0.737433
v -0.566667 -0.316667 -0.744649
v -0.566667 -0.283333 -0.757790
v -0.566667 -0.266667 -0.763738
v -0.566667 -0.250000 -0.769286
v -0.566667 -0.216667 -0.779206
v -0.566667 -0.200000 -0.783594
v -0.566667 -0.183333 -0.787606
v -0.566667 -0.150000 -0.794539
v -0.566667 -0.133333 -0.797466
v -0.566667 -0.116667 -0.800040
v -0.566667 -0.083333 -0.804143
v -0.566667 -0.066667 -0.805677
v -0.566667 -0.050000 -0.806867
v -0.566667 -0.016667 -0.808228
v -0.566667 0.000000 -0.808400
v -0.566667 0.016667 -0.808228
v -0.566667 0.050000 -0.806867
v -0.566667 0.066667 -0.805677
v -0.566667 0.083333 -0.804143
v -0.566667 0.116667 -0.800040
v -0.566667 0.133333 -0.797466
v -0.566667 0.150000 -0.794539
v -0.566667 0.183333 -0.787607
v -0.566667 0.200000 -0.783594
v -0.566667 0.216667 -0.779206
v -0.566667 0.250000 -0.769286
v -0.566667 0.266667 -0.763739
v -0.566667 0.283333 -0.757790
v -0.566667 0.316667 -0.744649
v -0.566667 0.333333 -0.737433
v -0.566667 0.350000 -0.729771
v -0.566667 0.383333 -0.713048
v -0.566667 0.400000 -0.703952
v -0.566667 0.416667 -0.694340
v -0.566667 0.450000 -0.673487
v -0.566667 0.466667 -0.662193
v -0.566667 0.483333 -0.650284
v -0.566667 0.516667 -0.624474
v -0.566667 0.533333 -0.610488
v -0.566667 0.550000 -0.595712
v -0.566667 0.583333 -0.563538
v -0.566667 0.600000 -0.545987
v -0.566667 0.616666 -0.527333
v -0.500000 0.650000 -0.554533
v -0.500000 0.666667 -0.534647
v -0.500000 0.683333 -0.513457
v -0.500000 -0.683333 -0.513457
v -0.500000 -0.666667 -0.534647
v -0.500000 -0.650000 -0.554533
v -0.500000 -0.616667 -0.590922
v -0.500000 -0.600000 -0.607625
v -0.500000 -0.583333 -0.623442
v -0.500000 -0.550000 -0.652672
v -0.500000 -0.533333 -0.666186
v -0.500000 -0.516667 -0.679029
v -0.500000 -0.483333 -0.702840
v -0.500000 -0.466667 -0.713874
v -0.500000 -0.450000 -0.724362
v -0.500000 -0.416667 -0.743792
v -0.500000 -0.400000 -0.752772
v -0.500000 -0.383333 -0.761284
v -0.500000 -0.350000 -0.776969
v -0.500000 -0.333333 -0.784171
v -0.500000 -0.316667 -0.790959
v -0.500000 -0.283333 -0.803342
v -0.500000 -0.266667 -0.808954
v -0.500000 -0.250000 -0.814194
v -0.500000 -0.216667 -0.823572
v -0.500000 -0.200000 -0.827725
v -0.500000 -0.183333 -0.831524
v -0.500000 -0.150000 -0.838092
v -0.500000 -0.133333 -0.840869
v -0.500000 -0.116667 -0.843309
v -0.500000 -0.083333 -0.847203
v -0.500000 -0.066667 -0.848659
v -0.500000 -0.050000 -0.849789
v -0.500000 -0.016667 -0.851082
v -0.500000 0.000000 -0.851245
v -0.500000 0.016667 -0.851082
v -0.500000 0.050000 -0.849789
v -0.500000 0.066667 -0.848659
v -0.500000 0.083333 -0.847203
v -0.500000 0.116667 -0.843309
v -0.500000 0.133333 -0.840869
v -0.500000 0.150000 -0.838093
v -0.500000 0.183333 -0.831525
v -0.500000 0.200000 -0.827726
v -0.500000 0.216667 -0.823572
v -0.500000 0.250000 -0.814194
v -0.500000 0.266667 -0.808955
v -0.500000 0.283333 -0.803342
v -0.500000 0.316667 -0.790959
v -0.500000 0.333333 -0.784171
v -0.500000 0.350000 -0.776970
v -0.500000 0.383333 -0.761284
v -0.500000 0.400000 -0.752772
v -0.500000 0.416667 -0.743792
v -0.500000 0.450000 -0.724362
v -0.500000 0.466667 -0.713874
v -0.500000 0.483333 -0.702840
v -0.500000 0.516667 -0.679029
v -0.500000 0.533333 -0.666187
v -0.500000 0.550000 -0.652672
v -0.500000 0.583333 -0.623442
v -0.500000 0.600000 -0.607625
v -0.500000 0.616666 -0.590922
v -0.433333 0.650000 -0.608055
v -0.433333 0.666667 -0.589973
v -0.433333 0.683333 -0.570840
v -0.433333 -0.683333 -0.570840
v -0.433333 -0.666667 -0.589973
v -0.433333 -0.650000 -0.608055
v -0.433333 -0.616667 -0.641416
v -0.433333 -0.600000 -0.656838
v -0.433333 -0.583333 -0.671496
v -0.433333 -0.550000 -0.698717
v -0.433333 -0.533333 -0.711356
v -0.433333 -0.516667 -0.723396
v -0.433333 -0.483333 -0.745790
v -0.433333 -0.466667 -0.756197
v -0.433333 -0.450000 -0.766105
v -0.433333 -0.416667 -0.784500
v -0.433333 -0.400000 -0.793021
v -0.433333 -0.383333 -0.801105
v -0.433333 -0.350000 -0.816026
v -0.433333 -0.333333 -0.822885
v -0.433333 -0.316667 -0.829358
v -0.433333 -0.283333 -0.841176
v -0.433333 -0.266667 -0.846538
v -0.433333 -0.250000 -0.851545
v -0.433333 -0.216667 -0.860518
v -0.433333 -0.200000 -0.864493
v -0.433333 -0.183333 -0.868133
v -0.433333 -0.150000 -0.874426
v -0.433333 -0.133333 -0.877086
v -0.433333 -0.116667 -0.879427
v -0.433333 -0.083333 -0.883161
v -0.433333 -0.066667 -0.884558
v -0.433333 -0.050000 -0.885643
v -0.433333 -0.016667 -0.886883
v -0.433333 0.000000 -0.887040
v -0.433333 0.016667 -0.886883
v -0.433333 0.050000 -0.885643
v -0.433333 0.066667 -0.884558
v -0.433333 0.083333 -0.883161
v -0.433333 0.116667 -0.879427
v -0.433333 0.133333 -0.877086
v -0.433333 0.150000 -0.874426
v -0.433333 0.183333 -0.868133
v -0.433333 0.200000 -0.864493
v -0.433333 0.216667 -0.860518
v -0.433333 0.250000 -0.851546
v -0.433333 0.266667 -0.846538
v -0.433333 0.283333 -0.841176
v -0.433333 0.316667 -0.829358
v -0.433333 0.333333 -0.822886
v -0.433333 0.350000 -0.816026
v -0.433333 0.383333 -0.801105
v -0.433333 0.400000 -0.793021
v -0.433333 0.416667 -0.784500
v -0.433333 0.450000 -0.766105
v -0.433333 0.466667 -0.756197
v -0.433333 0.483333 -0.745790
v -0.433333 0.516667 -0.723396
v -0.433333 0.533333 -0.711356
v -0.433333 0.550000 -0.698717
v -0.433333 0.583333 -0.671496
v -0.433333 0.600000 -0.656838
v -0.433333 0.616666 -0.641416
v -0.366667 0.650000 -0.650431
v -0.366667 0.666667 -0.633562
v -0.366667 0.683333 -0.615786
v -0.366667 -0.683333 -0.615786
v -0.366667 -0.666667 -0.633562
v -0.366667 -0.650000 -0.650432
v -0.366667 -0.616667 -0.681721
v -0.366667 -0.600000 -0.696250
v -0.366667 -0.583333 -0.710096
v -0.366667 -0.550000 -0.735891
v -0.366667 -0.533333 -0.747903
v -0.366667 -0.516667 -0.759364
v -0.366667 -0.483333 -0.780730
v -0.366667 -0.466667 -0.790676
v -0.366667 -0.450000 -0.800159
v -0.366667 -0.416667 -0.817789
v -0.366667 -0.400000 -0.825965
v -0.366667 -0.383333 -0.833732
v -0.366667 -0.350000 -0.848080
v -0.366667 -0.333333 -0.854681
v -0.366667 -0.316667 -0.860914
v -0.366667 -0.283333 -0.872305
v -0.366667 -0.266667 -0.877478
v -0.366667 -0.250000 -0.882309
v -0.366667 -0.216667 -0.890971
v -0.366667 -0.200000 -0.894812
v -0.366667 -0.183333 -0.898328
v -0.366667 -0.150000 -0.904410
v -0.366667 -0.133333 -0.906984
v -0.366667 -0.116667 -0.909248
v -0.366667 -0.083333 -0.912859
v -0.366667 -0.066667 -0.914211
v -0.366667 -0.050000 -0.915261
v -0.366667 -0.016667 -0.916461
v -0.366667 0.000000 -0.916613
v -0.366667 0.016667 -0.916461
v -0.366667 0.050000 -0.915261
v -0.366667 0.066667 -0.914211
v -0.366667 0.083333 -0.912859
v -0.366667 0.116667 -0.909248
v -0.366667 0.133333 -0.906984
v -0.366667 0.150000 -0.904410
v -0.366667 0.183333 -0.898328
v -0.366667 0.200000 -0.894812
v -0.366667 0.216667 -0.890971
v -0.366667 0.250000 -0.882309
v -0.366667 0.266667 -0.877478
v -0.366667 0.283333 -0.872305
v -0.366667 0.316667 -0.860914
v -0.366667 0.333333 -0.854681
v -0.366667 0.350000 -0.848080
v -0.366667 0.383333 -0.833732
v -0.366667 0.400000 -0.825965
v -0.366667 0.416667 -0.817789
v -0.366667 0.450000 -0.800159
v -0.366667 0.466667 -0.790676
v -0.366667 0.483333 -0.780730
v -0.366667 0.516667 -0.759364
v -0.366667 0.533333 -0.747903
v -0.366667 0.550000 -0.735891
v -0.366667 0.583333 -0.710096
v -0.366667 0.600000 -0.696250
v -0.366667 0.616666 -0.681721
v -0.300000 0.650000 -0.683746
v -0.300000 0.666667 -0.667718
v -0.300000 0.683333 -0.650874
v -0.300000 -0.683333 -0.650874
v -0.300000 -0.666667 -0.667718
v -0.300000 -0.650000 -0.683746
v -0.300000 -0.616666 -0.713577
v -0.300000 -0.600000 -0.727470
v -0.300000 -0.583333 -0.740733
v -0.300000 -0.550000 -0.765496
v -0.300000 -0.533333 -0.777050
v -0.300000 -0.516667 -0.788086
v -0.300000 -0.483333 -0.808692
v -0.300000 -0.466667 -0.818299
v -0.300000 -0.450000 -0.827464
v -0.300000 -0.416667 -0.844524
v -0.300000 -0.400000 -0.852444
v -0.300000 -0.383333 -0.859970
v -0.300000 -0.350000 -0.873887
v -0.300000 -0.333333 -0.880295
v -0.300000 -0.316667 -0.886347
v -0.300000 -0.283333 -0.897416
v -0.300000 -0.266667 -0.902443
v -0.300000 -0.250000 -0.907143
v -0.300000 -0.216667 -0.915569
v -0.300000 -0.200000 -0.919307
v -0.300000 -0.183333 -0.922730
v -0.300000 -0.150000 -0.928653
v -0.300000 -0.133333 -0.931159
v -0.300000 -0.116667 -0.933364
v -0.300000 -0.083333 -0.936884
v -0.300000 -0.066667 -0.938201
v -0.300000 -0.050000 -0.939223
v -0.300000 -0.016667 -0.940392
v -0.300000 0.000000 -0.940539
v -0.300000 0.016667 -0.940392
v -0.300000 0.050000 -0.939223
v -0.300000 0.066667 -0.938201
v -0.300000 0.083333 -0.936884
v -0.300000 0.116667 -0.933364
v -0.300000 0.133333 -0.931159
v -0.300000 0.150000 -0.928653
v -0.300000 0.183333 -0.922730
v -0.300000 0.200000 -0.919307
v -0.300000 0.216667 -0.915570
v -0.300000 0.250000 -0.907143
v -0.300000 0.266667 -0.902443
v -0.300000 0.283333 -0.897416
v -0.300000 0.316667 -0.886347
v -0.300000 0.333333 -0.880295
v -0.300000 0.350000 -0.873887
v -0.300000 0.383333 -0.859970
v -0.300000 0.400000 -0.852444
v -0.300000 0.416667 -0.844524
v -0.300000 0.450000 -0.827464
v -0.300000 0.466667 -0.818299
v -0.300000 0.483333 -0.808692
v -0.300000 0.516667 -0.788086
v -0.300000 0.533333 -0.777050
v -0.300000 0.550000 -0.765496
v -0.300000 0.583333 -0.740733
v -0.300000 0.600000 -0.727470
v -0.300000 0.616667 -0.713577
v -0.233333 0.650000 -0.709268
v -0.233333 0.666667 -0.693830
v -0.233333 0.683333 -0.677637
v -0.233333 -0.683333 -0.677637
v -0.233333 -0.666667 -0.693830
v -0.233333 -0.650000 -0.709268
v -0.233333 -0.616666 -0.738068
v -0.233333 -0.600000 -0.751508
v -0.233333 -0.583333 -0.764353
v -0.233333 -0.550000 -0.788375
v -0.233333 -0.533333 -0.799598
v -0.233333 -0.516667 -0.810328
v -0.233333 -0.483333 -0.830383
v -0.233333 -0.466667 -0.839742
v -0.233333 -0.450000 -0.848675
v -0.233333 -0.416667 -0.865318
v -0.233333 -0.400000 -0.873049
v -0.233333 -0.383333 -0.880400
v -0.233333 -0.350000 -0.893999
v -0.233333 -0.333333 -0.900263
v -0.233333 -0.316667 -0.906184
v -0.233333 -0.283333 -0.917013
v -0.233333 -0.266667 -0.921934
v -0.233333 -0.250000 -0.926534
v -0.233333 -0.216667 -0.934786
v -0.233333 -0.200000 -0.938447
v -0.233333 -0.183333 -0.941801
v -0.233333 -0.150000 -0.947605
v -0.233333 -0.133333 -0.950061
v -0.233333 -0.116667 -0.952222
v -0.233333 -0.083333 -0.955673
v -0.233333 -0.066667 -0.956964
v -0.233333 -0.050000 -0.957967
v -0.233333 -0.016667 -0.959113
v -0.233333 0.000000 -0.959257
v -0.233333 0.016667 -0.959113
v -0.233333 0.050000 -0.957967
v -0.233333 0.066667 -0.956964
v -0.233333 0.083333 -0.955673
v -0.233333 0.116667 -0.952222
v -0.233333 0.133333 -0.950061
v -0.233333 0.150000 -0.947605
v -0.233333 0.183333 -0.941801
v -0.233333 0.200000 -0.938447
v -0.233333 0.216667 -0.934786
v -0.233333 0.250000 -0.926534
v -0.233333 0.266667 -0.921934
v -0.233333 0.283333 -0.917013
v -0.233333 0.316667 -0.906184
v -0.233333 0.333333 -0.900263
v -0.233333 0.350000 -0.893999
v -0.233333 0.383333 -0.880400
v -0.233333 0.400000 -0.873050
v -0.233333 0.416667 -0.865318
v -0.233333 0.450000 -0.848676
v -0.233333 0.466667 -0.839742
v -0.233333 0.483333 -0.830383
v -0.233333 0.516667 -0.810328
v -0.233333 0.533333 -0.799598
v -0.233333 0.550000 -0.788375
v -0.233333 0.583333 -0.764353
v -0.233333 0.600000 -0.751508
v -0.233333 0.616667 -0.738068
v -0.166667 0.650000 -0.727826
v -0.166667 0.666667 -0.712790
v -0.166667 0.683333 -0.697036
v -0.166667 -0.683333 -0.697036
v -0.166667 -0.666667 -0.712790
v -0.166667 -0.650000 -0.727826
v -0.166667 -0.616666 -0.755919
v -0.166667 -0.600000 -0.769047
v -0.166667 -0.583333 -0.781605
v -0.166667 -0.550000 -0.805112
v -0.166667 -0.533333 -0.816106
v -0.166667 -0.516667 -0.826622
v -0.166667 -0.483333 -0.846290
v -0.166667 -0.466667 -0.855475
v -0.166667 -0.450000 -0.864247
v -0.166667 -0.416667 -0.880595
v -0.166667 -0.400000 -0.888192
v -0.166667 -0.383333 -0.895420
v -0.166667 -0.350000 -0.908793
v -0.166667 -0.333333 -0.914956
v -0.166667 -0.316667 -0.920781
v -0.166667 -0.283333 -0.931441
v -0.166667 -0.266667 -0.936286
v -0.166667 -0.250000 -0.940817
v -0.166667 -0.216667 -0.948944
v -0.166667 -0.200000 -0.952551
v -0.166667 -0.183333 -0.955855
v -0.166667 -0.150000 -0.961575
v -0.166667 -0.133333 -0.963995
v -0.166667 -0.116667 -0.966125
v -0.166667 -0.083333 -0.969524
v -0.166667 -0.066667 -0.970797
v -0.166667 -0.050000 -0.971786
v -0.166667 -0.016667 -0.972916
v -0.166667 0.000000 -0.973058
v -0.166667 0.016667 -0.972916
v -0.166667 0.050000 -0.971786
v -0.166667 0.066667 -0.970798
v -0.166667 0.083333 -0.969524
v -0.166667 0.116667 -0.966125
v -0.166667 0.133333 -0.963995
v -0.166667 0.150000 -0.961575
v -0.166667 0.183333 -0.955855
v -0.166667 0.200000 -0.952551
v -0.166667 0.216667 -0.948944
v -0.166667 0.250000 -0.940817
v -0.166667 0.266667 -0.936286
v -0.166667 0.283333 -0.931441
v -0.166667 0.316667 -0.920782
v -0.166667 0.333333 -0.914956
v -0.166667 0.350000 -0.908793
v -0.166667 0.383333 -0.895420
v -0.166667 0.400000 -0.888193
v -0.166667 0.416667 -0.880596
v -0.166667 0.450000 -0.864247
v -0.166667 0.466667 -0.855476
v -0.166667 0.483333 -0.846290
v -0.166667 0.516667 -0.826623
v -0.166667 0.533333 -0.816106
v -0.166667 0.550000 -0.805113
v -0.166667 0.583333 -0.781605
v -0.166667 0.600000 -0.769047
v -0.166667 0.616667 -0.755919
v -0.100000 0.650000 -0.739937
v -0.100000 0.666667 -0.725152
v -0.100000 0.683333 -0.709673
v -0.100000 -0.683333 -0.709673
v -0.100000 -0.666667 -0.725152
v -0.100000 -0.650000 -0.739937
v -0.100000 -0.616666 -0.767586
v -0.100000 -0.600000 -0.780518
v -0.100000 -0.583333 -0.792894
v -0.100000 -0.550000 -0.816076
v -0.100000 -0.533333 -0.826924
v -0.100000 -0.516667 -0.837303
v -0.100000 -0.483333 -0.856727
v -0.100000 -0.466667 -0.865800
v -0.100000 -0.450000 -0.874469
v -0.100000 -0.416667 -0.890628
v -0.100000 -0.400000 -0.898142
v -0.100000 -0.383333 -0.905289
v -0.100000 -0.350000 -0.918518
v -0.100000 -0.333333 -0.924618
v -0.100000 -0.316667 -0.930383
v -0.100000 -0.283333 -0.940932
v -0.100000 -0.266667 -0.945729
v -0.100000 -0.250000 -0.950215
v -0.100000 -0.216667 -0.958263
v -0.100000 -0.200000 -0.961835
v -0.100000 -0.183333 -0.965107
v -0.100000 -0.150000 -0.970771
v -0.100000 -0.133333 -0.973169
v -0.100000 -0.116667 -0.975279
v -0.100000 -0.083333 -0.978647
v -0.100000 -0.066667 -0.979909
v -0.100000 -0.050000 -0.980888
v -0.100000 -0.016667 -0.982008
v -0.100000 0.000000 -0.982149
v -0.100000 0.016667 -0.982008
v -0.100000 0.050000 -0.980888
v -0.100000 0.066667 -0.979909
v -0.100000 0.083333 -0.978647
v -0.100000 0.116667 -0.975279
v -0.100000 0.133333 -0.973169
v -0.100000 0.150000 -0.970771
v -0.100000 0.183333 -0.965107
v -0.100000 0.200000 -0.961835
v -0.100000 0.216667 -0.958263
v -0.100000 0.250000 -0.950215
v -0.100000 0.266667 -0.945729
v -0.100000 0.283333 -0.940932
v -0.100000 0.316667 -0.930382
v -0.100000 0.333333 -0.924618
v -0.100000 0.350000 -0.918519
v -0.100000 0.383333 -0.905289
v -0.100000 0.400000 -0.898142
v -0.100000 0.416667 -0.890628
v -0.100000 0.450000 -0.874469
v -0.100000 0.466667 -0.865801
v -0.100000 0.483333 -0.856727
v -0.100000 0.516667 -0.837304
v -0.100000 0.533333 -0.826924
v -0.100000 0.550000 -0.816076
v -0.100000 0.583333 -0.792895
v -0.100000 0.600000 -0.780518
v -0.100000 0.616667 -0.767587
v -0.033333 0.650000 -0.745920
v -0.033333 0.666667 -0.731256
v -0.033333 0.683333 -0.715909
v -0.033333 -0.683333 -0.715909
v -0.033333 -0.666667 -0.731256
v -0.033333 -0.650000 -0.745920
v -0.033333 -0.616666 -0.773357
v -0.033333 -0.600000 -0.786193
v -0.033333 -0.583333 -0.798481
v -0.033333 -0.550000 -0.821505
v -0.033333 -0.533333 -0.832283
v -0.033333 -0.516667 -0.842597
v -0.033333 -0.483333 -0.861900
v -0.033333 -0.466667 -0.870920
v -0.033333 -0.450000 -0.879538
v -0.033333 -0.416667 -0.895607
v -0.033333 -0.400000 -0.903079
v -0.033333 -0.383333 -0.910188
v -0.033333 -0.350000 -0.923347
v -0.033333 -0.333333 -0.929414
v -0.033333 -0.316667 -0.935149
v -0.033333 -0.283333 -0.945646
v -0.033333 -0.266667 -0.950419
v -0.033333 -0.250000 -0.954883
v -0.033333 -0.216667 -0.962892
v -0.033333 -0.200000 -0.966447
v -0.033333 -0.183333 -0.969704
v -0.033333 -0.150000 -0.975342
v -0.033333 -0.133333 -0.977729
v -0.033333 -0.116667 -0.979829
v -0.033333 -0.083333 -0.983182
v -0.033333 -0.066667 -0.984437
v -0.033333 -0.050000 -0.985412
v -0.033333 -0.016667 -0.986526
v -0.033333 0.000000 -0.986667
v -0.033333 0.016667 -0.986526
v -0.033333 0.050000 -0.985412
v -0.033333 0.066667 -0.984437
v -0.033333 0.083333 -0.983181
v -0.033333 0.116667 -0.979829
v -0.033333 0.133333 -0.977728
v -0.033333 0.150000 -0.975342
v -0.033333 0.183333 -0.969704
v -0.033333 0.200000 -0.966447
v -0.033333 0.216667 -0.962892
v -0.033333 0.250000 -0.954883
v -0.033333 0.266667 -0.950420
v -0.033333 0.283333 -0.945647
v -0.033333 0.316667 -0.935149
v -0.033333 0.333333 -0.929414
v -0.033333 0.350000 -0.923347
v -0.033333 0.383333 -0.910188
v -0.033333 0.400000 -0.903080
v -0.033333 0.416667 -0.895608
v -0.033333 0.450000 -0.879538
v -0.033333 0.466667 -0.870921
v -0.033333 0.483333 -0.861901
v -0.033333 0.516667 -0.842597
v -0.033333 0.533333 -0.832283
v -0.033333 0.550000 -0.821506
v -0.033333 0.583333 -0.798481
v -0.033333 0.600000 -0.786193
v -0.033333 0.616667 -0.773357
v 0.033333 0.650000 -0.745920
v 0.033333 0.666667 -0.731256
v 0.033333 0.683333 -0.715909
v 0.033333 -0.683333 -0.715909
v 0.033333 -0.666667 -0.731256
v 0.033333 -0.650000 -0.745920
v 0.033333 -0.616666 -0.773357
v 0.033333 -0.600000 -0.786193
v 0.033333 -0.583333 -0.798481
v 0.033333 -0.550000 -0.821506
v 0.033333 -0.533333 -0.832283
v 0.033333 -0.516667 -0.842597
v 0.033333 -0.483333 -0.861900
v 0.033333 -0.466667 -0.870921
v 0.033333 -0.450000 -0.879538
v 0.033333 -0.416667 -0.895607
v 0.033333 -0.400000 -0.903080
v 0.033333 -0.383333 -0.910188
v 0.033333 -0.350000 -0.923347
v 0.033333 -0.333333 -0.929414
v 0.033333 -0.316667 -0.935149
v 0.033333 -0.283333 -0.945647
v 0.033333 -0.266667 -0.950419
v 0.033333 -0.250000 -0.954883
v 0.033333 -0.216667 -0.962892
v 0.033333 -0.200000 -0.966447
v 0.033333 -0.183333 -0.969704
v 0.033333 -0.150000 -0.975342
v 0.033333 -0.133333 -0.977729
v 0.033333 -0.116667 -0.979829
v 0.033333 -0.083333 -0.983182
v 0.033333 -0.066667 -0.984437
v 0.033333 -0.050000 -0.985412
v 0.033333 -0.016667 -0.986526
v 0.033333 0.000000 -0.986667
v 0.033333 0.016667 -0.986527
v 0.033333 0.050000 -0.985412
v 0.033333 0.066667 -0.984437
v 0.033333 0.083333 -0.983182
v 0.033333 0.116667 -0.979829
v 0.033333 0.133333 -0.977729
v 0.033333 0.150000 -0.975342
v 0.033333 0.183333 -0.969704
v 0.033333 0.200000 -0.966447
v 0.033333 0.216667 -0.962892
v 0.033333 0.250000 -0.954883
v 0.033333 0.266667 -0.950420
v 0.033333 0.283333 -0.945647
v 0.033333 0.316667 -0.935149
v 0.033333 0.333333 -0.929414
v 0.033333 0.350000 -0.923347
v 0.033333 0.383333 -0.910188
v 0.033333 0.400000 -0.903080
v 0.033333 0.416667 -0.895608
v 0.033333 0.450000 -0.879538
v 0.033333 0.466667 -0.870921
v 0.033333 0.483333 -0.861901
v 0.033333 0.516667 -0.842597
v 0.033333 0.533333 -0.832284
v 0.033333 0.550000 -0.821506
v 0.033333 0.583333 -0.798481
v 0.033333 0.600000 -0.786194
v 0.033333 0.616667 -0.773357
v 0.100000 0.650000 -0.739937
v 0.100000 0.666667 -0.725152
v 0.100000 0.683333 -0.709673
v 0.100000 -0.683333 -0.709673
v 0.100000 -0.666667 -0.725152
v 0.100000 -0.650000 -0.739937
v 0.100000 -0.616666 -0.767587
v 0.100000 -0.600000 -0.780518
v 0.100000 -0.583333 -0.792895
v 0.100000 -0.550000 -0.816076
v 0.100000 -0.533333 -0.826924
v 0.100000 -0.516667 -0.837304
v 0.100000 -0.483333 -0.856727
v 0.100000 -0.466667 -0.865801
v 0.100000 -0.450000 -0.874469
v 0.100000 -0.416667 -0.890628
v 0.100000 -0.400000 -0.898142
v 0.100000 -0.383333 -0.905289
v 0.100000 -0.350000 -0.918519
v 0.100000 -0.333333 -0.924618
v 0.100000 -0.316667 -0.930383
v 0.100000 -0.283333 -0.940933
v 0.100000 -0.266667 -0.945729
v 0.100000 -0.250000 -0.950215
v 0.100000 -0.216667 -0.958263
v 0.100000 -0.200000 -0.961835
v 0.100000 -0.183333 -0.965107
v 0.100000 -0.150000 -0.970771
v 0.100000 -0.133333 -0.973169
v 0.100000 -0.116667 -0.975279
v 0.100000 -0.083333 -0.978648
v 0.100000 -0.066667 -0.979909
v 0.100000 -0.050000 -0.980889
v 0.100000 -0.016667 -0.982008
v 0.100000 0.000000 -0.982149
v 0.100000 0.016667 -0.982008
v 0.100000 0.050000 -0.980889
v 0.100000 0.066667 -0.979909
v 0.100000 0.083333 -0.978648
v 0.100000 0.116667 -0.975279
v 0.100000 0.133333 -0.973169
v 0.100000 0.150000 -0.970771
v 0.100000 0.183333 -0.965107
v 0.100000 0.200000 -0.961835
v 0.100000 0.216667 -0.958264
v 0.100000 0.250000 -0.950215
v 0.100000 0.266667 -0.945729
v 0.100000 0.283333 -0.940933
v 0.100000 0.316667 -0.930383
v 0.100000 0.333333 -0.924618
v 0.100000 0.350000 -0.918519
v 0.100000 0.383333 -0.905290
v 0.100000 0.400000 -0.898142
v 0.100000 0.416667 -0.890629
v 0.100000 0.450000 -0.874469
v 0.100000 0.466667 -0.865801
v 0.100000 0.483333 -0.856727
v 0.100000 0.516667 -0.837304
v 0.100000 0.533333 -0.826924
v 0.100000 0.550000 -0.816076
v 0.100000 0.583333 -0.792895
v 0.100000 0.600000 -0.780519
v 0.100000 0.616667 -0.767587
v 0.166667 0.650000 -0.727826
v 0.166667 0.666667 -0.712790
v 0.166667 0.683333 -0.697036
v 0.166667 -0.683333 -0.697036
v 0.166667 -0.666667 -0.712790
v 0.166667 -0.650000 -0.727826
v 0.166667 -0.616666 -0.755920
v 0.166667 -0.600000 -0.769048
v 0.166667 -0.583333 -0.781606
v 0.166667 -0.550000 -0.805113
v 0.166667 -0.533333 -0.816107
v 0.166667 -0.516667 -0.826623
v 0.166667 -0.483333 -0.846291
v 0.166667 -0.466667 -0.855476
v 0.166667 -0.450000 -0.864248
v 0.166667 -0.416667 -0.880596
v 0.166667 -0.400000 -0.888193
v 0.166667 -0.383333 -0.895421
v 0.166667 -0.350000 -0.908794
v 0.166667 -0.333333 -0.914957
v 0.166667 -0.316667 -0.920782
v 0.166667 -0.283333 -0.931441
v 0.166667 -0.266667 -0.936286
v 0.166667 -0.250000 -0.940817
v 0.166667 -0.216667 -0.948945
v 0.166667 -0.200000 -0.952551
v 0.166667 -0.183333 -0.955856
v 0.166667 -0.150000 -0.961575
v 0.166667 -0.133333 -0.963995
v 0.166667 -0.116667 -0.966125
v 0.166667 -0.083333 -0.969525
v 0.166667 -0.066667 -0.970798
v 0.166667 -0.050000 -0.971786
v 0.166667 -0.016667 -0.972917
v 0.166667 0.000000 -0.973059
v 0.166667 0.016667 -0.972917
v 0.166667 0.050000 -0.971787
v 0.166667 0.066667 -0.970798
v 0.166667 0.083333 -0.969525
v 0.166667 0.116667 -0.966125
v 0.166667 0.133333 -0.963995
v 0.166667 0.150000 -0.961575
v 0.166667 0.183333 -0.955856
v 0.166667 0.200000 -0.952551
v 0.166667 0.216667 -0.948945
v 0.166667 0.250000 -0.940817
v 0.166667 0.266667 -0.936287
v 0.166667 0.283333 -0.931441
v 0.166667 0.316667 -0.920782
v 0.166667 0.333333 -0.914957
v 0.166667 0.350000 -0.908794
v 0.166667 0.383333 -0.895421
v 0.166667 0.400000 -0.888193
v 0.166667 0.416667 -0.880596
v 0.166667 0.450000 -0.864248
v 0.166667 0.466667 -0.855476
v 0.166667 0.483333 -0.846291
v 0.166667 0.516667 -0.826623
v 0.166667 0.533333 -0.816107
v 0.166667 0.550000 -0.805113
v 0.166667 0.583333 -0.781606
v 0.166667 0.600000 -0.769048
v 0.166667 0.616667 -0.755920
v 0.233333 0.650000 -0.709268
v 0.233333 0.666667 -0.693831
v 0.233333 0.683333 -0.677637
v 0.233333 -0.683333 -0.677638
v 0.233333 -0.666667 -0.693831
v 0.233333 -0.650000 -0.709269
v 0.233333 -0.616666 -0.738068
v 0.233333 -0.600000 -0.751508
v 0.233333 -0.583333 -0.764354
v 0.233333 -0.550000 -0.788375
v 0.233333 -0.533333 -0.799599
v 0.233333 -0.516667 -0.810329
v 0.233333 -0.483333 -0.830384
v 0.233333 -0.466667 -0.839742
v 0.233333 -0.450000 -0.848676
v 0.233333 -0.416667 -0.865319
v 0.233333 -0.400000 -0.873050
v 0.233333 -0.383333 -0.880401
v 0.233333 -0.350000 -0.893999
v 0.233333 -0.333333 -0.900264
v 0.233333 -0.316667 -0.906184
v 0.233333 -0.283333 -0.917013
v 0.233333 -0.266667 -0.921934
v 0.233333 -0.250000 -0.926535
v 0.233333 -0.216667 -0.934787
v 0.233333 -0.200000 -0.938448
v 0.233333 -0.183333 -0.941802
v 0.233333 -0.150000 -0.947606
v 0.233333 -0.133333 -0.950062
v 0.233333 -0.116667 -0.952223
v 0.233333 -0.083333 -0.955674
v 0.233333 -0.066667 -0.956965
v 0.233333 -0.050000 -0.957968
v 0.233333 -0.016667 -0.959114
v 0.233333 0.000000 -0.959258
v 0.233333 0.016667 -0.959113
v 0.233333 0.050000 -0.957968
v 0.233333 0.066667 -0.956965
v 0.233333 0.083333 -0.955674
v 0.233333 0.116667 -0.952223
v 0.233333 0.133333 -0.950062
v 0.233333 0.150000 -0.947606
v 0.233333 0.183333 -0.941802
v 0.233333 0.200000 -0.938448
v 0.233333 0.216667 -0.934787
v 0.233333 0.250000 -0.926535
v 0.233333 0.266667 -0.921934
v 0.233333 0.283333 -0.917013
v 0.233333 0.316667 -0.906184
v 0.233333 0.333333 -0.900264
v 0.233333 0.350000 -0.893999
v 0.233333 0.383333 -0.880400
v 0.233333 0.400000 -0.873050
v 0.233333 0.416667 -0.865319
v 0.233333 0.450000 -0.848676
v 0.233333 0.466667 -0.839742
v 0.233333 0.483333 -0.830383
v 0.233333 0.516667 -0.810329
v 0.233333 0.533333 -0.799599
v 0.233333 0.550000 -0.788375
v 0.233333 0.583333 -0.764354
v 0.233333 0.600000 -0.751508
v 0.233333 0.616667 -0.738068
v 0.300000 0.650000 -0.683747
v 0.300000 0.666667 -0.667718
v 0.300000 0.683333 -0.650875
v 0.300000 -0.683333 -0.650875
v 0.300000 -0.666667 -0.667718
v 0.300000 -0.650000 -0.683747
v 0.300000 -0.616666 -0.713578
v 0.300000 -0.600000 -0.727471
v 0.300000 -0.583333 -0.740733
v 0.300000 -0.550000 -0.765496
v 0.300000 -0.533333 -0.777051
v 0.300000 -0.516667 -0.788087
v 0.300000 -0.483333 -0.808693
v 0.300000 -0.466667 -0.818300
v 0.300000 -0.450000 -0.827465
v 0.300000 -0.416667 -0.844525
v 0.300000 -0.400000 -0.852444
v 0.300000 -0.383333 -0.859971
v 0.300000 -0.350000 -0.873887
v 0.300000 -0.333333 -0.880296
v 0.300000 -0.316667 -0.886348
v 0.300000 -0.283333 -0.897416
v 0.300000 -0.266667 -0.902444
v 0.300000 -0.250000 -0.907144
v 0.300000 -0.216667 -0.915570
v 0.300000 -0.200000 -0.919308
v 0.300000 -0.183333 -0.922731
v 0.300000 -0.150000 -0.928654
v 0.300000 -0.133333 -0.931160
v 0.300000 -0.116667 -0.933365
v 0.300000 -0.083333 -0.936885
v 0.300000 -0.066667 -0.938202
v 0.300000 -0.050000 -0.939224
v 0.300000 -0.016667 -0.940393
v 0.300000 0.000000 -0.940540
v 0.300000 0.016667 -0.940393
v 0.300000 0.050000 -0.939224
v 0.300000 0.066667 -0.938202
v 0.300000 0.083333 -0.936885
v 0.300000 0.116667 -0.933365
v 0.300000 0.133333 -0.931160
v 0.300000 0.150000 -0.928654
v 0.300000 0.183333 -0.922731
v 0.300000 0.200000 -0.919308
v 0.300000 0.216667 -0.915570
v 0.300000 0.250000 -0.907144
v 0.300000 0.266667 -0.902444
v 0.300000 0.283333 -0.897417
v 0.300000 0.316667 -0.886348
v 0.300000 0.333333 -0.880296
v 0.300000 0.350000 -0.873887
v 0.300000 0.383333 -0.859971
v 0.300000 0.400000 -0.852444
v 0.300000 0.416667 -0.844525
v 0.300000 0.450000 -0.827465
v 0.300000 0.466667 -0.818300
v 0.300000 0.483333 -0.808693
v 0.300000 0.516667 -0.788087
v 0.300000 0.533333 -0.777051
v 0.300000 0.550000 -0.765496
v 0.300000 0.583333 -0.740733
v 0.300000 0.600000 -0.727470
v 0.300000 0.616667 -0.713578
v 0.366667 0.650000 -0.650432
v 0.366667 0.666667 -0.633563
v 0.366667 0.683333 -0.615787
v 0.366667 -0.683333 -0.615787
v 0.366667 -0.666667 -0.633563
v 0.366667 -0.650000 -0.650432
v 0.366667 -0.616667 -0.681722
v 0.366667 -0.600000 -0.696251
v 0.366667 -0.583333 -0.710096
v 0.366667 -0.550000 -0.735891
v 0.366667 -0.533333 -0.747904
v 0.366667 -0.516667 -0.759365
v 0.366667 -0.483333 -0.780730
v 0.366667 -0.466667 -0.790677
v 0.366667 -0.450000 -0.800160
v 0.366667 -0.416667 -0.817789
v 0.366667 -0.400000 -0.825966
v 0.366667 -0.383333 -0.833733
v 0.366667 -0.350000 -0.848080
v 0.366667 -0.333333 -0.854682
v 0.366667 -0.316667 -0.860915
v 0.366667 -0.283333 -0.872306
v 0.366667 -0.266667 -0.877479
v 0.366667 -0.250000 -0.882310
v 0.366667 -0.216667 -0.890972
v 0.366667 -0.200000 -0.894813
v 0.366667 -0.183333 -0.898329
v 0.366667 -0.150000 -0.904411
v 0.366667 -0.133333 -0.906985
v 0.366667 -0.116667 -0.909249
v 0.366667 -0.083333 -0.912860
v 0.366667 -0.066667 -0.914212
v 0.366667 -0.050000 -0.915262
v 0.366667 -0.016667 -0.916462
v 0.366667 0.000000 -0.916613
v 0.366667 0.016667 -0.916462
v 0.366667 0.050000 -0.915262
v 0.366667 0.066667 -0.914212
v 0.366667 0.083333 -0.912860
v 0.366667 0.116667 -0.909249
v 0.366667 0.133333 -0.906985
v 0.366667 0.150000 -0.904411
v 0.366667 0.183333 -0.898329
v 0.366667 0.200000 -0.894812
v 0.366667 0.216667 -0.890972
v 0.366667 0.250000 -0.882310
v 0.366667 0.266667 -0.877478
v 0.366667 0.283333 -0.872306
v 0.366667 0.316667 -0.860915
v 0.366667 0.333333 -0.854682
v 0.366667 0.350000 -0.848080
v 0.366667 0.383333 -0.833733
v 0.366667 0.400000 -0.825966
v 0.366667 0.416667 -0.817789
v 0.366667 0.450000 -0.800160
v 0.366667 0.466667 -0.790677
v 0.366667 0.483333 -0.780730
v 0.366667 0.516667 -0.759365
v 0.366667 0.533333 -0.747903
v 0.366667 0.550000 -0.735891
v 0.366667 0.583333 -0.710096
v 0.366667 0.600000 -0.696251
v 0.366667 0.616666 -0.681722
v 0.433333 0.650000 -0.608056
v 0.433333 0.666667 -0.589974
v 0.433333 0.683333 -0.570840
v 0.433333 -0.683333 -0.570840
v 0.433333 -0.666667 -0.589974
v 0.433333 -0.650000 -0.608056
v 0.433333 -0.616667 -0.641417
v 0.433333 -0.600000 -0.656838
v 0.433333 -0.583333 -0.671497
v 0.433333 -0.550000 -0.698718
v 0.433333 -0.533333 -0.711356
v 0.433333 -0.516667 -0.723397
v 0.433333 -0.483333 -0.745791
v 0.433333 -0.466667 -0.756197
v 0.433333 -0.450000 -0.766106
v 0.433333 -0.416667 -0.784501
v 0.433333 -0.400000 -0.793021
v 0.433333 -0.383333 -0.801106
v 0.433333 -0.350000 -0.816027
v 0.433333 -0.333333 -0.822886
v 0.433333 -0.316667 -0.829358
v 0.433333 -0.283333 -0.841177
v 0.433333 -0.266667 -0.846539
v 0.433333 -0.250000 -0.851546
v 0.433333 -0.216667 -0.860519
v 0.433333 -0.200000 -0.864493
v 0.433333 -0.183333 -0.868134
v 0.433333 -0.150000 -0.874427
v 0.433333 -0.133333 -0.877087
v 0.433333 -0.116667 -0.879428
v 0.433333 -0.083333 -0.883162
v 0.433333 -0.066667 -0.884559
v 0.433333 -0.050000 -0.885644
v 0.433333 -0.016667 -0.886884
v 0.433333 0.000000 -0.887040
v 0.433333 0.016667 -0.886884
v 0.433333 0.050000 -0.885644
v 0.433333 0.066667 -0.884559
v 0.433333 0.083333 -0.883162
v 0.433333 0.116667 -0.879428
v 0.433333 0.133333 -0.877087
v 0.433333 0.150000 -0.874427
v 0.433333 0.183333 -0.868134
v 0.433333 0.200000 -0.864494
v 0.433333 0.216667 -0.860519
v 0.433333 0.250000 -0.851546
v 0.433333 0.266667 -0.846539
v 0.433333 0.283333 -0.841177
v 0.433333 0.316667 -0.829358
v 0.433333 0.333333 -0.822886
v 0.433333 0.350000 -0.816027
v 0.433333 0.383333 -0.801106
v 0.433333 0.400000 -0.793021
v 0.433333 0.416667 -0.784501
v 0.433333 0.450000 -0.766106
v 0.433333 0.466667 -0.756197
v 0.433333 0.483333 -0.745791
v 0.433333 0.516667 -0.723397
v 0.433333 0.533333 -0.711357
v 0.433333 0.550000 -0.698718
v 0.433333 0.583333 -0.671497
v 0.433333 0.600000 -0.656838
v 0.433333 0.616666 -0.641417
v 0.500000 0.650000 -0.554534
v 0.500000 0.666667 -0.534648
v 0.500000 0.683333 -0.513458
v 0.500000 -0.683333 -0.513458
v 0.500000 -0.666667 -0.534648
v 0.500000 -0.650000 -0.554534
v 0.500000 -0.616667 -0.590923
v 0.500000 -0.600000 -0.607625
v 0.500000 -0.583333 -0.623443
v 0.500000 -0.550000 -0.652673
v 0.500000 -0.533333 -0.666187
v 0.500000 -0.516667 -0.679029
v 0.500000 -0.483333 -0.702840
v 0.500000 -0.466667 -0.713874
v 0.500000 -0.450000 -0.724363
v 0.500000 -0.416667 -0.743792
v 0.500000 -0.400000 -0.752772
v 0.500000 -0.383333 -0.761285
v 0.500000 -0.350000 -0.776970
v 0.500000 -0.333333 -0.784172
v 0.500000 -0.316667 -0.790960
v 0.500000 -0.283333 -0.803343
v 0.500000 -0.266667 -0.808955
v 0.500000 -0.250000 -0.814194
v 0.500000 -0.216667 -0.823573
v 0.500000 -0.200000 -0.827726
v 0.500000 -0.183333 -0.831526
v 0.500000 -0.150000 -0.838093
v 0.500000 -0.133333 -0.840870
v 0.500000 -0.116667 -0.843310
v 0.500000 -0.083333 -0.847204
v 0.500000 -0.066667 -0.848660
v 0.500000 -0.050000 -0.849790
v 0.500000 -0.016667 -0.851083
v 0.500000 0.000000 -0.851246
v 0.500000 0.016667 -0.851083
v 0.500000 0.050000 -0.849790
v 0.500000 0.066667 -0.848660
v 0.500000 0.083333 -0.847203
v 0.500000 0.116667 -0.843310
v 0.500000 0.133333 -0.840870
v 0.500000 0.150000 -0.838093
v 0.500000 0.183333 -0.831526
v 0.500000 0.200000 -0.827726
v 0.500000 0.216667 -0.823573
v 0.500000 0.250000 -0.814194
v 0.500000 0.266667 -0.808955
v 0.500000 0.283333 -0.803342
v 0.500000 0.316667 -0.790960
v 0.500000 0.333333 -0.784172
v 0.500000 0.350000 -0.776970
v 0.500000 0.383333 -0.761285
v 0.500000 0.400000 -0.752772
v 0.500000 0.416667 -0.743792
v 0.500000 0.450000 -0.724363
v 0.500000 0.466667 -0.713875
v 0.500000 0.483333 -0.702840
v 0.500000 0.516667 -0.679029
v 0.500000 0.533333 -0.666187
v 0.500000 0.550000 -0.652673
v 0.500000 0.583333 -0.623443
v 0.500000 0.600000 -0.607625
v 0.500000 0.616666 -0.590923
v 0.566667 0.650000 -0.486206
v 0.566667 0.666667 -0.463393
v 0.566667 0.683333 -0.438777
v 0.566667 -0.683333 -0.438777
v 0.566667 -0.666667 -0.463394
v 0.566667 -0.650000 -0.486206
v 0.566667 -0.616667 -0.527334
v 0.566667 -0.600000 -0.545988
v 0.566667 -0.583333 -0.563539
v 0.566667 -0.550000 -0.595713
v 0.566667 -0.533333 -0.610488
v 0.566667 -0.516667 -0.624475
v 0.566667 -0.483333 -0.650285
v 0.566667 -0.466667 -0.662194
v 0.566667 -0.450000 -0.673488
v 0.566667 -0.416667 -0.694341
v 0.566667 -0.400000 -0.703952
v 0.566667 -0.383333 -0.713049
v 0.566667 -0.350000 -0.729772
v 0.566667 -0.333333 -0.737433
v 0.566667 -0.316667 -0.744650
v 0.566667 -0.283333 -0.757790
v 0.566667 -0.266667 -0.763739
v 0.566667 -0.250000 -0.769287
v 0.566667 -0.216667 -0.779206
v 0.566667 -0.200000 -0.783595
v 0.566667 -0.183333 -0.787607
v 0.566667 -0.150000 -0.794540
v 0.566667 -0.133333 -0.797467
v 0.566667 -0.116667 -0.800041
v 0.566667 -0.083333 -0.804144
v 0.566667 -0.066667 -0.805678
v 0.566667 -0.050000 -0.806868
v 0.566667 -0.016667 -0.808229
v 0.566667 0.000000 -0.808400
v 0.566667 0.016667 -0.808229
v 0.566667 0.050000 -0.806868
v 0.566667 0.066667 -0.805678
v 0.566667 0.083333 -0.804144
v 0.566667 0.116667 -0.800041
v 0.566667 0.133333 -0.797467
v 0.566667 0.150000 -0.794540
v 0.566667 0.183333 -0.787607
v 0.566667 0.200000 -0.783595
v 0.566667 0.216667 -0.779206
v 0.566667 0.250000 -0.769287
v 0.566667 0.266667 -0.763739
v 0.566667 0.283333 -0.757790
v 0.566667 0.316667 -0.744650
v 0.566667 0.333333 -0.737433
v 0.566667 0.350000 -0.729772
v 0.566667 0.383333 -0.713049
v 0.566667 0.400000 -0.703952
v 0.566667 0.416667 -0.694341
v 0.566667 0.450000 -0.673488
v 0.566667 0.466667 -0.662194
v 0.566667 0.483333 -0.650285
v 0.566667 0.516667 -0.624475
v 0.566667 0.533333 -0.610488
v 0.566667 0.550000 -0.595713
v 0.566667 0.583333 -0.563539
v 0.566667 0.600000 -0.545988
v 0.566667 0.616666 -0.527334
v 0.633333 0.650000 -0.395473
v 0.633333 0.666667 -0.367063
v 0.633333 0.683333 -0.335447
v 0.633333 -0.683333 -0.335447
v 0.633333 -0.666667 -0.367063
v 0.633333 -0.650000 -0.395473
v 0.633333 -0.616667 -0.445064
v 0.633333 -0.600000 -0.467013
v 0.633333 -0.583333 -0.487413
v 0.633333 -0.550000 -0.524279
v 0.633333 -0.533333 -0.541010
v 0.633333 -0.516667 -0.556748
v 0.633333 -0.483333 -0.585554
v 0.633333 -0.466667 -0.598753
v 0.633333 -0.450000 -0.611220
v 0.633333 -0.416667 -0.634126
v 0.633333 -0.400000 -0.644635
v 0.633333 -0.383333 -0.654555
v 0.633333 -0.350000 -0.672734
v 0.633333 -0.333333 -0.681037
v 0.633333 -0.316667 -0.688843
v 0.633333 -0.283333 -0.703028
v 0.633333 -0.266667 -0.709433
v 0.633333 -0.250000 -0.715402
v 0.633333 -0.216667 -0.726057
v 0.633333 -0.200000 -0.730764
v 0.633333 -0.183333 -0.735066
v 0.633333 -0.150000 -0.742487
v 0.633333 -0.133333 -0.745619
v 0.633333 -0.116667 -0.748372
v 0.633333 -0.083333 -0.752756
v 0.633333 -0.066667 -0.754394
v 0.633333 -0.050000 -0.755665
v 0.633333 -0.016667 -0.757119
v 0.633333 0.000000 -0.757302
v 0.633333 0.016667 -0.757119
v 0.633333 0.050000 -0.755665
v 0.633333 0.066667 -0.754394
v 0.633333 0.083333 -0.752756
v 0.633333 0.116667 -0.748372
v 0.633333 0.133333 -0.745619
v 0.633333 0.150000 -0.742487
v 0.633333 0.183333 -0.735066
v 0.633333 0.200000 -0.730764
v 0.633333 0.216667 -0.726057
v 0.633333 0.250000 -0.715402
v 0.633333 0.266667 -0.709433
v 0.633333 0.283333 -0.703028
v 0.633333 0.316667 -0.688842
v 0.633333 0.333333 -0.681037
v 0.633333 0.350000 -0.672734
v 0.633333 0.383333 -0.654556
v 0.633333 0.400000 -0.644635
v 0.633333 0.416667 -0.634126
v 0.633333 0.450000 -0.611220
v 0.633333 0.466667 -0.598753
v 0.633333 0.483333 -0.585554
v 0.633333 0.516667 -0.556748
v 0.633333 0.533333 -0.541010
v 0.633333 0.550000 -0.524279
v 0.633333 0.583333 -0.487413
v 0.633333 0.600000 -0.467013
v 0.633333 0.616667 -0.445064
v -0.650000 -0.633333 -0.395125
v -0.666667 -0.633333 -0.366301
v -0.683333 -0.633333 -0.334182
v -0.650000 -0.566667 -0.484879
v -0.666667 -0.566667 -0.461698
v -0.683333 -0.566667 -0.436652
v -0.650000 -0.500000 -0.552543
v -0.666667 -0.500000 -0.532314
v -0.683333 -0.500000 -0.510746
v -0.650000 -0.433333 -0.605586
v -0.666667 -0.433333 -0.587186
v -0.683333 -0.433333 -0.567704
v -0.650000 -0.366667 -0.647605
v -0.666667 -0.366667 -0.630435
v -0.683333 -0.366667 -0.612328
v -0.650000 -0.300000 -0.680634
v -0.666667 -0.300000 -0.664319
v -0.683333 -0.300000 -0.647162
v -0.650000 -0.233333 -0.705949
v -0.666667 -0.233333 -0.690234
v -0.683333 -0.233333 -0.673739
v -0.650000 -0.166667 -0.724356
v -0.666667 -0.166667 -0.709050
v -0.683333 -0.166667 -0.693002
v -0.650000 -0.100000 -0.736367
v -0.666667 -0.100000 -0.721314
v -0.683333 -0.100000 -0.705547
v -0.650000 -0.033333 -0.742304
v -0.666667 -0.033333 -0.727375
v -0.683333 -0.033333 -0.711742
v -0.650000 0.033333 -0.742305
v -0.666667 0.033333 -0.727375
v -0.683333 0.033333 -0.711742
v -0.650000 0.100000 -0.736366
v -0.666667 0.100000 -0.721314
v -0.683333 0.100000 -0.705547
v -0.650000 0.166667 -0.724356
v -0.666667 0.166667 -0.709050
v -0.683333 0.166667 -0.693002
v -0.650000 0.233333 -0.705949
v -0.666667 0.233333 -0.690234
v -0.683333 0.233333 -0.673739
v -0.650000 0.300000 -0.680634
v -0.666667 0.300000 -0.664319
v -0.683333 0.300000 -0.647162
v -0.650000 0.366667 -0.647606
v -0.666667 0.366667 -0.630435
v -0.683333 0.366667 -0.612328
v -0.650000 0.433333 -0.605586
v -0.666667 0.433333 -0.587186
v -0.683333 0.433333 -0.567704
v -0.650000 0.500000 -0.552543
v -0.666667 0.500000 -0.532315
v -0.683333 0.500000 -0.510746
v -0.650000 0.566666 -0.484879
v -0.666667 0.566667 -0.461698
v -0.683333 0.566667 -0.436652
v -0.650000 0.633333 -0.395125
v -0.666667 0.633333 -0.366301
v -0.683333 0.633333 -0.334182
v -0.583333 -0.633333 -0.488204
v -0.600000 -0.633333 -0.467569
v -0.616667 -0.633333 -0.445361
v -0.583333 -0.566667 -0.563322
v -0.600000 -0.566667 -0.545534
v -0.616667 -0.566667 -0.526619
v -0.583333 -0.500000 -0.622518
v -0.600000 -0.500000 -0.606472
v -0.616667 -0.500000 -0.589517
v -0.583333 -0.433333 -0.670040
v -0.600000 -0.433333 -0.655159
v -0.616667 -0.433333 -0.639499
v -0.583333 -0.366667 -0.708243
v -0.600000 -0.366667 -0.694181
v -0.616667 -0.366667 -0.679420
v -0.583333 -0.300000 -0.738567
v -0.600000 -0.300000 -0.725091
v -0.616667 -0.300000 -0.710972
v -0.583333 -0.233333 -0.761962
v -0.600000 -0.233333 -0.748907
v -0.616667 -0.233333 -0.735243
v -0.583333 -0.166667 -0.779047
v -0.600000 -0.166667 -0.766283
v -0.616667 -0.166667 -0.752935
v -0.583333 -0.100000 -0.790227
v -0.600000 -0.100000 -0.777647
v -0.616667 -0.100000 -0.764497
v -0.583333 -0.033333 -0.795765
v -0.600000 -0.033333 -0.783274
v -0.616667 -0.033333 -0.770220
v -0.583333 0.033333 -0.795765
v -0.600000 0.033333 -0.783274
v -0.616667 0.033333 -0.770220
v -0.583333 0.100000 -0.790227
v -0.600000 0.100000 -0.777647
v -0.616667 0.100000 -0.764497
v -0.583333 0.166667 -0.779047
v -0.600000 0.166667 -0.766283
v -0.616667 0.166667 -0.752935
v -0.583333 0.233333 -0.761962
v -0.600000 0.233333 -0.748907
v -0.616667 0.233333 -0.735243
v -0.583333 0.300000 -0.738567
v -0.600000 0.300000 -0.725091
v -0.616667 0.300000 -0.710972
v -0.583333 0.366667 -0.708243
v -0.600000 0.366667 -0.694181
v -0.616667 0.366667 -0.679420
v -0.583333 0.433333 -0.670040
v -0.600000 0.433333 -0.655159
v -0.616667 0.433333 -0.639499
v -0.583333 0.500000 -0.622518
v -0.600000 0.500000 -0.606472
v -0.616667 0.500000 -0.589517
v -0.583333 0.566666 -0.563322
v -0.600000 0.566666 -0.545534
v -0.616667 0.566666 -0.526619
v -0.583333 0.633333 -0.488204
v -0.600000 0.633333 -0.467569
v -0.616667 0.633333 -0.445361
v -0.516667 -0.633333 -0.558282
v -0.533333 -0.633333 -0.542384
v -0.550000 -0.633333 -0.525475
v -0.516667 -0.566667 -0.625029
v -0.533333 -0.566667 -0.610870
v -0.550000 -0.566667 -0.595910
v -0.516667 -0.500000 -0.678868
v -0.533333 -0.500000 -0.665852
v -0.550000 -0.500000 -0.652153
v -0.516667 -0.433333 -0.722697
v -0.533333 -0.433333 -0.710485
v -0.550000 -0.433333 -0.697661
v -0.516667 -0.366667 -0.758254
v -0.533333 -0.366667 -0.746624
v -0.550000 -0.366667 -0.734431
v -0.516667 -0.300000 -0.786651
v -0.533333 -0.300000 -0.775448
v -0.550000 -0.300000 -0.763716
v -0.516667 -0.233333 -0.808655
v -0.533333 -0.233333 -0.797762
v -0.550000 -0.233333 -0.786364
v -0.516667 -0.166667 -0.824773
v -0.533333 -0.166667 -0.814097
v -0.550000 -0.166667 -0.802930
v -0.516667 -0.100000 -0.835340
v -0.533333 -0.100000 -0.824801
v -0.550000 -0.100000 -0.813782
v -0.516667 -0.033333 -0.840580
v -0.533333 -0.033333 -0.830107
v -0.550000 -0.033333 -0.819160
v -0.516667 0.033333 -0.840580
v -0.533333 0.033333 -0.830107
v -0.550000 0.033333 -0.819160
v -0.516667 0.100000 -0.835340
v -0.533333 0.100000 -0.824801
v -0.550000 0.100000 -0.813782
v -0.516667 0.166667 -0.824773
v -0.533333 0.166667 -0.814097
v -0.550000 0.166667 -0.802930
v -0.516667 0.233333 -0.808655
v -0.533333 0.233333 -0.797762
v -0.550000 0.233333 -0.786364
v -0.516667 0.300000 -0.786651
v -0.533333 0.300000 -0.775448
v -0.550000 0.300000 -0.763716
v -0.516667 0.366667 -0.758254
v -0.533333 0.366667 -0.746624
v -0.550000 0.366667 -0.734431
v -0.516667 0.433333 -0.722697
v -0.533333 0.433333 -0.710485
v -0.550000 0.433333 -0.697661
v -0.516667 0.500000 -0.678868
v -0.533333 0.500000 -0.665852
v -0.550000 0.500000 -0.652153
v -0.516667 0.566666 -0.625029
v -0.533333 0.566666 -0.610870
v -0.550000 0.566666 -0.595910
v -0.516667 0.633333 -0.558282
v -0.533333 0.633333 -0.542384
v -0.550000 0.633333 -0.525475
v -0.450000 -0.633333 -0.613288
v -0.466667 -0.633333 -0.600702
v -0.483333 -0.633333 -0.587375
v -0.450000 -0.566667 -0.674618
v -0.466667 -0.566667 -0.663198
v -0.483333 -0.566667 -0.651150
v -0.450000 -0.500000 -0.724781
v -0.466667 -0.500000 -0.714164
v -0.483333 -0.500000 -0.702992
v -0.450000 -0.433333 -0.765985
v -0.466667 -0.433333 -0.755948
v -0.483333 -0.433333 -0.745402
v -0.450000 -0.366667 -0.799617
v -0.466667 -0.366667 -0.790008
v -0.483333 -0.366667 -0.779923
v -0.450000 -0.300000 -0.826594
v -0.466667 -0.300000 -0.817301
v -0.483333 -0.300000 -0.807558
v -0.450000 -0.233333 -0.847562
v -0.466667 -0.233333 -0.838500
v -0.483333 -0.233333 -0.829007
v -0.450000 -0.166667 -0.862954
v -0.466667 -0.166667 -0.854057
v -0.483333 -0.166667 -0.844736
v -0.450000 -0.100000 -0.873061
v -0.466667 -0.100000 -0.864266
v -0.483333 -0.100000 -0.855057
v -0.450000 -0.033333 -0.878074
v -0.466667 -0.033333 -0.869331
v -0.483333 -0.033333 -0.860177
v -0.450000 0.033333 -0.878075
v -0.466667 0.033333 -0.869331
v -0.483333 0.033333 -0.860177
v -0.450000 0.100000 -0.873061
v -0.466667 0.100000 -0.864266
v -0.483333 0.100000 -0.855058
v -0.450000 0.166667 -0.862954
v -0.466667 0.166667 -0.854057
v -0.483333 0.166667 -0.844736
v -0.450000 0.233333 -0.847562
v -0.466667 0.233333 -0.838500
v -0.483333 0.233333 -0.829007
v -0.450000 0.300000 -0.826594
v -0.466667 0.300000 -0.817301
v -0.483333 0.300000 -0.807558
v -0.450000 0.366667 -0.799617
v -0.466667 0.366667 -0.790008
v -0.483333 0.366667 -0.779923
v -0.450000 0.433333 -0.765985
v -0.466667 0.433333 -0.755948
v -0.483333 0.433333 -0.745402
v -0.450000 0.500000 -0.724781
v -0.466667 0.500000 -0.714164
v -0.483333 0.500000 -0.702991
v -0.450000 0.566666 -0.674619
v -0.466667 0.566666 -0.663198
v -0.483333 0.566666 -0.651150
v -0.450000 0.633333 -0.613288
v -0.466667 0.633333 -0.600702
v -0.483333 0.633333 -0.587375
v -0.383333 -0.633333 -0.657022
v -0.400000 -0.633333 -0.647011
v -0.416667 -0.633333 -0.636407
v -0.383333 -0.566667 -0.714605
v -0.400000 -0.566667 -0.705412
v -0.416667 -0.566667 -0.695699
v -0.383333 -0.500000 -0.762142
v -0.400000 -0.500000 -0.753528
v -0.416667 -0.500000 -0.744441
v -0.383333 -0.433333 -0.801429
v -0.400000 -0.433333 -0.793241
v -0.416667 -0.433333 -0.784615
v -0.383333 -0.366667 -0.833634
v -0.400000 -0.366667 -0.825766
v -0.416667 -0.366667 -0.817481
v -0.383333 -0.300000 -0.859545
v -0.400000 -0.300000 -0.851916
v -0.416667 -0.300000 -0.843888
v -0.383333 -0.233333 -0.879730
v -0.400000 -0.233333 -0.872276
v -0.416667 -0.233333 -0.864437
v -0.383333 -0.166667 -0.894569
v -0.400000 -0.166667 -0.887241
v -0.416667 -0.166667 -0.879535
v -0.383333 -0.100000 -0.904321
v -0.400000 -0.100000 -0.897073
v -0.416667 -0.100000 -0.889453
v -0.383333 -0.033333 -0.909164
v -0.400000 -0.033333 -0.901955
v -0.416667 -0.033333 -0.894376
v -0.383333 0.033333 -0.909164
v -0.400000 0.033333 -0.901955
v -0.416667 0.033333 -0.894376
v -0.383333 0.100000 -0.904321
v -0.400000 0.100000 -0.897073
v -0.416667 0.100000 -0.889453
v -0.383333 0.166667 -0.894569
v -0.400000 0.166667 -0.887241
v -0.416667 0.166667 -0.879535
v -0.383333 0.233333 -0.879730
v -0.400000 0.233333 -0.872276
v -0.416667 0.233333 -0.864437
v -0.383333 0.300000 -0.859545
v -0.400000 0.300000 -0.851916
v -0.416667 0.300000 -0.843888
v -0.383333 0.366667 -0.833634
v -0.400000 0.366667 -0.825766
v -0.416667 0.366667 -0.817481
v -0.383333 0.433333 -0.801429
v -0.400000 0.433333 -0.793241
v -0.416667 0.433333 -0.784615
v -0.383333 0.500000 -0.762142
v -0.400000 0.500000 -0.753528
v -0.416667 0.500000 -0.744441
v -0.383333 0.566667 -0.714605
v -0.400000 0.566667 -0.705412
v -0.416667 0.566667 -0.695699
v -0.383333 0.633333 -0.657022
v -0.400000 0.633333 -0.647011
v -0.416667 0.633333 -0.636407
v -0.316667 -0.633333 -0.691626
v -0.333333 -0.633333 -0.683748
v -0.350000 -0.633333 -0.675367
v -0.316667 -0.566667 -0.746547
v -0.333333 -0.566667 -0.739255
v -0.350000 -0.566667 -0.731510
v -0.316667 -0.500000 -0.792169
v -0.333333 -0.500000 -0.785301
v -0.350000 -0.500000 -0.778015
v -0.316667 -0.433333 -0.830035
v -0.333333 -0.433333 -0.823484
v -0.350000 -0.433333 -0.816540
v -0.316667 -0.366667 -0.861169
v -0.333333 -0.366667 -0.854857
v -0.350000 -0.366667 -0.848170
v -0.316667 -0.300000 -0.886275
v -0.333333 -0.300000 -0.880144
v -0.350000 -0.300000 -0.873650
v -0.316667 -0.233333 -0.905861
v -0.333333 -0.233333 -0.899863
v -0.350000 -0.233333 -0.893514
v -0.316667 -0.166667 -0.920280
v -0.333333 -0.166667 -0.914376
v -0.350000 -0.166667 -0.908128
v -0.316667 -0.100000 -0.929763
v -0.333333 -0.100000 -0.923919
v -0.350000 -0.100000 -0.917736
v -0.316667 -0.033333 -0.934472
v -0.333333 -0.033333 -0.928659
v -0.350000 -0.033333 -0.922508
v -0.316667 0.033333 -0.934472
v -0.333333 0.033333 -0.928659
v -0.350000 0.033333 -0.922508
v -0.316667 0.100000 -0.929763
v -0.333333 0.100000 -0.923919
v -0.350000 0.100000 -0.917736
v -0.316667 0.166667 -0.920280
v -0.333333 0.166667 -0.914376
v -0.350000 0.166667 -0.908128
v -0.316667 0.233333 -0.905861
v -0.333333 0.233333 -0.899863
v -0.350000 0.233333 -0.893514
v -0.316667 0.300000 -0.886275
v -0.333333 0.300000 -0.880144
v -0.350000 0.300000 -0.873650
v -0.316667 0.366667 -0.861169
v -0.333333 0.366667 -0.854858
v -0.350000 0.366667 -0.848170
v -0.316667 0.433333 -0.830035
v -0.333333 0.433333 -0.823484
v -0.350000 0.433333 -0.816540
v -0.316667 0.500000 -0.792169
v -0.333333 0.500000 -0.785301
v -0.350000 0.500000 -0.778015
v -0.316667 0.566667 -0.746547
v -0.333333 0.566667 -0.739255
v -0.350000 0.566667 -0.731510
v -0.316667 0.633333 -0.691626
v -0.333333 0.633333 -0.683748
v -0.350000 0.633333 -0.675367
v -0.250000 -0.633333 -0.718416
v -0.266667 -0.633333 -0.712399
v -0.283333 -0.633333 -0.705936
v -0.250000 -0.566667 -0.771431
v -0.266667 -0.566667 -0.765830
v -0.283333 -0.566667 -0.759823
v -0.250000 -0.500000 -0.815662
v -0.266667 -0.500000 -0.810365
v -0.283333 -0.500000 -0.804691
v -0.250000 -0.433333 -0.852486
v -0.266667 -0.433333 -0.847419
v -0.283333 -0.433333 -0.841994
v -0.250000 -0.366667 -0.882830
v -0.266667 -0.366667 -0.877938
v -0.283333 -0.366667 -0.872702
v -0.250000 -0.300000 -0.907336
v -0.266667 -0.300000 -0.902577
v -0.283333 -0.300000 -0.897485
v -0.250000 -0.233333 -0.926479
v -0.266667 -0.233333 -0.921819
v -0.283333 -0.233333 -0.916833
v -0.250000 -0.166667 -0.940580
v -0.266667 -0.166667 -0.935990
v -0.283333 -0.166667 -0.931081
v -0.250000 -0.100000 -0.949861
v -0.266667 -0.100000 -0.945316
v -0.283333 -0.100000 -0.940455
v -0.250000 -0.033333 -0.954472
v -0.266667 -0.033333 -0.949950
v -0.283333 -0.033333 -0.945113
v -0.250000 0.033333 -0.954472
v -0.266667 0.033333 -0.949950
v -0.283333 0.033333 -0.945113
v -0.250000 0.100000 -0.949861
v -0.266667 0.100000 -0.945316
v -0.283333 0.100000 -0.940455
v -0.250000 0.166667 -0.940580
v -0.266667 0.166667 -0.935990
v -0.283333 0.166667 -0.931081
v -0.250000 0.233333 -0.926479
v -0.266667 0.233333 -0.921819
v -0.283333 0.233333 -0.916833
v -0.250000 0.300000 -0.907336
v -0.266667 0.300000 -0.902577
v -0.283333 0.300000 -0.897485
v -0.250000 0.366667 -0.882830
v -0.266667 0.366667 -0.877939
v -0.283333 0.366667 -0.872702
v -0.250000 0.433333 -0.852486
v -0.266667 0.433333 -0.847419
v -0.283333 0.433333 -0.841994
v -0.250000 0.500000 -0.815662
v -0.266667 0.500000 -0.810365
v -0.283333 0.500000 -0.804691
v -0.250000 0.566667 -0.771431
v -0.266667 0.566667 -0.765830
v -0.283333 0.566667 -0.759823
v -0.250000 0.633333 -0.718416
v -0.266667 0.633333 -0.712399
v -0.283333 0.633333 -0.705936
v -0.183333 -0.633333 -0.738249
v -0.200000 -0.633333 -0.733908
v -0.216667 -0.633333 -0.729161
v -0.183333 -0.566667 -0.789935
v -0.200000 -0.566667 -0.785880
v -0.216667 -0.566667 -0.781448
v -0.183333 -0.500000 -0.833184
v -0.200000 -0.500000 -0.829341
v -0.216667 -0.500000 -0.825142
v -0.183333 -0.433333 -0.869267
v -0.200000 -0.433333 -0.865584
v -0.216667 -0.433333 -0.861562
v -0.183333 -0.366667 -0.899045
v -0.200000 -0.366667 -0.895484
v -0.216667 -0.366667 -0.891597
v -0.183333 -0.300000 -0.923122
v -0.200000 -0.300000 -0.919654
v -0.216667 -0.300000 -0.915870
v -0.183333 -0.233333 -0.941943
v -0.200000 -0.233333 -0.938545
v -0.216667 -0.233333 -0.934838
v -0.183333 -0.166667 -0.955817
v -0.200000 -0.166667 -0.952468
v -0.216667 -0.166667 -0.948816
v -0.183333 -0.100000 -0.964951
v -0.200000 -0.100000 -0.961635
v -0.216667 -0.100000 -0.958016
v -0.183333 -0.033333 -0.969491
v -0.200000 -0.033333 -0.966189
v -0.216667 -0.033333 -0.962589
v -0.183333 0.033333 -0.969491
v -0.200000 0.033333 -0.966189
v -0.216667 0.033333 -0.962589
v -0.183333 0.100000 -0.964951
v -0.200000 0.100000 -0.961635
v -0.216667 0.100000 -0.958016
v -0.183333 0.166667 -0.955817
v -0.200000 0.166667 -0.952468
v -0.216667 0.166667 -0.948816
v -0.183333 0.233333 -0.941943
v -0.200000 0.233333 -0.938545
v -0.216667 0.233333 -0.934838
v -0.183333 0.300000 -0.923122
v -0.200000 0.300000 -0.919654
v -0.216667 0.300000 -0.915870
v -0.183333 0.366667 -0.899045
v -0.200000 0.366667 -0.895484
v -0.216667 0.366667 -0.891597
v -0.183333 0.433333 -0.869267
v -0.200000 0.433333 -0.865585
v -0.216667 0.433333 -0.861562
v -0.183333 0.500000 -0.833185
v -0.200000 0.500000 -0.829341
v -0.216667 0.500000 -0.825142
v -0.183333 0.566667 -0.789935
v -0.200000 0.566667 -0.785880
v -0.216667 0.566667 -0.781448
v -0.183333 0.633333 -0.738249
v -0.200000 0.633333 -0.733908
v -0.216667 0.633333 -0.729161
v -0.116667 -0.633333 -0.751673
v -0.133333 -0.633333 -0.748897
v -0.150000 -0.633333 -0.745738
v -0.116667 -0.566667 -0.802494
v -0.133333 -0.566667 -0.799894
v -0.150000 -0.566667 -0.796938
v -0.116667 -0.500000 -0.845100
v -0.133333 -0.500000 -0.842632
v -0.150000 -0.500000 -0.839826
v -0.116667 -0.433333 -0.880694
v -0.133333 -0.433333 -0.878326
v -0.150000 -0.433333 -0.875634
v -0.116667 -0.366667 -0.910097
v -0.133333 -0.366667 -0.907806
v -0.150000 -0.366667 -0.905202
v -0.116667 -0.300000 -0.933888
v -0.133333 -0.300000 -0.931656
v -0.150000 -0.300000 -0.929119
v -0.116667 -0.233333 -0.952497
v -0.133333 -0.233333 -0.950308
v -0.150000 -0.233333 -0.947822
v -0.116667 -0.166667 -0.966219
v -0.133333 -0.166667 -0.964061
v -0.150000 -0.166667 -0.961610
v -0.116667 -0.100000 -0.975256
v -0.133333 -0.100000 -0.973118
v -0.150000 -0.100000 -0.970690
v -0.116667 -0.033333 -0.979747
v -0.133333 -0.033333 -0.977620
v -0.150000 -0.033333 -0.975202
v -0.116667 0.033333 -0.979747
v -0.133333 0.033333 -0.977619
v -0.150000 0.033333 -0.975202
v -0.116667 0.100000 -0.975256
v -0.133333 0.100000 -0.973118
v -0.150000 0.100000 -0.970690
v -0.116667 0.166667 -0.966220
v -0.133333 0.166667 -0.964062
v -0.150000 0.166667 -0.961610
v -0.116667 0.233333 -0.952497
v -0.133333 0.233333 -0.950308
v -0.150000 0.233333 -0.947822
v -0.116667 0.300000 -0.933888
v -0.133333 0.300000 -0.931656
v -0.150000 0.300000 -0.929119
v -0.116667 0.366667 -0.910097
v -0.133333 0.366667 -0.907806
v -0.150000 0.366667 -0.905202
v -0.116667 0.433333 -0.880694
v -0.133333 0.433333 -0.878326
v -0.150000 0.433333 -0.875634
v -0.116667 0.500000 -0.845100
v -0.133333 0.500000 -0.842632
v -0.150000 0.500000 -0.839826
v -0.116667 0.566667 -0.802494
v -0.133333 0.566667 -0.799895
v -0.150000 0.566667 -0.796938
v -0.116667 0.633333 -0.751673
v -0.133333 0.633333 -0.748897
v -0.150000 0.633333 -0.745738
v -0.050000 -0.633333 -0.759026
v -0.066667 -0.633333 -0.757744
v -0.083333 -0.633333 -0.756093
v -0.050000 -0.566667 -0.809387
v -0.066667 -0.566667 -0.808184
v -0.083333 -0.566667 -0.806635
v -0.050000 -0.500000 -0.851649
v -0.066667 -0.500000 -0.850505
v -0.083333 -0.500000 -0.849034
v -0.050000 -0.433333 -0.886979
v -0.066667 -0.433333 -0.885882
v -0.083333 -0.433333 -0.884469
v -0.050000 -0.366667 -0.916182
v -0.066667 -0.366667 -0.915119
v -0.083333 -0.366667 -0.913751
v -0.050000 -0.300000 -0.939819
v -0.066667 -0.300000 -0.938784
v -0.083333 -0.300000 -0.937451
v -0.050000 -0.233333 -0.958314
v -0.066667 -0.233333 -0.957297
v -0.083333 -0.233333 -0.955990
v -0.050000 -0.166667 -0.971953
v -0.066667 -0.166667 -0.970951
v -0.083333 -0.166667 -0.969663
v -0.050000 -0.100000 -0.980937
v -0.066667 -0.100000 -0.979945
v -0.083333 -0.100000 -0.978667
v -0.050000 -0.033333 -0.985403
v -0.066667 -0.033333 -0.984416
v -0.083333 -0.033333 -0.983143
v -0.050000 0.033333 -0.985402
v -0.066667 0.033333 -0.984415
v -0.083333 0.033333 -0.983143
v -0.050000 0.100000 -0.980937
v -0.066667 0.100000 -0.979945
v -0.083333 0.100000 -0.978667
v -0.050000 0.166667 -0.971953
v -0.066667 0.166667 -0.970951
v -0.083333 0.166667 -0.969663
v -0.050000 0.233333 -0.958314
v -0.066667 0.233333 -0.957297
v -0.083333 0.233333 -0.955990
v -0.050000 0.300000 -0.939819
v -0.066667 0.300000 -0.938784
v -0.083333 0.300000 -0.937451
v -0.050000 0.366667 -0.916182
v -0.066667 0.366667 -0.915119
v -0.083333 0.366667 -0.913752
v -0.050000 0.433333 -0.886980
v -0.066667 0.433333 -0.885882
v -0.083333 0.433333 -0.884470
v -0.050000 0.500000 -0.851649
v -0.066667 0.500000 -0.850505
v -0.083333 0.500000 -0.849034
v -0.050000 0.566667 -0.809387
v -0.066667 0.566667 -0.808184
v -0.083333 0.566667 -0.806635
v -0.050000 0.633333 -0.759027
v -0.066667 0.633333 -0.757744
v -0.083333 0.633333 -0.756093
v 0.016667 -0.633333 -0.760491
v -0.000000 -0.633333 -0.760675
v -0.016667 -0.633333 -0.760491
v 0.016667 -0.566667 -0.810760
v -0.000000 -0.566667 -0.810932
v -0.016667 -0.566667 -0.810760
v 0.016667 -0.500000 -0.852954
v -0.000000 -0.500000 -0.853118
v -0.016667 -0.500000 -0.852954
v 0.016667 -0.433333 -0.888234
v -0.000000 -0.433333 -0.888391
v -0.016667 -0.433333 -0.888234
v 0.016667 -0.366667 -0.917396
v -0.000000 -0.366667 -0.917548
v -0.016667 -0.366667 -0.917396
v 0.016667 -0.300000 -0.941003
v -0.000000 -0.300000 -0.941152
v -0.016667 -0.300000 -0.941003
v 0.016667 -0.233333 -0.959474
v -0.000000 -0.233333 -0.959620
v -0.016667 -0.233333 -0.959474
v 0.016667 -0.166667 -0.973098
v -0.000000 -0.166667 -0.973242
v -0.016667 -0.166667 -0.973098
v 0.016667 -0.100000 -0.982071
v -0.000000 -0.100000 -0.982214
v -0.016667 -0.100000 -0.982071
v 0.016667 -0.033333 -0.986532
v -0.000000 -0.033333 -0.986674
v -0.016667 -0.033333 -0.986532
v 0.016667 0.033333 -0.986532
v -0.000000 0.033333 -0.986674
v -0.016667 0.033333 -0.986531
v 0.016667 0.100000 -0.982071
v -0.000000 0.100000 -0.982214
v -0.016667 0.100000 -0.982071
v 0.016667 0.166667 -0.973098
v -0.000000 0.166667 -0.973242
v -0.016667 0.166667 -0.973098
v 0.016667 0.233333 -0.959474
v -0.000000 0.233333 -0.959620
v -0.016667 0.233333 -0.959474
v 0.016667 0.300000 -0.941003
v -0.000000 0.300000 -0.941152
v -0.016667 0.300000 -0.941003
v 0.016667 0.366667 -0.917397
v -0.000000 0.366667 -0.917549
v -0.016667 0.366667 -0.917397
v 0.016667 0.433333 -0.888234
v -0.000000 0.433333 -0.888391
v -0.016667 0.433333 -0.888234
v 0.016667 0.500000 -0.852954
v -0.000000 0.500000 -0.853118
v -0.016667 0.500000 -0.852954
v 0.016667 0.566667 -0.810760
v 0.000000 0.566667 -0.810933
v -0.016667 0.566667 -0.810760
v 0.016667 0.633333 -0.760492
v 0.000000 0.633333 -0.760675
v -0.016667 0.633333 -0.760491
v 0.083333 -0.633333 -0.756093
v 0.066667 -0.633333 -0.757744
v 0.050000 -0.633333 -0.759026
v 0.083333 -0.566667 -0.806635
v 0.066667 -0.566667 -0.808184
v 0.050000 -0.566667 -0.809387
v 0.083333 -0.500000 -0.849035
v 0.066667 -0.500000 -0.850505
v 0.050000 -0.500000 -0.851649
v 0.083333 -0.433333 -0.884470
v 0.066667 -0.433333 -0.885882
v 0.050000 -0.433333 -0.886979
v 0.083333 -0.366667 -0.913752
v 0.066667 -0.366667 -0.915119
v 0.050000 -0.366667 -0.916182
v 0.083333 -0.300000 -0.937451
v 0.066667 -0.300000 -0.938784
v 0.050000 -0.300000 -0.939819
v 0.083333 -0.233333 -0.955990
v 0.066667 -0.233333 -0.957297
v 0.050000 -0.233333 -0.958314
v 0.083333 -0.166667 -0.969664
v 0.066667 -0.166667 -0.970952
v 0.050000 -0.166667 -0.971954
v 0.083333 -0.100000 -0.978668
v 0.066667 -0.100000 -0.979945
v 0.050000 -0.100000 -0.980937
v 0.083333 -0.033333 -0.983144
v 0.066667 -0.033333 -0.984416
v 0.050000 -0.033333 -0.985403
v 0.083333 0.033333 -0.983144
v 0.066667 0.033333 -0.984416
v 0.050000 0.033333 -0.985403
v 0.083333 0.100000 -0.978668
v 0.066667 0.100000 -0.979945
v 0.050000 0.100000 -0.980937
v 0.083333 0.166667 -0.969664
v 0.066667 0.166667 -0.970952
v 0.050000 0.166667 -0.971954
v 0.083333 0.233333 -0.955990
v 0.066667 0.233333 -0.957298
v 0.050000 0.233333 -0.958314
v 0.083333 0.300000 -0.937451
v 0.066667 0.300000 -0.938784
v 0.050000 0.300000 -0.939820
v 0.083333 0.366667 -0.913752
v 0.066667 0.366667 -0.915120
v 0.050000 0.366667 -0.916182
v 0.083333 0.433333 -0.884470
v 0.066667 0.433333 -0.885882
v 0.050000 0.433333 -0.886980
v 0.083333 0.500000 -0.849035
v 0.066667 0.500000 -0.850505
v 0.050000 0.500000 -0.851649
v 0.083333 0.566667 -0.806636
v 0.066667 0.566667 -0.808184
v 0.050000 0.566667 -0.809387
v 0.083333 0.633333 -0.756093
v 0.066667 0.633333 -0.757744
v 0.050000 0.633333 -0.759027
v 0.150000 -0.633333 -0.745738
v 0.133333 -0.633333 -0.748897
v 0.116667 -0.633333 -0.751673
v 0.150000 -0.566667 -0.796938
v 0.133333 -0.566667 -0.799895
v 0.116667 -0.566667 -0.802495
v 0.150000 -0.500000 -0.839826
v 0.133333 -0.500000 -0.842633
v 0.116667 -0.500000 -0.845100
v 0.150000 -0.433333 -0.875635
v 0.133333 -0.433333 -0.878326
v 0.116667 -0.433333 -0.880694
v 0.150000 -0.366667 -0.905202
v 0.133333 -0.366667 -0.907806
v 0.116667 -0.366667 -0.910097
v 0.150000 -0.300000 -0.929120
v 0.133333 -0.300000 -0.931656
v 0.116667 -0.300000 -0.933889
v 0.150000 -0.233333 -0.947822
v 0.133333 -0.233333 -0.950309
v 0.116667 -0.233333 -0.952498
v 0.150000 -0.166667 -0.961610
v 0.133333 -0.166667 -0.964062
v 0.116667 -0.166667 -0.966220
v 0.150000 -0.100000 -0.970691
v 0.133333 -0.100000 -0.973118
v 0.116667 -0.100000 -0.975257
v 0.150000 -0.033333 -0.975203
v 0.133333 -0.033333 -0.977620
v 0.116667 -0.033333 -0.979748
v 0.150000 0.033333 -0.975203
v 0.133333 0.033333 -0.977620
v 0.116667 0.033333 -0.979748
v 0.150000 0.100000 -0.970691
v 0.133333 0.100000 -0.973118
v 0.116667 0.100000 -0.975257
v 0.150000 0.166667 -0.961610
v 0.133333 0.166667 -0.964062
v 0.116667 0.166667 -0.966220
v 0.150000 0.233333 -0.947822
v 0.133333 0.233333 -0.950308
v 0.116667 0.233333 -0.952498
v 0.150000 0.300000 -0.929120
v 0.133333 0.300000 -0.931656
v 0.116667 0.300000 -0.933889
v 0.150000 0.366667 -0.905203
v 0.133333 0.366667 -0.907806
v 0.116667 0.366667 -0.910097
v 0.150000 0.433333 -0.875635
v 0.133333 0.433333 -0.878327
v 0.116667 0.433333 -0.880694
v 0.150000 0.500000 -0.839827
v 0.133333 0.500000 -0.842633
v 0.116667 0.500000 -0.845100
v 0.150000 0.566667 -0.796938
v 0.133333 0.566667 -0.799895
v 0.116667 0.566667 -0.802495
v 0.150000 0.633333 -0.745738
v 0.133333 0.633333 -0.748897
v 0.116667 0.633333 -0.751673
v 0.216667 -0.633333 -0.729162
v 0.200000 -0.633333 -0.733909
v 0.183333 -0.633333 -0.738249
v 0.216667 -0.566667 -0.781449
v 0.200000 -0.566667 -0.785880
v 0.183333 -0.566667 -0.789936
v 0.216667 -0.500000 -0.825143
v 0.200000 -0.500000 -0.829342
v 0.183333 -0.500000 -0.833185
v 0.216667 -0.433333 -0.861562
v 0.200000 -0.433333 -0.865585
v 0.183333 -0.433333 -0.869268
v 0.216667 -0.366667 -0.891598
v 0.200000 -0.366667 -0.895485
v 0.183333 -0.366667 -0.899045
v 0.216667 -0.300000 -0.915870
v 0.200000 -0.300000 -0.919655
v 0.183333 -0.300000 -0.923123
v 0.216667 -0.233333 -0.934839
v 0.200000 -0.233333 -0.938546
v 0.183333 -0.233333 -0.941944
v 0.216667 -0.166667 -0.948816
v 0.200000 -0.166667 -0.952469
v 0.183333 -0.166667 -0.955818
v 0.216667 -0.100000 -0.958017
v 0.200000 -0.100000 -0.961636
v 0.183333 -0.100000 -0.964952
v 0.216667 -0.033333 -0.962590
v 0.200000 -0.033333 -0.966190
v 0.183333 -0.033333 -0.969491
v 0.216667 0.033333 -0.962589
v 0.200000 0.033333 -0.966190
v 0.183333 0.033333 -0.969491
v 0.216667 0.100000 -0.958017
v 0.200000 0.100000 -0.961636
v 0.183333 0.100000 -0.964952
v 0.216667 0.166667 -0.948816
v 0.200000 0.166667 -0.952469
v 0.183333 0.166667 -0.955818
v 0.216667 0.233333 -0.934838
v 0.200000 0.233333 -0.938546
v 0.183333 0.233333 -0.941944
v 0.216667 0.300000 -0.915870
v 0.200000 0.300000 -0.919655
v 0.183333 0.300000 -0.923123
v 0.216667 0.366667 -0.891598
v 0.200000 0.366667 -0.895485
v 0.183333 0.366667 -0.899045
v 0.216667 0.433333 -0.861562
v 0.200000 0.433333 -0.865585
v 0.183333 0.433333 -0.869268
v 0.216667 0.500000 -0.825143
v 0.200000 0.500000 -0.829342
v 0.183333 0.500000 -0.833185
v 0.216667 0.566667 -0.781449
v 0.200000 0.566667 -0.785880
v 0.183333 0.566667 -0.789936
v 0.216667 0.633333 -0.729162
v 0.200000 0.633333 -0.733909
v 0.183333 0.633333 -0.738249
v 0.283333 -0.633333 -0.705937
v 0.266667 -0.633333 -0.712400
v 0.250000 -0.633333 -0.718417
v 0.283333 -0.566667 -0.759823
v 0.266667 -0.566667 -0.765831
v 0.250000 -0.566667 -0.771432
v 0.283333 -0.500000 -0.804691
v 0.266667 -0.500000 -0.810366
v 0.250000 -0.500000 -0.815662
v 0.283333 -0.433333 -0.841995
v 0.266667 -0.433333 -0.847420
v 0.250000 -0.433333 -0.852486
v 0.283333 -0.366667 -0.872703
v 0.266667 -0.366667 -0.877939
v 0.250000 -0.366667 -0.882830
v 0.283333 -0.300000 -0.897486
v 0.266667 -0.300000 -0.902578
v 0.250000 -0.300000 -0.907336
v 0.283333 -0.233333 -0.916834
v 0.266667 -0.233333 -0.921820
v 0.250000 -0.233333 -0.926480
v 0.283333 -0.166667 -0.931082
v 0.266667 -0.166667 -0.935991
v 0.250000 -0.166667 -0.940581
v 0.283333 -0.100000 -0.940456
v 0.266667 -0.100000 -0.945317
v 0.250000 -0.100000 -0.949862
v 0.283333 -0.033333 -0.945114
v 0.266667 -0.033333 -0.949950
v 0.250000 -0.033333 -0.954473
v 0.283333 0.033333 -0.945114
v 0.266667 0.033333 -0.949951
v 0.250000 0.033333 -0.954472
v 0.283333 0.100000 -0.940456
v 0.266667 0.100000 -0.945317
v 0.250000 0.100000 -0.949862
v 0.283333 0.166667 -0.931082
v 0.266667 0.166667 -0.935991
v 0.250000 0.166667 -0.940581
v 0.283333 0.233333 -0.916834
v 0.266667 0.233333 -0.921820
v 0.250000 0.233333 -0.926480
v 0.283333 0.300000 -0.897486
v 0.266667 0.300000 -0.902578
v 0.250000 0.300000 -0.907336
v 0.283333 0.366667 -0.872703
v 0.266667 0.366667 -0.877939
v 0.250000 0.366667 -0.882830
v 0.283333 0.433333 -0.841995
v 0.266667 0.433333 -0.847420
v 0.250000 0.433333 -0.852486
v 0.283333 0.500000 -0.804691
v 0.266667 0.500000 -0.810366
v 0.250000 0.500000 -0.815662
v 0.283333 0.566667 -0.759823
v 0.266667 0.566667 -0.765831
v 0.250000 0.566667 -0.771432
v 0.283333 0.633333 -0.705937
v 0.266667 0.633333 -0.712399
v 0.250000 0.633333 -0.718417
v 0.350000 -0.633333 -0.675368
v 0.333333 -0.633333 -0.683748
v 0.316667 -0.633333 -0.691626
v 0.350000 -0.566667 -0.731511
v 0.333333 -0.566667 -0.739256
v 0.316667 -0.566667 -0.746548
v 0.350000 -0.500000 -0.778016
v 0.333333 -0.500000 -0.785302
v 0.316667 -0.500000 -0.792170
v 0.350000 -0.433333 -0.816541
v 0.333333 -0.433333 -0.823484
v 0.316667 -0.433333 -0.830035
v 0.350000 -0.366667 -0.848171
v 0.333333 -0.366667 -0.854858
v 0.316667 -0.366667 -0.861170
v 0.350000 -0.300000 -0.873651
v 0.333333 -0.300000 -0.880144
v 0.316667 -0.300000 -0.886276
v 0.350000 -0.233333 -0.893515
v 0.333333 -0.233333 -0.899864
v 0.316667 -0.233333 -0.905862
v 0.350000 -0.166667 -0.908129
v 0.333333 -0.166667 -0.914377
v 0.316667 -0.166667 -0.920281
v 0.350000 -0.100000 -0.917737
v 0.333333 -0.100000 -0.923920
v 0.316667 -0.100000 -0.929764
v 0.350000 -0.033333 -0.922509
v 0.333333 -0.033333 -0.928659
v 0.316667 -0.033333 -0.934473
v 0.350000 0.033333 -0.922509
v 0.333333 0.033333 -0.928659
v 0.316667 0.033333 -0.934473
v 0.350000 0.100000 -0.917737
v 0.333333 0.100000 -0.923920
v 0.316667 0.100000 -0.929764
v 0.350000 0.166667 -0.908129
v 0.333333 0.166667 -0.914377
v 0.316667 0.166667 -0.920281
v 0.350000 0.233333 -0.893515
v 0.333333 0.233333 -0.899864
v 0.316667 0.233333 -0.905862
v 0.350000 0.300000 -0.873651
v 0.333333 0.300000 -0.880144
v 0.316667 0.300000 -0.886276
v 0.350000 0.366667 -0.848171
v 0.333333 0.366667 -0.854858
v 0.316667 0.366667 -0.861170
v 0.350000 0.433333 -0.816541
v 0.333333 0.433333 -0.823484
v 0.316667 0.433333 -0.830035
v 0.350000 0.500000 -0.778016
v 0.333333 0.500000 -0.785302
v 0.316667 0.500000 -0.792170
v 0.350000 0.566667 -0.731510
v 0.333333 0.566667 -0.739256
v 0.316667 0.566667 -0.746548
v 0.350000 0.633333 -0.675368
v 0.333333 0.633333 -0.683748
v 0.316667 0.633333 -0.691626
v 0.416667 -0.633333 -0.636408
v 0.400000 -0.633333 -0.647011
v 0.383333 -0.633333 -0.657022
v 0.416667 -0.566667 -0.695700
v 0.400000 -0.566667 -0.705413
v 0.383333 -0.566667 -0.714606
v 0.416667 -0.500000 -0.744442
v 0.400000 -0.500000 -0.753528
v 0.383333 -0.500000 -0.762142
v 0.416667 -0.433333 -0.784615
v 0.400000 -0.433333 -0.793242
v 0.383333 -0.433333 -0.801429
v 0.416667 -0.366667 -0.817482
v 0.400000 -0.366667 -0.825767
v 0.383333 -0.366667 -0.833635
v 0.416667 -0.300000 -0.843889
v 0.400000 -0.300000 -0.851917
v 0.383333 -0.300000 -0.859546
v 0.416667 -0.233333 -0.864438
v 0.400000 -0.233333 -0.872277
v 0.383333 -0.233333 -0.879730
v 0.416667 -0.166667 -0.879536
v 0.400000 -0.166667 -0.887241
v 0.383333 -0.166667 -0.894570
v 0.416667 -0.100000 -0.889454
v 0.400000 -0.100000 -0.897073
v 0.383333 -0.100000 -0.904322
v 0.416667 -0.033333 -0.894377
v 0.400000 -0.033333 -0.901955
v 0.383333 -0.033333 -0.909165
v 0.416667 0.033333 -0.894377
v 0.400000 0.033333 -0.901955
v 0.383333 0.033333 -0.909165
v 0.416667 0.100000 -0.889454
v 0.400000 0.100000 -0.897073
v 0.383333 0.100000 -0.904322
v 0.416667 0.166667 -0.879536
v 0.400000 0.166667 -0.887241
v 0.383333 0.166667 -0.894570
v 0.416667 0.233333 -0.864438
v 0.400000 0.233333 -0.872277
v 0.383333 0.233333 -0.879730
v 0.416667 0.300000 -0.843889
v 0.400000 0.300000 -0.851917
v 0.383333 0.300000 -0.859546
v 0.416667 0.366667 -0.817482
v 0.400000 0.366667 -0.825767
v 0.383333 0.366667 -0.833635
v 0.416667 0.433333 -0.784615
v 0.400000 0.433333 -0.793242
v 0.383333 0.433333 -0.801430
v 0.416667 0.500000 -0.744442
v 0.400000 0.500000 -0.753528
v 0.383333 0.500000 -0.762142
v 0.416667 0.566667 -0.695699
v 0.400000 0.566667 -0.705413
v 0.383333 0.566667 -0.714606
v 0.416667 0.633333 -0.636408
v 0.400000 0.633333 -0.647011
v 0.383333 0.633333 -0.657022
v 0.483333 -0.633333 -0.587375
v 0.466667 -0.633333 -0.600703
v 0.450000 -0.633333 -0.613289
v 0.483333 -0.566667 -0.651151
v 0.466667 -0.566667 -0.663199
v 0.450000 -0.566667 -0.674619
v 0.483333 -0.500000 -0.702992
v 0.466667 -0.500000 -0.714165
v 0.450000 -0.500000 -0.724782
v 0.483333 -0.433333 -0.745403
v 0.466667 -0.433333 -0.755948
v 0.450000 -0.433333 -0.765986
v 0.483333 -0.366667 -0.779924
v 0.466667 -0.366667 -0.790008
v 0.450000 -0.366667 -0.799618
v 0.483333 -0.300000 -0.807558
v 0.466667 -0.300000 -0.817302
v 0.450000 -0.300000 -0.826594
v 0.483333 -0.233333 -0.829008
v 0.466667 -0.233333 -0.838501
v 0.450000 -0.233333 -0.847563
v 0.483333 -0.166667 -0.844737
v 0.466667 -0.166667 -0.854058
v 0.450000 -0.166667 -0.862955
v 0.483333 -0.100000 -0.855058
v 0.466667 -0.100000 -0.864267
v 0.450000 -0.100000 -0.873061
v 0.483333 -0.033333 -0.860178
v 0.466667 -0.033333 -0.869332
v 0.450000 -0.033333 -0.878075
v 0.483333 0.033333 -0.860178
v 0.466667 0.033333 -0.869332
v 0.450000 0.033333 -0.878075
v 0.483333 0.100000 -0.855058
v 0.466667 0.100000 -0.864267
v 0.450000 0.100000 -0.873061
v 0.483333 0.166667 -0.844737
v 0.466667 0.166667 -0.854058
v 0.450000 0.166667 -0.862955
v 0.483333 0.233333 -0.829008
v 0.466667 0.233333 -0.838501
v 0.450000 0.233333 -0.847563
v 0.483333 0.300000 -0.807558
v 0.466667 0.300000 -0.817302
v 0.450000 0.300000 -0.826594
v 0.483333 0.366667 -0.779924
v 0.466667 0.366667 -0.790008
v 0.450000 0.366667 -0.799618
v 0.483333 0.433333 -0.745403
v 0.466667 0.433333 -0.755948
v 0.450000 0.433333 -0.765986
v 0.483333 0.500000 -0.702992
v 0.466667 0.500000 -0.714165
v 0.450000 0.500000 -0.724782
v 0.483333 0.566666 -0.651151
v 0.466667 0.566666 -0.663199
v 0.450000 0.566666 -0.674619
v 0.483333 0.633333 -0.587375
v 0.466667 0.633333 -0.600703
v 0.450000 0.633333 -0.613289
v 0.550000 -0.633333 -0.525476
v 0.533333 -0.633333 -0.542385
v 0.516667 -0.633333 -0.558282
v 0.550000 -0.566667 -0.595911
v 0.533333 -0.566667 -0.610871
v 0.516667 -0.566667 -0.625030
v 0.550000 -0.500000 -0.652153
v 0.533333 -0.500000 -0.665853
v 0.516667 -0.500000 -0.678868
v 0.550000 -0.433333 -0.697662
v 0.533333 -0.433333 -0.710486
v 0.516667 -0.433333 -0.722697
v 0.550000 -0.366667 -0.734432
v 0.533333 -0.366667 -0.746625
v 0.516667 -0.366667 -0.758255
v 0.550000 -0.300000 -0.763717
v 0.533333 -0.300000 -0.775448
v 0.516667 -0.300000 -0.786651
v 0.550000 -0.233333 -0.786365
v 0.533333 -0.233333 -0.797763
v 0.516667 -0.233333 -0.808656
v 0.550000 -0.166667 -0.802931
v 0.533333 -0.166667 -0.814098
v 0.516667 -0.166667 -0.824773
v 0.550000 -0.100000 -0.813783
v 0.533333 -0.100000 -0.824802
v 0.516667 -0.100000 -0.835341
v 0.550000 -0.033333 -0.819160
v 0.533333 -0.033333 -0.830108
v 0.516667 -0.033333 -0.840581
v 0.550000 0.033333 -0.819160
v 0.533333 0.033333 -0.830108
v 0.516667 0.033333 -0.840581
v 0.550000 0.100000 -0.813783
v 0.533333 0.100000 -0.824802
v 0.516667 0.100000 -0.835341
v 0.550000 0.166667 -0.802931
v 0.533333 0.166667 -0.814098
v 0.516667 0.166667 -0.824773
v 0.550000 0.233333 -0.786365
v 0.533333 0.233333 -0.797763
v 0.516667 0.233333 -0.808656
v 0.550000 0.300000 -0.763716
v 0.533333 0.300000 -0.775448
v 0.516667 0.300000 -0.786651
v 0.550000 0.366667 -0.734432
v 0.533333 0.366667 -0.746625
v 0.516667 0.366667 -0.758255
v 0.550000 0.433333 -0.697662
v 0.533333 0.433333 -0.710486
v 0.516667 0.433333 -0.722697
v 0.550000 0.500000 -0.652153
v 0.533333 0.500000 -0.665853
v 0.516667 0.500000 -0.678868
v 0.550000 0.566666 -0.595911
v 0.533333 0.566666 -0.610871
v 0.516667 0.566666 -0.625030
v 0.550000 0.633333 -0.525476
v 0.533333 0.633333 -0.542385
v 0.516667 0.633333 -0.558282
v 0.616667 -0.633333 -0.445361
v 0.600000 -0.633333 -0.467570
v 0.583333 -0.633333 -0.488205
v 0.616667 -0.566667 -0.526620
v 0.600000 -0.566667 -0.545535
v 0.583333 -0.566667 -0.563323
v 0.616667 -0.500000 -0.589518
v 0.600000 -0.500000 -0.606473
v 0.583333 -0.500000 -0.622519
v 0.616667 -0.433333 -0.639500
v 0.600000 -0.433333 -0.655160
v 0.583333 -0.433333 -0.670041
v 0.616667 -0.366667 -0.679421
v 0.600000 -0.366667 -0.694182
v 0.583333 -0.366667 -0.708244
v 0.616667 -0.300000 -0.710973
v 0.600000 -0.300000 -0.725092
v 0.583333 -0.300000 -0.738568
v 0.616667 -0.233333 -0.735244
v 0.600000 -0.233333 -0.748908
v 0.583333 -0.233333 -0.761963
v 0.616667 -0.166667 -0.752936
v 0.600000 -0.166667 -0.766284
v 0.583333 -0.166667 -0.779048
v 0.616667 -0.100000 -0.764498
v 0.600000 -0.100000 -0.777648
v 0.583333 -0.100000 -0.790229
v 0.616667 -0.033333 -0.770221
v 0.600000 -0.033333 -0.783275
v 0.583333 -0.033333 -0.795766
v 0.616667 0.033333 -0.770221
v 0.600000 0.033333 -0.783275
v 0.583333 0.033333 -0.795766
v 0.616667 0.100000 -0.764498
v 0.600000 0.100000 -0.777648
v 0.583333 0.100000 -0.790228
v 0.616667 0.166667 -0.752936
v 0.600000 0.166667 -0.766284
v 0.583333 0.166667 -0.779048
v 0.616667 0.233333 -0.735244
v 0.600000 0.233333 -0.748908
v 0.583333 0.233333 -0.761963
v 0.616667 0.300000 -0.710973
v 0.600000 0.300000 -0.725092
v 0.583333 0.300000 -0.738568
v 0.616667 0.366667 -0.679421
v 0.600000 0.366667 -0.694182
v 0.583333 0.366667 -0.708244
v 0.616667 0.433333 -0.639500
v 0.600000 0.433333 -0.655160
v 0.583333 0.433333 -0.670041
v 0.616667 0.500000 -0.589518
v 0.600000 0.500000 -0.606473
v 0.583333 0.500000 -0.622519
v 0.616667 0.566666 -0.526620
v 0.600000 0.566666 -0.545535
v 0.583333 0.566666 -0.563323
v 0.616667 0.633333 -0.445361
v 0.600000 0.633333 -0.467570
v 0.583333 0.633333 -0.488205
v 0.683333 -0.633333 -0.334183
v 0.666667 -0.633333 -0.366302
v 0.650000 -0.633333 -0.395126
v 0.683333 -0.566667 -0.436653
v 0.666667 -0.566667 -0.461699
v 0.650000 -0.566667 -0.484880
v 0.683333 -0.500000 -0.510747
v 0.666667 -0.500000 -0.532315
v 0.650000 -0.500000 -0.552543
v 0.683333 -0.433333 -0.567705
v 0.666667 -0.433333 -0.587187
v 0.650000 -0.433333 -0.605587
v 0.683333 -0.366667 -0.612328
v 0.666667 -0.366667 -0.630435
v 0.650000 -0.366667 -0.647606
v 0.683333 -0.300000 -0.647163
v 0.666667 -0.300000 -0.664320
v 0.650000 -0.300000 -0.680635
v 0.683333 -0.233333 -0.673739
v 0.666667 -0.233333 -0.690235
v 0.650000 -0.233333 -0.705950
v 0.683333 -0.166667 -0.693003
v 0.666667 -0.166667 -0.709051
v 0.650000 -0.166667 -0.724357
v 0.683333 -0.100000 -0.705548
v 0.666667 -0.100000 -0.721315
v 0.650000 -0.100000 -0.736367
v 0.683333 -0.033333 -0.711743
v 0.666667 -0.033333 -0.727376
v 0.650000 -0.033333 -0.742305
v 0.683333 0.033333 -0.711743
v 0.666667 0.033333 -0.727376
v 0.650000 0.033333 -0.742305
v 0.683333 0.100000 -0.705548
v 0.666667 0.100000 -0.721315
v 0.650000 0.100000 -0.736367
v 0.683333 0.166667 -0.693003
v 0.666667 0.166667 -0.709051
v 0.650000 0.166667 -0.724357
v 0.683333 0.233333 -0.673739
v 0.666667 0.233333 -0.690235
v 0.650000 0.233333 -0.705950
v 0.683333 0.300000 -0.647163
v 0.666667 0.300000 -0.664320
v 0.650000 0.300000 -0.680635
v 0.683333 0.366667 -0.612328
v 0.666667 0.366667 -0.630436
v 0.650000 0.366667 -0.647606
v 0.683333 0.433333 -0.567705
v 0.666667 0.433333 -0.587187
v 0.650000 0.433333 -0.605587
v 0.683333 0.500000 -0.510747
v 0.666667 0.500000 -0.532315
v 0.650000 0.500000 -0.552543
v 0.683333 0.566667 -0.436653
v 0.666667 0.566667 -0.461699
v 0.650000 0.566666 -0.484880
v 0.683333 0.633333 -0.334183
v 0.666667 0.633333 -0.366302
v 0.650000 0.633333 -0.395126
v 0.650000 0.583333 -0.464956
v 0.650000 0.600000 -0.443524
v 0.650000 0.616667 -0.420350
v 0.666667 0.583333 -0.440728
v 0.666667 0.600000 -0.418052
v 0.666667 0.616667 -0.393378
v 0.683333 0.583333 -0.414415
v 0.683333 0.600000 -0.390213
v 0.683333 0.616667 -0.363654
v 0.650000 0.516667 -0.537195
v 0.650000 0.533333 -0.520868
v 0.650000 0.550000 -0.503469
v 0.666667 0.516667 -0.516367
v 0.666667 0.533333 -0.499360
v 0.666667 0.550000 -0.481185
v 0.683333 0.516667 -0.494103
v 0.683333 0.533333 -0.476302
v 0.683333 0.550000 -0.457210
v 0.650000 0.450000 -0.593463
v 0.650000 0.466667 -0.580615
v 0.650000 0.483333 -0.566994
v 0.666667 0.450000 -0.574676
v 0.666667 0.466667 -0.561398
v 0.666667 0.483333 -0.547300
v 0.683333 0.450000 -0.554753
v 0.683333 0.466667 -0.540987
v 0.683333 0.483333 -0.526345
v 0.650000 0.383333 -0.638009
v 0.650000 0.400000 -0.627825
v 0.650000 0.416667 -0.617029
v 0.666667 0.383333 -0.620571
v 0.666667 0.400000 -0.610096
v 0.666667 0.416667 -0.598980
v 0.683333 0.383333 -0.602167
v 0.683333 0.400000 -0.591367
v 0.683333 0.416667 -0.579893
v 0.650000 0.316667 -0.673140
v 0.650000 0.333333 -0.665150
v 0.650000 0.350000 -0.656646
v 0.666667 0.316667 -0.656638
v 0.666667 0.333333 -0.648444
v 0.666667 0.350000 -0.639717
v 0.683333 0.316667 -0.639275
v 0.683333 0.333333 -0.630856
v 0.683333 0.350000 -0.621881
v 0.650000 0.250000 -0.700296
v 0.650000 0.266667 -0.694197
v 0.650000 0.283333 -0.687649
v 0.666667 0.250000 -0.684449
v 0.666667 0.266667 -0.678209
v 0.666667 0.283333 -0.671504
v 0.683333 0.250000 -0.667811
v 0.683333 0.266667 -0.661412
v 0.683333 0.283333 -0.654536
v 0.650000 0.183333 -0.720371
v 0.650000 0.200000 -0.715982
v 0.650000 0.216667 -0.711176
v 0.666667 0.183333 -0.704978
v 0.666667 0.200000 -0.700492
v 0.666667 0.216667 -0.695579
v 0.683333 0.183333 -0.688836
v 0.683333 0.200000 -0.684244
v 0.683333 0.216667 -0.679214
v 0.650000 0.116667 -0.733943
v 0.650000 0.133333 -0.731137
v 0.650000 0.150000 -0.727942
v 0.666667 0.116667 -0.718839
v 0.666667 0.133333 -0.715974
v 0.666667 0.150000 -0.712712
v 0.683333 0.116667 -0.703016
v 0.683333 0.133333 -0.700088
v 0.683333 0.150000 -0.696750
v 0.650000 0.050000 -0.741379
v 0.650000 0.066667 -0.740084
v 0.650000 0.083333 -0.738412
v 0.666667 0.050000 -0.726431
v 0.666667 0.066667 -0.725107
v 0.666667 0.083333 -0.723402
v 0.683333 0.050000 -0.710776
v 0.683333 0.066667 -0.709426
v 0.683333 0.083333 -0.707682
v 0.650000 -0.016667 -0.742860
v 0.650000 0.000000 -0.743046
v 0.650000 0.016667 -0.742859
v 0.666667 -0.016667 -0.727941
v 0.666667 0.000000 -0.728131
v 0.666667 0.016667 -0.727941
v 0.683333 -0.016667 -0.712321
v 0.683333 0.000000 -0.712516
v 0.683333 0.016667 -0.712321
v 0.650000 -0.083333 -0.738412
v 0.650000 -0.066667 -0.740084
v 0.650000 -0.050000 -0.741379
v 0.666667 -0.083333 -0.723402
v 0.666667 -0.066667 -0.725107
v 0.666667 -0.050000 -0.726431
v 0.683333 -0.083333 -0.707682
v 0.683333 -0.066667 -0.709426
v 0.683333 -0.050000 -0.710776
v 0.650000 -0.150000 -0.727942
v 0.650000 -0.133333 -0.731137
v 0.650000 -0.116667 -0.733943
v 0.666667 -0.150000 -0.712712
v 0.666667 -0.133333 -0.715974
v 0.666667 -0.116667 -0.718839
v 0.683333 -0.150000 -0.696750
v 0.683333 -0.133333 -0.700088
v 0.683333 -0.116667 -0.703016
v 0.650000 -0.216667 -0.711176
v 0.650000 -0.200000 -0.715982
v 0.650000 -0.183333 -0.720371
v 0.666667 -0.216667 -0.695579
v 0.666667 -0.200000 -0.700492
v 0.666667 -0.183333 -0.704978
v 0.683333 -0.216667 -0.679215
v 0.683333 -0.200000 -0.684244
v 0.683333 -0.183333 -0.688836
v 0.650000 -0.283333 -0.687649
v 0.650000 -0.266667 -0.694197
v 0.650000 -0.250000 -0.700295
v 0.666667 -0.283333 -0.671504
v 0.666667 -0.266667 -0.678209
v 0.666667 -0.250000 -0.684449
v 0.683333 -0.283333 -0.654536
v 0.683333 -0.266667 -0.661412
v 0.683333 -0.250000 -0.667811
v 0.650000 -0.350000 -0.656646
v 0.650000 -0.333333 -0.665150
v 0.650000 -0.316667 -0.673140
v 0.666667 -0.350000 -0.639717
v 0.666667 -0.333333 -0.648444
v 0.666667 -0.316667 -0.656638
v 0.683333 -0.350000 -0.621881
v 0.683333 -0.333333 -0.630856
v 0.683333 -0.316667 -0.639275
v 0.650000 -0.416667 -0.617029
v 0.650000 -0.400000 -0.627825
v 0.650000 -0.383333 -0.638009
v 0.666667 -0.416667 -0.598980
v 0.666667 -0.400000 -0.610096
v 0.666667 -0.383333 -0.620571
v 0.683333 -0.416667 -0.579893
v 0.683333 -0.400000 -0.591367
v 0.683333 -0.383333 -0.602167
v 0.650000 -0.483333 -0.566994
v 0.650000 -0.466667 -0.580615
v 0.650000 -0.450000 -0.593463
v 0.666667 -0.483333 -0.547300
v 0.666667 -0.466667 -0.561398
v 0.666667 -0.450000 -0.574676
v 0.683333 -0.483333 -0.526345
v 0.683333 -0.466667 -0.540988
v 0.683333 -0.450000 -0.554753
v 0.650000 -0.550000 -0.503469
v 0.650000 -0.533333 -0.520868
v 0.650000 -0.516667 -0.537195
v 0.666667 -0.550000 -0.481185
v 0.666667 -0.533333 -0.499360
v 0.666667 -0.516667 -0.516366
v 0.683333 -0.550000 -0.457210
v 0.683333 -0.533333 -0.476302
v 0.683333 -0.516667 -0.494103
v 0.650000 -0.616667 -0.420350
v 0.650000 -0.600000 -0.443524
v 0.650000 -0.583333 -0.464956
v 0.666667 -0.616667 -0.393378
v 0.666667 -0.600000 -0.418052
v 0.666667 -0.583333 -0.440728
v 0.683333 -0.616667 -0.363654
v 0.683333 -0.600000 -0.390213
v 0.683333 -0.583333 -0.414415
v 0.650000 -0.683333 -0.301890
v 0.650000 -0.666667 -0.336668
v 0.650000 -0.650000 -0.367432
v 0.666667 -0.683333 -0.263048
v 0.666667 -0.666667 -0.302330
v 0.666667 -0.650000 -0.336247
v 0.683333 -0.683333 -0.216083
v 0.683333 -0.666667 -0.262495
v 0.683333 -0.650000 -0.300941
v 0.583333 0.583333 -0.546266
v 0.583333 0.600000 -0.528142
v 0.583333 0.616666 -0.508834
v 0.600000 0.583333 -0.527904
v 0.600000 0.600000 -0.509126
v 0.600000 0.616666 -0.489070
v 0.616667 0.583333 -0.508334
v 0.616667 0.600000 -0.488806
v 0.616667 0.616667 -0.467881
v 0.583333 0.516667 -0.608938
v 0.583333 0.533333 -0.594585
v 0.583333 0.550000 -0.579403
v 0.600000 0.516667 -0.592524
v 0.600000 0.533333 -0.577762
v 0.600000 0.550000 -0.562124
v 0.616667 0.516667 -0.575155
v 0.616667 0.533333 -0.559936
v 0.616667 0.550000 -0.543786
v 0.583333 0.450000 -0.659105
v 0.583333 0.466667 -0.647563
v 0.583333 0.483333 -0.635379
v 0.600000 0.450000 -0.643971
v 0.600000 0.466667 -0.632152
v 0.600000 0.483333 -0.619666
v 0.616667 0.450000 -0.628032
v 0.616667 0.466667 -0.615906
v 0.616667 0.483333 -0.603082
v 0.583333 0.383333 -0.699479
v 0.583333 0.400000 -0.690204
v 0.583333 0.416667 -0.680400
v 0.600000 0.383333 -0.685237
v 0.600000 0.400000 -0.675767
v 0.600000 0.416667 -0.665750
v 0.616667 0.383333 -0.670279
v 0.616667 0.400000 -0.660595
v 0.616667 0.416667 -0.650344
v 0.583333 0.316667 -0.731665
v 0.583333 0.333333 -0.724322
v 0.583333 0.350000 -0.716519
v 0.600000 0.316667 -0.718062
v 0.600000 0.333333 -0.710576
v 0.600000 0.350000 -0.702622
v 0.616667 0.316667 -0.703800
v 0.616667 0.333333 -0.696162
v 0.616667 0.350000 -0.688042
v 0.583333 0.250000 -0.756725
v 0.583333 0.266667 -0.751085
v 0.583333 0.283333 -0.745035
v 0.600000 0.250000 -0.743578
v 0.600000 0.266667 -0.737837
v 0.600000 0.283333 -0.731680
v 0.616667 0.250000 -0.729816
v 0.616667 0.266667 -0.723967
v 0.616667 0.283333 -0.717689
v 0.583333 0.183333 -0.775343
v 0.583333 0.200000 -0.771267
v 0.583333 0.216667 -0.766808
v 0.600000 0.183333 -0.762517
v 0.600000 0.200000 -0.758372
v 0.600000 0.216667 -0.753836
v 0.616667 0.183333 -0.749102
v 0.616667 0.200000 -0.744882
v 0.616667 0.216667 -0.740263
v 0.583333 0.116667 -0.787969
v 0.583333 0.133333 -0.785356
v 0.583333 0.150000 -0.782383
v 0.600000 0.116667 -0.775352
v 0.600000 0.133333 -0.772697
v 0.600000 0.150000 -0.769675
v 0.616667 0.116667 -0.762163
v 0.616667 0.133333 -0.759461
v 0.616667 0.150000 -0.756387
v 0.583333 0.050000 -0.794901
v 0.583333 0.066667 -0.793692
v 0.583333 0.083333 -0.792135
v 0.600000 0.050000 -0.782396
v 0.600000 0.066667 -0.781167
v 0.600000 0.083333 -0.779585
v 0.616667 0.050000 -0.769327
v 0.616667 0.066667 -0.768078
v 0.616667 0.083333 -0.766468
v 0.583333 -0.016667 -0.796283
v 0.583333 0.000000 -0.796457
v 0.583333 0.016667 -0.796283
v 0.600000 -0.016667 -0.783800
v 0.600000 0.000000 -0.783976
v 0.600000 0.016667 -0.783800
v 0.616667 -0.016667 -0.770755
v 0.616667 0.000000 -0.770934
v 0.616667 0.016667 -0.770755
v 0.583333 -0.083333 -0.792135
v 0.583333 -0.066667 -0.793692
v 0.583333 -0.050000 -0.794901
v 0.600000 -0.083333 -0.779585
v 0.600000 -0.066667 -0.781167
v 0.600000 -0.050000 -0.782396
v 0.616667 -0.083333 -0.766469
v 0.616667 -0.066667 -0.768078
v 0.616667 -0.050000 -0.769327
v 0.583333 -0.150000 -0.782383
v 0.583333 -0.133333 -0.785356
v 0.583333 -0.116667 -0.787969
v 0.600000 -0.150000 -0.769675
v 0.600000 -0.133333 -0.772697
v 0.600000 -0.116667 -0.775352
v 0.616667 -0.150000 -0.756387
v 0.616667 -0.133333 -0.759461
v 0.616667 -0.116667 -0.762163
v 0.583333 -0.216667 -0.766808
v 0.583333 -0.200000 -0.771267
v 0.583333 -0.183333 -0.775343
v 0.600000 -0.216667 -0.753836
v 0.600000 -0.200000 -0.758372
v 0.600000 -0.183333 -0.762517
v 0.616667 -0.216667 -0.740263
v 0.616667 -0.200000 -0.744882
v 0.616667 -0.183333 -0.749102
v 0.583333 -0.283333 -0.745035
v 0.583333 -0.266667 -0.751085
v 0.583333 -0.250000 -0.756725
v 0.600000 -0.283333 -0.731680
v 0.600000 -0.266667 -0.737837
v 0.600000 -0.250000 -0.743578
v 0.616667 -0.283333 -0.717689
v 0.616667 -0.266667 -0.723967
v 0.616667 -0.250000 -0.729816
v 0.583333 -0.350000 -0.716519
v 0.583333 -0.333333 -0.724322
v 0.583333 -0.316667 -0.731665
v 0.600000 -0.350000 -0.702622
v 0.600000 -0.333333 -0.710576
v 0.600000 -0.316667 -0.718062
v 0.616667 -0.350000 -0.688042
v 0.616667 -0.333333 -0.696162
v 0.616667 -0.316667 -0.703800
v 0.583333 -0.416667 -0.680400
v 0.583333 -0.400000 -0.690204
v 0.583333 -0.383333 -0.699479
v 0.600000 -0.416667 -0.665750
v 0.600000 -0.400000 -0.675767
v 0.600000 -0.383333 -0.685237
v 0.616667 -0.416667 -0.650344
v 0.616667 -0.400000 -0.660595
v 0.616667 -0.383333 -0.670279
v 0.583333 -0.483333 -0.635379
v 0.583333 -0.466667 -0.647563
v 0.583333 -0.450000 -0.659105
v 0.600000 -0.483333 -0.619666
v 0.600000 -0.466667 -0.632152
v 0.600000 -0.450000 -0.643971
v 0.616667 -0.483333 -0.603082
v 0.616667 -0.466667 -0.615906
v 0.616667 -0.450000 -0.628033
v 0.583333 -0.550000 -0.579403
v 0.583333 -0.533333 -0.594585
v 0.583333 -0.516667 -0.608938
v 0.600000 -0.550000 -0.562124
v 0.600000 -0.533333 -0.577761
v 0.600000 -0.516667 -0.592524
v 0.616667 -0.550000 -0.543786
v 0.616667 -0.533333 -0.559936
v 0.616667 -0.516667 -0.575155
v 0.583333 -0.616667 -0.508834
v 0.583333 -0.600000 -0.528142
v 0.583333 -0.583333 -0.546266
v 0.600000 -0.616667 -0.489070
v 0.600000 -0.600000 -0.509126
v 0.600000 -0.583333 -0.527904
v 0.616667 -0.616667 -0.467881
v 0.616667 -0.600000 -0.488806
v 0.616667 -0.583333 -0.508334
v 0.583333 -0.683333 -0.416367
v 0.583333 -0.666667 -0.442231
v 0.583333 -0.650000 -0.466078
v 0.600000 -0.683333 -0.391968
v 0.600000 -0.666667 -0.419343
v 0.600000 -0.650000 -0.444419
v 0.616667 -0.683333 -0.365184
v 0.616667 -0.666667 -0.394424
v 0.616667 -0.650000 -0.420990
v 0.516667 0.583333 -0.609703
v 0.516667 0.600000 -0.593519
v 0.516667 0.616666 -0.576408
v 0.533333 0.583333 -0.595180
v 0.533333 0.600000 -0.578591
v 0.533333 0.616666 -0.561024
v 0.550000 0.583333 -0.579815
v 0.550000 0.600000 -0.562773
v 0.550000 0.616666 -0.544696
v 0.516667 0.516667 -0.666435
v 0.516667 0.533333 -0.653345
v 0.516667 0.550000 -0.639559
v 0.533333 0.516667 -0.653172
v 0.533333 0.533333 -0.639811
v 0.533333 0.550000 -0.625729
v 0.550000 0.516667 -0.639201
v 0.550000 0.533333 -0.625544
v 0.550000 0.550000 -0.611132
v 0.516667 0.450000 -0.712569
v 0.516667 0.466667 -0.701905
v 0.516667 0.483333 -0.690680
v 0.533333 0.450000 -0.700181
v 0.533333 0.466667 -0.689324
v 0.533333 0.483333 -0.677891
v 0.550000 0.450000 -0.687166
v 0.550000 0.466667 -0.676100
v 0.550000 0.483333 -0.664440
v 0.516667 0.383333 -0.750073
v 0.516667 0.400000 -0.741431
v 0.516667 0.416667 -0.732312
v 0.533333 0.383333 -0.738315
v 0.533333 0.400000 -0.729533
v 0.533333 0.416667 -0.720263
v 0.550000 0.383333 -0.725982
v 0.550000 0.400000 -0.717050
v 0.550000 0.416667 -0.707616
v 0.516667 0.316667 -0.780175
v 0.516667 0.333333 -0.773293
v 0.516667 0.350000 -0.765989
v 0.533333 0.316667 -0.768878
v 0.533333 0.333333 -0.761893
v 0.533333 0.350000 -0.754478
v 0.550000 0.316667 -0.757044
v 0.550000 0.333333 -0.749948
v 0.550000 0.350000 -0.742415
v 0.516667 0.250000 -0.803723
v 0.516667 0.266667 -0.798415
v 0.516667 0.283333 -0.792728
v 0.533333 0.250000 -0.792763
v 0.533333 0.266667 -0.787381
v 0.533333 0.283333 -0.781612
v 0.550000 0.250000 -0.781291
v 0.550000 0.266667 -0.775830
v 0.550000 0.283333 -0.769974
v 0.516667 0.183333 -0.821276
v 0.516667 0.200000 -0.817428
v 0.516667 0.216667 -0.813221
v 0.533333 0.183333 -0.810552
v 0.533333 0.200000 -0.806653
v 0.533333 0.216667 -0.802391
v 0.550000 0.183333 -0.799336
v 0.550000 0.200000 -0.795383
v 0.550000 0.216667 -0.791060
v 0.516667 0.116667 -0.833206
v 0.516667 0.133333 -0.830734
v 0.516667 0.150000 -0.827925
v 0.533333 0.116667 -0.822637
v 0.533333 0.133333 -0.820136
v 0.533333 0.150000 -0.817288
v 0.550000 0.116667 -0.811590
v 0.550000 0.133333 -0.809052
v 0.550000 0.150000 -0.806167
v 0.516667 0.050000 -0.839763
v 0.516667 0.066667 -0.838620
v 0.516667 0.083333 -0.837145
v 0.533333 0.050000 -0.829279
v 0.533333 0.066667 -0.828120
v 0.533333 0.083333 -0.826628
v 0.550000 0.050000 -0.818321
v 0.550000 0.066667 -0.817147
v 0.550000 0.083333 -0.815634
v 0.516667 -0.016667 -0.841070
v 0.516667 0.000000 -0.841235
v 0.516667 0.016667 -0.841070
v 0.533333 -0.016667 -0.830604
v 0.533333 0.000000 -0.830771
v 0.533333 0.016667 -0.830604
v 0.550000 -0.016667 -0.819662
v 0.550000 0.000000 -0.819831
v 0.550000 0.016667 -0.819662
v 0.516667 -0.083333 -0.837145
v 0.516667 -0.066667 -0.838620
v 0.516667 -0.050000 -0.839763
v 0.533333 -0.083333 -0.826628
v 0.533333 -0.066667 -0.828120
v 0.533333 -0.050000 -0.829279
v 0.550000 -0.083333 -0.815633
v 0.550000 -0.066667 -0.817147
v 0.550000 -0.050000 -0.818321
v 0.516667 -0.150000 -0.827924
v 0.516667 -0.133333 -0.830734
v 0.516667 -0.116667 -0.833206
v 0.533333 -0.150000 -0.817288
v 0.533333 -0.133333 -0.820136
v 0.533333 -0.116667 -0.822637
v 0.550000 -0.150000 -0.806167
v 0.550000 -0.133333 -0.809052
v 0.550000 -0.116667 -0.811590
v 0.516667 -0.216667 -0.813221
v 0.516667 -0.200000 -0.817428
v 0.516667 -0.183333 -0.821276
v 0.533333 -0.216667 -0.802391
v 0.533333 -0.200000 -0.806653
v 0.533333 -0.183333 -0.810552
v 0.550000 -0.216667 -0.791060
v 0.550000 -0.200000 -0.795382
v 0.550000 -0.183333 -0.799336
v 0.516667 -0.283333 -0.792728
v 0.516667 -0.266667 -0.798415
v 0.516667 -0.250000 -0.803723
v 0.533333 -0.283333 -0.781612
v 0.533333 -0.266667 -0.787381
v 0.533333 -0.250000 -0.792763
v 0.550000 -0.283333 -0.769974
v 0.550000 -0.266667 -0.775830
v 0.550000 -0.250000 -0.781291
v 0.516667 -0.350000 -0.765989
v 0.516667 -0.333333 -0.773293
v 0.516667 -0.316667 -0.780175
v 0.533333 -0.350000 -0.754478
v 0.533333 -0.333333 -0.761893
v 0.533333 -0.316667 -0.768878
v 0.550000 -0.350000 -0.742415
v 0.550000 -0.333333 -0.749948
v 0.550000 -0.316667 -0.757044
v 0.516667 -0.416667 -0.732312
v 0.516667 -0.400000 -0.741431
v 0.516667 -0.383333 -0.750073
v 0.533333 -0.416667 -0.720263
v 0.533333 -0.400000 -0.729533
v 0.533333 -0.383333 -0.738315
v 0.550000 -0.416667 -0.707616
v 0.550000 -0.400000 -0.717050
v 0.550000 -0.383333 -0.725982
v 0.516667 -0.483333 -0.690680
v 0.516667 -0.466667 -0.701905
v 0.516667 -0.450000 -0.712569
v 0.533333 -0.483333 -0.677891
v 0.533333 -0.466667 -0.689324
v 0.533333 -0.450000 -0.700180
v 0.550000 -0.483333 -0.664440
v 0.550000 -0.466667 -0.676100
v 0.550000 -0.450000 -0.687166
v 0.516667 -0.550000 -0.639559
v 0.516667 -0.533333 -0.653345
v 0.516667 -0.516667 -0.666435
v 0.533333 -0.550000 -0.625729
v 0.533333 -0.533333 -0.639811
v 0.533333 -0.516667 -0.653172
v 0.550000 -0.550000 -0.611132
v 0.550000 -0.533333 -0.625544
v 0.550000 -0.516667 -0.639201
v 0.516667 -0.616667 -0.576408
v 0.516667 -0.600000 -0.593519
v 0.516667 -0.583333 -0.609703
v 0.533333 -0.616667 -0.561024
v 0.533333 -0.600000 -0.578591
v 0.533333 -0.583333 -0.595180
v 0.550000 -0.616667 -0.544696
v 0.550000 -0.600000 -0.562773
v 0.550000 -0.583333 -0.579814
v 0.516667 -0.683333 -0.496683
v 0.516667 -0.666667 -0.518560
v 0.516667 -0.650000 -0.539042
v 0.533333 -0.683333 -0.478740
v 0.533333 -0.666667 -0.501402
v 0.533333 -0.650000 -0.522557
v 0.550000 -0.683333 -0.459495
v 0.550000 -0.666667 -0.483059
v 0.550000 -0.650000 -0.504984
v 0.450000 0.583333 -0.660444
v 0.450000 0.600000 -0.645533
v 0.450000 0.616666 -0.629835
v 0.466667 0.583333 -0.648773
v 0.466667 0.600000 -0.633588
v 0.466667 0.616666 -0.617586
v 0.483333 0.583333 -0.636452
v 0.483333 0.600000 -0.620965
v 0.483333 0.616666 -0.604631
v 0.450000 0.516667 -0.713149
v 0.450000 0.533333 -0.700934
v 0.450000 0.550000 -0.688103
v 0.466667 0.516667 -0.702357
v 0.466667 0.533333 -0.689950
v 0.466667 0.550000 -0.676910
v 0.483333 0.516667 -0.690994
v 0.483333 0.533333 -0.678378
v 0.483333 0.550000 -0.665111
v 0.450000 0.450000 -0.756438
v 0.450000 0.466667 -0.746401
v 0.450000 0.483333 -0.735857
v 0.466667 0.450000 -0.746272
v 0.466667 0.466667 -0.736097
v 0.466667 0.483333 -0.725402
v 0.483333 0.450000 -0.735588
v 0.483333 0.466667 -0.725263
v 0.483333 0.483333 -0.714406
v 0.450000 0.383333 -0.791864
v 0.450000 0.400000 -0.783684
v 0.450000 0.416667 -0.775062
v 0.466667 0.383333 -0.782159
v 0.466667 0.400000 -0.773877
v 0.466667 0.416667 -0.765144
v 0.483333 0.383333 -0.771973
v 0.483333 0.400000 -0.763580
v 0.483333 0.416667 -0.754728
v 0.450000 0.316667 -0.820433
v 0.450000 0.333333 -0.813891
v 0.450000 0.350000 -0.806956
v 0.466667 0.316667 -0.811071
v 0.466667 0.333333 -0.804451
v 0.466667 0.350000 -0.797434
v 0.483333 0.316667 -0.801252
v 0.483333 0.333333 -0.794551
v 0.483333 0.350000 -0.787445
v 0.450000 0.250000 -0.842858
v 0.450000 0.266667 -0.837797
v 0.450000 0.283333 -0.832379
v 0.466667 0.250000 -0.833745
v 0.466667 0.266667 -0.828630
v 0.466667 0.283333 -0.823152
v 0.483333 0.250000 -0.824197
v 0.483333 0.266667 -0.819021
v 0.483333 0.283333 -0.813478
v 0.450000 0.183333 -0.859612
v 0.450000 0.200000 -0.855936
v 0.450000 0.216667 -0.851920
v 0.466667 0.183333 -0.850678
v 0.466667 0.200000 -0.846965
v 0.466667 0.216667 -0.842906
v 0.483333 0.183333 -0.841322
v 0.483333 0.200000 -0.837566
v 0.483333 0.216667 -0.833462
v 0.450000 0.116667 -0.871016
v 0.450000 0.133333 -0.868654
v 0.450000 0.150000 -0.865967
v 0.466667 0.116667 -0.862202
v 0.466667 0.133333 -0.859815
v 0.466667 0.150000 -0.857099
v 0.483333 0.116667 -0.852972
v 0.483333 0.133333 -0.850558
v 0.483333 0.150000 -0.847814
v 0.450000 0.050000 -0.877292
v 0.450000 0.066667 -0.876197
v 0.450000 0.083333 -0.874787
v 0.466667 0.050000 -0.868541
v 0.466667 0.066667 -0.867435
v 0.466667 0.083333 -0.866010
v 0.483333 0.050000 -0.859379
v 0.483333 0.066667 -0.858261
v 0.483333 0.083333 -0.856820
v 0.450000 -0.016667 -0.878544
v 0.450000 0.000000 -0.878702
v 0.450000 0.016667 -0.878544
v 0.466667 -0.016667 -0.869805
v 0.466667 0.000000 -0.869964
v 0.466667 0.016667 -0.869805
v 0.483333 -0.016667 -0.860656
v 0.483333 0.000000 -0.860817
v 0.483333 0.016667 -0.860656
v 0.450000 -0.083333 -0.874787
v 0.450000 -0.066667 -0.876197
v 0.450000 -0.050000 -0.877292
v 0.466667 -0.083333 -0.866010
v 0.466667 -0.066667 -0.867435
v 0.466667 -0.050000 -0.868541
v 0.483333 -0.083333 -0.856820
v 0.483333 -0.066667 -0.858261
v 0.483333 -0.050000 -0.859379
v 0.450000 -0.150000 -0.865967
v 0.450000 -0.133333 -0.868654
v 0.450000 -0.116667 -0.871016
v 0.466667 -0.150000 -0.857099
v 0.466667 -0.133333 -0.859815
v 0.466667 -0.116667 -0.862202
v 0.483333 -0.150000 -0.847814
v 0.483333 -0.133333 -0.850558
v 0.483333 -0.116667 -0.852972
v 0.450000 -0.216667 -0.851920
v 0.450000 -0.200000 -0.855936
v 0.450000 -0.183333 -0.859612
v 0.466667 -0.216667 -0.842906
v 0.466667 -0.200000 -0.846965
v 0.466667 -0.183333 -0.850678
v 0.483333 -0.216667 -0.833462
v 0.483333 -0.200000 -0.837566
v 0.483333 -0.183333 -0.841322
v 0.450000 -0.283333 -0.832379
v 0.450000 -0.266667 -0.837797
v 0.450000 -0.250000 -0.842858
v 0.466667 -0.283333 -0.823152
v 0.466667 -0.266667 -0.828630
v 0.466667 -0.250000 -0.833745
v 0.483333 -0.283333 -0.813478
v 0.483333 -0.266667 -0.819021
v 0.483333 -0.250000 -0.824197
v 0.450000 -0.350000 -0.806956
v 0.450000 -0.333333 -0.813891
v 0.450000 -0.316667 -0.820434
v 0.466667 -0.350000 -0.797434
v 0.466667 -0.333333 -0.804451
v 0.466667 -0.316667 -0.811071
v 0.483333 -0.350000 -0.787445
v 0.483333 -0.333333 -0.794551
v 0.483333 -0.316667 -0.801252
v 0.450000 -0.416667 -0.775062
v 0.450000 -0.400000 -0.783684
v 0.450000 -0.383333 -0.791864
v 0.466667 -0.416667 -0.765144
v 0.466667 -0.400000 -0.773877
v 0.466667 -0.383333 -0.782159
v 0.483333 -0.416667 -0.754728
v 0.483333 -0.400000 -0.763580
v 0.483333 -0.383333 -0.771973
v 0.450000 -0.483333 -0.735857
v 0.450000 -0.466667 -0.746401
v 0.450000 -0.450000 -0.756438
v 0.466667 -0.483333 -0.725402
v 0.466667 -0.466667 -0.736097
v 0.466667 -0.450000 -0.746272
v 0.483333 -0.483333 -0.714406
v 0.483333 -0.466667 -0.725263
v 0.483333 -0.450000 -0.735588
v 0.450000 -0.550000 -0.688103
v 0.450000 -0.533333 -0.700934
v 0.450000 -0.516667 -0.713149
v 0.466667 -0.550000 -0.676910
v 0.466667 -0.533333 -0.689950
v 0.466667 -0.516667 -0.702357
v 0.483333 -0.550000 -0.665111
v 0.483333 -0.533333 -0.678378
v 0.483333 -0.516667 -0.690994
v 0.450000 -0.616667 -0.629835
v 0.450000 -0.600000 -0.645533
v 0.450000 -0.583333 -0.660444
v 0.466667 -0.616667 -0.617587
v 0.466667 -0.600000 -0.633588
v 0.466667 -0.583333 -0.648773
v 0.483333 -0.616667 -0.604631
v 0.483333 -0.600000 -0.620966
v 0.483333 -0.583333 -0.636452
v 0.450000 -0.683333 -0.557795
v 0.450000 -0.666667 -0.577361
v 0.450000 -0.650000 -0.595825
v 0.466667 -0.683333 -0.543929
v 0.466667 -0.666667 -0.563974
v 0.466667 -0.650000 -0.582863
v 0.483333 -0.683333 -0.529175
v 0.483333 -0.666667 -0.549759
v 0.483333 -0.650000 -0.569118
v 0.383333 0.583333 -0.701240
v 0.383333 0.600000 -0.687215
v 0.383333 0.616666 -0.672492
v 0.400000 0.583333 -0.691869
v 0.400000 0.600000 -0.677651
v 0.400000 0.616666 -0.662716
v 0.416667 0.583333 -0.681963
v 0.416667 0.600000 -0.667534
v 0.416667 0.616666 -0.652366
v 0.383333 0.516667 -0.751089
v 0.383333 0.533333 -0.739499
v 0.383333 0.550000 -0.727349
v 0.400000 0.516667 -0.742347
v 0.400000 0.533333 -0.730618
v 0.400000 0.550000 -0.718317
v 0.416667 0.516667 -0.733121
v 0.416667 0.533333 -0.721244
v 0.416667 0.550000 -0.708781
v 0.383333 0.450000 -0.792309
v 0.383333 0.466667 -0.782731
v 0.383333 0.483333 -0.772682
v 0.400000 0.450000 -0.784025
v 0.400000 0.466667 -0.774346
v 0.400000 0.483333 -0.764187
v 0.416667 0.450000 -0.775296
v 0.416667 0.466667 -0.765506
v 0.416667 0.483333 -0.755228
v 0.383333 0.383333 -0.826200
v 0.383333 0.400000 -0.818363
v 0.383333 0.416667 -0.810111
v 0.400000 0.383333 -0.818260
v 0.400000 0.400000 -0.810346
v 0.400000 0.416667 -0.802011
v 0.416667 0.383333 -0.809900
v 0.416667 0.400000 -0.801903
v 0.416667 0.416667 -0.793479
v 0.383333 0.316667 -0.853623
v 0.383333 0.333333 -0.847336
v 0.383333 0.350000 -0.840676
v 0.400000 0.316667 -0.845941
v 0.400000 0.333333 -0.839596
v 0.400000 0.350000 -0.832875
v 0.416667 0.316667 -0.837855
v 0.416667 0.333333 -0.831449
v 0.416667 0.350000 -0.824661
v 0.383333 0.250000 -0.875197
v 0.383333 0.266667 -0.870325
v 0.383333 0.283333 -0.865111
v 0.400000 0.250000 -0.867706
v 0.400000 0.266667 -0.862791
v 0.400000 0.283333 -0.857530
v 0.416667 0.250000 -0.859826
v 0.416667 0.266667 -0.854866
v 0.416667 0.283333 -0.849556
v 0.383333 0.183333 -0.891344
v 0.383333 0.200000 -0.887800
v 0.383333 0.216667 -0.883929
v 0.400000 0.183333 -0.883989
v 0.400000 0.200000 -0.880416
v 0.400000 0.216667 -0.876511
v 0.416667 0.183333 -0.876255
v 0.416667 0.200000 -0.872650
v 0.416667 0.216667 -0.868711
v 0.383333 0.116667 -0.902349
v 0.383333 0.133333 -0.900068
v 0.383333 0.150000 -0.897474
v 0.400000 0.116667 -0.895085
v 0.400000 0.133333 -0.892784
v 0.400000 0.150000 -0.890170
v 0.416667 0.116667 -0.887448
v 0.416667 0.133333 -0.885128
v 0.416667 0.150000 -0.882491
v 0.383333 0.050000 -0.908408
v 0.383333 0.066667 -0.907350
v 0.383333 0.083333 -0.905987
v 0.400000 0.050000 -0.901192
v 0.400000 0.066667 -0.900126
v 0.400000 0.083333 -0.898753
v 0.416667 0.050000 -0.893607
v 0.416667 0.066667 -0.892532
v 0.416667 0.083333 -0.891147
v 0.383333 -0.016667 -0.909617
v 0.383333 0.000000 -0.909770
v 0.383333 0.016667 -0.909617
v 0.400000 -0.016667 -0.902412
v 0.400000 0.000000 -0.902565
v 0.400000 0.016667 -0.902412
v 0.416667 -0.016667 -0.894837
v 0.416667 0.000000 -0.894992
v 0.416667 0.016667 -0.894837
v 0.383333 -0.083333 -0.905987
v 0.383333 -0.066667 -0.907350
v 0.383333 -0.050000 -0.908408
v 0.400000 -0.083333 -0.898753
v 0.400000 -0.066667 -0.900126
v 0.400000 -0.050000 -0.901192
v 0.416667 -0.083333 -0.891147
v 0.416667 -0.066667 -0.892532
v 0.416667 -0.050000 -0.893607
v 0.383333 -0.150000 -0.897474
v 0.383333 -0.133333 -0.900067
v 0.383333 -0.116667 -0.902349
v 0.400000 -0.150000 -0.890170
v 0.400000 -0.133333 -0.892785
v 0.400000 -0.116667 -0.895085
v 0.416667 -0.150000 -0.882491
v 0.416667 -0.133333 -0.885127
v 0.416667 -0.116667 -0.887448
v 0.383333 -0.216667 -0.883929
v 0.383333 -0.200000 -0.887800
v 0.383333 -0.183333 -0.891344
v 0.400000 -0.216667 -0.876512
v 0.400000 -0.200000 -0.880417
v 0.400000 -0.183333 -0.883989
v 0.416667 -0.216667 -0.868711
v 0.416667 -0.200000 -0.872650
v 0.416667 -0.183333 -0.876255
v 0.383333 -0.283333 -0.865111
v 0.383333 -0.266667 -0.870325
v 0.383333 -0.250000 -0.875197
v 0.400000 -0.283333 -0.857530
v 0.400000 -0.266667 -0.862791
v 0.400000 -0.250000 -0.867706
v 0.416667 -0.283333 -0.849556
v 0.416667 -0.266667 -0.854866
v 0.416667 -0.250000 -0.859826
v 0.383333 -0.350000 -0.840676
v 0.383333 -0.333333 -0.847336
v 0.383333 -0.316667 -0.853623
v 0.400000 -0.350000 -0.832875
v 0.400000 -0.333333 -0.839596
v 0.400000 -0.316667 -0.845941
v 0.416667 -0.350000 -0.824661
v 0.416667 -0.333333 -0.831449
v 0.416667 -0.316667 -0.837855
v 0.383333 -0.416667 -0.810111
v 0.383333 -0.400000 -0.818363
v 0.383333 -0.383333 -0.826200
v 0.400000 -0.416667 -0.802011
v 0.400000 -0.400000 -0.810345
v 0.400000 -0.383333 -0.818260
v 0.416667 -0.416667 -0.793479
v 0.416667 -0.400000 -0.801903
v 0.416667 -0.383333 -0.809900
v 0.383333 -0.483333 -0.772682
v 0.383333 -0.466667 -0.782731
v 0.383333 -0.450000 -0.792309
v 0.400000 -0.483333 -0.764187
v 0.400000 -0.466667 -0.774346
v 0.400000 -0.450000 -0.784025
v 0.416667 -0.483333 -0.755228
v 0.416667 -0.466667 -0.765506
v 0.416667 -0.450000 -0.775296
v 0.383333 -0.550000 -0.727349
v 0.383333 -0.533333 -0.739499
v 0.383333 -0.516667 -0.751088
v 0.400000 -0.550000 -0.718318
v 0.400000 -0.533333 -0.730618
v 0.400000 -0.516667 -0.742346
v 0.416667 -0.550000 -0.708781
v 0.416667 -0.533333 -0.721244
v 0.416667 -0.516667 -0.733121
v 0.383333 -0.616667 -0.672492
v 0.383333 -0.600000 -0.687216
v 0.383333 -0.583333 -0.701240
v 0.400000 -0.616667 -0.662716
v 0.400000 -0.600000 -0.677651
v 0.400000 -0.583333 -0.691869
v 0.416667 -0.616667 -0.652366
v 0.416667 -0.600000 -0.667534
v 0.416667 -0.583333 -0.681963
v 0.383333 -0.683333 -0.605553
v 0.383333 -0.666667 -0.623621
v 0.383333 -0.650000 -0.640752
v 0.400000 -0.683333 -0.594677
v 0.400000 -0.666667 -0.613065
v 0.400000 -0.650000 -0.630484
v 0.416667 -0.683333 -0.583119
v 0.416667 -0.666667 -0.601861
v 0.416667 -0.650000 -0.619597
v 0.316667 0.583333 -0.733763
v 0.316667 0.600000 -0.720372
v 0.316667 0.616667 -0.706339
v 0.333333 0.583333 -0.726342
v 0.333333 0.600000 -0.712811
v 0.333333 0.616667 -0.698627
v 0.350000 0.583333 -0.718459
v 0.350000 0.600000 -0.704776
v 0.350000 0.616667 -0.690427
v 0.316667 0.516667 -0.781540
v 0.316667 0.533333 -0.770410
v 0.316667 0.550000 -0.758754
v 0.333333 0.516667 -0.774578
v 0.333333 0.533333 -0.763346
v 0.333333 0.550000 -0.751581
v 0.350000 0.516667 -0.767190
v 0.350000 0.533333 -0.755848
v 0.350000 0.550000 -0.743964
v 0.316667 0.450000 -0.821233
v 0.316667 0.466667 -0.811997
v 0.316667 0.483333 -0.802314
v 0.333333 0.450000 -0.814610
v 0.333333 0.466667 -0.805299
v 0.333333 0.483333 -0.795534
v 0.350000 0.450000 -0.807590
v 0.350000 0.466667 -0.798196
v 0.350000 0.483333 -0.788344
v 0.316667 0.383333 -0.853976
v 0.316667 0.400000 -0.846396
v 0.316667 0.416667 -0.838419
v 0.333333 0.383333 -0.847611
v 0.333333 0.400000 -0.839973
v 0.333333 0.416667 -0.831934
v 0.350000 0.383333 -0.840865
v 0.350000 0.400000 -0.833166
v 0.350000 0.416667 -0.825061
v 0.316667 0.316667 -0.880532
v 0.316667 0.333333 -0.874439
v 0.316667 0.350000 -0.867989
v 0.333333 0.316667 -0.874360
v 0.333333 0.333333 -0.868223
v 0.333333 0.350000 -0.861726
v 0.350000 0.316667 -0.867824
v 0.350000 0.333333 -0.861641
v 0.350000 0.350000 -0.855093
v 0.316667 0.250000 -0.901462
v 0.316667 0.266667 -0.896732
v 0.316667 0.283333 -0.891673
v 0.333333 0.250000 -0.895434
v 0.333333 0.266667 -0.890673
v 0.333333 0.283333 -0.885578
v 0.350000 0.250000 -0.889053
v 0.350000 0.266667 -0.884258
v 0.350000 0.283333 -0.879125
v 0.316667 0.183333 -0.917145
v 0.316667 0.200000 -0.913702
v 0.316667 0.216667 -0.909941
v 0.333333 0.183333 -0.911221
v 0.333333 0.200000 -0.907755
v 0.333333 0.216667 -0.903970
v 0.350000 0.183333 -0.904952
v 0.350000 0.200000 -0.901461
v 0.350000 0.216667 -0.897649
v 0.316667 0.116667 -0.927844
v 0.316667 0.133333 -0.925625
v 0.316667 0.150000 -0.923104
v 0.333333 0.116667 -0.921989
v 0.333333 0.133333 -0.919756
v 0.333333 0.150000 -0.917219
v 0.350000 0.116667 -0.915793
v 0.350000 0.133333 -0.913545
v 0.350000 0.150000 -0.910990
v 0.316667 0.050000 -0.933737
v 0.316667 0.066667 -0.932708
v 0.316667 0.083333 -0.931383
v 0.333333 0.050000 -0.927919
v 0.333333 0.066667 -0.926884
v 0.333333 0.083333 -0.925550
v 0.350000 0.050000 -0.921763
v 0.350000 0.066667 -0.920721
v 0.350000 0.083333 -0.919378
v 0.316667 -0.016667 -0.934913
v 0.316667 0.000000 -0.935061
v 0.316667 0.016667 -0.934913
v 0.333333 -0.016667 -0.929102
v 0.333333 0.000000 -0.929251
v 0.333333 0.016667 -0.929102
v 0.350000 -0.016667 -0.922954
v 0.350000 0.000000 -0.923105
v 0.350000 0.016667 -0.922954
v 0.316667 -0.083333 -0.931383
v 0.316667 -0.066667 -0.932708
v 0.316667 -0.050000 -0.933737
v 0.333333 -0.083333 -0.925550
v 0.333333 -0.066667 -0.926884
v 0.333333 -0.050000 -0.927919
v 0.350000 -0.083333 -0.919378
v 0.350000 -0.066667 -0.920721
v 0.350000 -0.050000 -0.921763
v 0.316667 -0.150000 -0.923104
v 0.316667 -0.133333 -0.925625
v 0.316667 -0.116667 -0.927844
v 0.333333 -0.150000 -0.917219
v 0.333333 -0.133333 -0.919756
v 0.333333 -0.116667 -0.921989
v 0.350000 -0.150000 -0.910990
v 0.350000 -0.133333 -0.913545
v 0.350000 -0.116667 -0.915793
v 0.316667 -0.216667 -0.909941
v 0.316667 -0.200000 -0.913702
v 0.316667 -0.183333 -0.917145
v 0.333333 -0.216667 -0.903970
v 0.333333 -0.200000 -0.907755
v 0.333333 -0.183333 -0.911221
v 0.350000 -0.216667 -0.897650
v 0.350000 -0.200000 -0.901461
v 0.350000 -0.183333 -0.904952
v 0.316667 -0.283333 -0.891673
v 0.316667 -0.266667 -0.896733
v 0.316667 -0.250000 -0.901462
v 0.333333 -0.283333 -0.885578
v 0.333333 -0.266667 -0.890673
v 0.333333 -0.250000 -0.895434
v 0.350000 -0.283333 -0.879125
v 0.350000 -0.266667 -0.884258
v 0.350000 -0.250000 -0.889053
v 0.316667 -0.350000 -0.867989
v 0.316667 -0.333333 -0.874439
v 0.316667 -0.316667 -0.880532
v 0.333333 -0.350000 -0.861726
v 0.333333 -0.333333 -0.868223
v 0.333333 -0.316667 -0.874360
v 0.350000 -0.350000 -0.855093
v 0.350000 -0.333333 -0.861641
v 0.350000 -0.316667 -0.867824
v 0.316667 -0.416667 -0.838419
v 0.316667 -0.400000 -0.846395
v 0.316667 -0.383333 -0.853976
v 0.333333 -0.416667 -0.831934
v 0.333333 -0.400000 -0.839973
v 0.333333 -0.383333 -0.847610
v 0.350000 -0.416667 -0.825061
v 0.350000 -0.400000 -0.833166
v 0.350000 -0.383333 -0.840865
v 0.316667 -0.483333 -0.802314
v 0.316667 -0.466667 -0.811997
v 0.316667 -0.450000 -0.821233
v 0.333333 -0.483333 -0.795534
v 0.333333 -0.466667 -0.805299
v 0.333333 -0.450000 -0.814610
v 0.350000 -0.483333 -0.788344
v 0.350000 -0.466667 -0.798196
v 0.350000 -0.450000 -0.807589
v 0.316667 -0.550000 -0.758754
v 0.316667 -0.533333 -0.770410
v 0.316667 -0.516667 -0.781540
v 0.333333 -0.550000 -0.751581
v 0.333333 -0.533333 -0.763346
v 0.333333 -0.516667 -0.774578
v 0.350000 -0.550000 -0.743964
v 0.350000 -0.533333 -0.755848
v 0.350000 -0.516667 -0.767190
v 0.316667 -0.616666 -0.706339
v 0.316667 -0.600000 -0.720372
v 0.316667 -0.583333 -0.733763
v 0.333333 -0.616666 -0.698627
v 0.333333 -0.600000 -0.712811
v 0.333333 -0.583333 -0.726342
v 0.350000 -0.616666 -0.690427
v 0.350000 -0.600000 -0.704776
v 0.350000 -0.583333 -0.718458
v 0.316667 -0.683333 -0.642930
v 0.316667 -0.666667 -0.659976
v 0.316667 -0.650000 -0.676188
v 0.333333 -0.683333 -0.634448
v 0.333333 -0.666667 -0.651717
v 0.333333 -0.650000 -0.668129
v 0.350000 -0.683333 -0.625408
v 0.350000 -0.666667 -0.642919
v 0.350000 -0.650000 -0.659551
v 0.250000 0.583333 -0.759066
v 0.250000 0.600000 -0.746130
v 0.250000 0.616667 -0.732591
v 0.266667 0.583333 -0.753374
v 0.266667 0.600000 -0.740338
v 0.266667 0.616667 -0.726691
v 0.283333 0.583333 -0.747267
v 0.283333 0.600000 -0.734122
v 0.283333 0.616667 -0.720358
v 0.250000 0.516667 -0.805344
v 0.250000 0.533333 -0.794546
v 0.250000 0.550000 -0.783250
v 0.266667 0.516667 -0.799980
v 0.266667 0.533333 -0.789109
v 0.266667 0.550000 -0.777734
v 0.283333 0.516667 -0.794230
v 0.283333 0.533333 -0.783281
v 0.283333 0.550000 -0.771819
v 0.250000 0.450000 -0.843917
v 0.250000 0.466667 -0.834932
v 0.250000 0.483333 -0.825519
v 0.266667 0.450000 -0.838799
v 0.266667 0.466667 -0.829759
v 0.266667 0.483333 -0.820286
v 0.283333 0.450000 -0.833318
v 0.283333 0.466667 -0.824218
v 0.283333 0.483333 -0.814681
v 0.250000 0.383333 -0.875813
v 0.250000 0.400000 -0.868423
v 0.250000 0.416667 -0.860651
v 0.266667 0.383333 -0.870883
v 0.266667 0.400000 -0.863451
v 0.266667 0.416667 -0.855633
v 0.283333 0.383333 -0.865605
v 0.283333 0.400000 -0.858128
v 0.283333 0.416667 -0.850261
v 0.250000 0.316667 -0.901728
v 0.250000 0.333333 -0.895778
v 0.250000 0.350000 -0.889482
v 0.266667 0.316667 -0.896940
v 0.266667 0.333333 -0.890959
v 0.266667 0.350000 -0.884627
v 0.283333 0.316667 -0.891815
v 0.283333 0.333333 -0.885800
v 0.283333 0.350000 -0.879431
v 0.250000 0.250000 -0.922177
v 0.250000 0.266667 -0.917554
v 0.250000 0.283333 -0.912610
v 0.266667 0.250000 -0.917496
v 0.266667 0.266667 -0.912849
v 0.266667 0.283333 -0.907879
v 0.283333 0.250000 -0.912486
v 0.283333 0.266667 -0.907814
v 0.283333 0.283333 -0.902817
v 0.250000 0.183333 -0.937515
v 0.250000 0.200000 -0.934146
v 0.250000 0.216667 -0.930467
v 0.266667 0.183333 -0.932910
v 0.266667 0.200000 -0.929525
v 0.266667 0.216667 -0.925828
v 0.283333 0.183333 -0.927984
v 0.283333 0.200000 -0.924581
v 0.283333 0.216667 -0.920864
v 0.250000 0.116667 -0.947984
v 0.250000 0.133333 -0.945812
v 0.250000 0.150000 -0.943345
v 0.266667 0.116667 -0.943430
v 0.266667 0.133333 -0.941249
v 0.266667 0.150000 -0.938769
v 0.283333 0.116667 -0.938558
v 0.283333 0.133333 -0.936366
v 0.283333 0.150000 -0.933874
v 0.250000 0.050000 -0.953752
v 0.250000 0.066667 -0.952745
v 0.250000 0.083333 -0.951448
v 0.266667 0.050000 -0.949226
v 0.266667 0.066667 -0.948214
v 0.266667 0.083333 -0.946911
v 0.283333 0.050000 -0.944386
v 0.283333 0.066667 -0.943369
v 0.283333 0.083333 -0.942058
v 0.250000 -0.016667 -0.954903
v 0.250000 0.000000 -0.955049
v 0.250000 0.016667 -0.954903
v 0.266667 -0.016667 -0.950384
v 0.266667 0.000000 -0.950530
v 0.266667 0.016667 -0.950384
v 0.283333 -0.016667 -0.945549
v 0.283333 0.000000 -0.945695
v 0.283333 0.016667 -0.945548
v 0.250000 -0.083333 -0.951448
v 0.250000 -0.066667 -0.952745
v 0.250000 -0.050000 -0.953752
v 0.266667 -0.083333 -0.946911
v 0.266667 -0.066667 -0.948214
v 0.266667 -0.050000 -0.949226
v 0.283333 -0.083333 -0.942058
v 0.283333 -0.066667 -0.943369
v 0.283333 -0.050000 -0.944386
v 0.250000 -0.150000 -0.943345
v 0.250000 -0.133333 -0.945812
v 0.250000 -0.116667 -0.947984
v 0.266667 -0.150000 -0.938769
v 0.266667 -0.133333 -0.941249
v 0.266667 -0.116667 -0.943429
v 0.283333 -0.150000 -0.933874
v 0.283333 -0.133333 -0.936366
v 0.283333 -0.116667 -0.938558
v 0.250000 -0.216667 -0.930467
v 0.250000 -0.200000 -0.934146
v 0.250000 -0.183333 -0.937515
v 0.266667 -0.216667 -0.925828
v 0.266667 -0.200000 -0.929525
v 0.266667 -0.183333 -0.932910
v 0.283333 -0.216667 -0.920864
v 0.283333 -0.200000 -0.924581
v 0.283333 -0.183333 -0.927984
v 0.250000 -0.283333 -0.912610
v 0.250000 -0.266667 -0.917554
v 0.250000 -0.250000 -0.922177
v 0.266667 -0.283333 -0.907879
v 0.266667 -0.266667 -0.912849
v 0.266667 -0.250000 -0.917496
v 0.283333 -0.283333 -0.902817
v 0.283333 -0.266667 -0.907814
v 0.283333 -0.250000 -0.912487
v 0.250000 -0.350000 -0.889482
v 0.250000 -0.333333 -0.895778
v 0.250000 -0.316667 -0.901728
v 0.266667 -0.350000 -0.884627
v 0.266667 -0.333333 -0.890958
v 0.266667 -0.316667 -0.896940
v 0.283333 -0.350000 -0.879431
v 0.283333 -0.333333 -0.885800
v 0.283333 -0.316667 -0.891815
v 0.250000 -0.416667 -0.860651
v 0.250000 -0.400000 -0.868423
v 0.250000 -0.383333 -0.875813
v 0.266667 -0.416667 -0.855633
v 0.266667 -0.400000 -0.863451
v 0.266667 -0.383333 -0.870883
v 0.283333 -0.416667 -0.850261
v 0.283333 -0.400000 -0.858128
v 0.283333 -0.383333 -0.865605
v 0.250000 -0.483333 -0.825519
v 0.250000 -0.466667 -0.834932
v 0.250000 -0.450000 -0.843917
v 0.266667 -0.483333 -0.820286
v 0.266667 -0.466667 -0.829759
v 0.266667 -0.450000 -0.838799
v 0.283333 -0.483333 -0.814681
v 0.283333 -0.466667 -0.824218
v 0.283333 -0.450000 -0.833318
v 0.250000 -0.550000 -0.783250
v 0.250000 -0.533333 -0.794546
v 0.250000 -0.516667 -0.805343
v 0.266667 -0.550000 -0.777734
v 0.266667 -0.533333 -0.789109
v 0.266667 -0.516667 -0.799980
v 0.283333 -0.550000 -0.771819
v 0.283333 -0.533333 -0.783281
v 0.283333 -0.516667 -0.794230
v 0.250000 -0.616666 -0.732591
v 0.250000 -0.600000 -0.746130
v 0.250000 -0.583333 -0.759066
v 0.266667 -0.616666 -0.726691
v 0.266667 -0.600000 -0.740338
v 0.266667 -0.583333 -0.753374
v 0.283333 -0.616666 -0.720358
v 0.283333 -0.600000 -0.734123
v 0.283333 -0.583333 -0.747267
v 0.250000 -0.683333 -0.671668
v 0.250000 -0.666667 -0.688002
v 0.250000 -0.650000 -0.703568
v 0.266667 -0.683333 -0.665228
v 0.266667 -0.666667 -0.681716
v 0.266667 -0.650000 -0.697423
v 0.283333 -0.683333 -0.658302
v 0.283333 -0.666667 -0.674960
v 0.283333 -0.650000 -0.690821
v 0.183333 0.583333 -0.777864
v 0.183333 0.600000 -0.765245
v 0.183333 0.616667 -0.752051
v 0.200000 0.583333 -0.773746
v 0.200000 0.600000 -0.761058
v 0.200000 0.616667 -0.747790
v 0.216667 0.583333 -0.769244
v 0.216667 0.600000 -0.756482
v 0.216667 0.616667 -0.743131
v 0.183333 0.516667 -0.823086
v 0.183333 0.533333 -0.812524
v 0.183333 0.550000 -0.801482
v 0.200000 0.516667 -0.819196
v 0.200000 0.533333 -0.808583
v 0.200000 0.550000 -0.797485
v 0.216667 0.516667 -0.814944
v 0.216667 0.533333 -0.804276
v 0.216667 0.550000 -0.793119
v 0.183333 0.450000 -0.860866
v 0.183333 0.466667 -0.852060
v 0.183333 0.483333 -0.842838
v 0.200000 0.450000 -0.857146
v 0.200000 0.466667 -0.848301
v 0.200000 0.483333 -0.839038
v 0.216667 0.450000 -0.853085
v 0.216667 0.466667 -0.844198
v 0.216667 0.483333 -0.834888
v 0.183333 0.383333 -0.892157
v 0.183333 0.400000 -0.884903
v 0.183333 0.416667 -0.877277
v 0.200000 0.383333 -0.888569
v 0.200000 0.400000 -0.881285
v 0.200000 0.416667 -0.873627
v 0.216667 0.383333 -0.884651
v 0.216667 0.400000 -0.877336
v 0.216667 0.416667 -0.869642
v 0.183333 0.316667 -0.917609
v 0.183333 0.333333 -0.911764
v 0.183333 0.350000 -0.905579
v 0.200000 0.316667 -0.914121
v 0.200000 0.333333 -0.908253
v 0.200000 0.350000 -0.902044
v 0.216667 0.316667 -0.910314
v 0.216667 0.333333 -0.904421
v 0.216667 0.350000 -0.898185
v 0.183333 0.250000 -0.937713
v 0.183333 0.266667 -0.933167
v 0.183333 0.283333 -0.928305
v 0.200000 0.250000 -0.934299
v 0.200000 0.266667 -0.929738
v 0.200000 0.283333 -0.924857
v 0.216667 0.250000 -0.930574
v 0.216667 0.266667 -0.925995
v 0.216667 0.283333 -0.921094
v 0.183333 0.183333 -0.952801
v 0.183333 0.200000 -0.949486
v 0.183333 0.216667 -0.945867
v 0.200000 0.183333 -0.949441
v 0.200000 0.200000 -0.946115
v 0.200000 0.216667 -0.942484
v 0.216667 0.183333 -0.945776
v 0.216667 0.200000 -0.942437
v 0.216667 0.216667 -0.938792
v 0.183333 0.116667 -0.963102
v 0.183333 0.133333 -0.960966
v 0.183333 0.150000 -0.958537
v 0.200000 0.116667 -0.959781
v 0.200000 0.133333 -0.957636
v 0.200000 0.150000 -0.955199
v 0.216667 0.116667 -0.956154
v 0.216667 0.133333 -0.954002
v 0.216667 0.150000 -0.951557
v 0.183333 0.050000 -0.968782
v 0.183333 0.066667 -0.967791
v 0.183333 0.083333 -0.966513
v 0.200000 0.050000 -0.965478
v 0.200000 0.066667 -0.964483
v 0.200000 0.083333 -0.963202
v 0.216667 0.050000 -0.961875
v 0.216667 0.066667 -0.960876
v 0.216667 0.083333 -0.959590
v 0.183333 -0.016667 -0.969915
v 0.183333 0.000000 -0.970058
v 0.183333 0.016667 -0.969915
v 0.200000 -0.016667 -0.966616
v 0.200000 0.000000 -0.966759
v 0.200000 0.016667 -0.966616
v 0.216667 -0.016667 -0.963017
v 0.216667 0.000000 -0.963161
v 0.216667 0.016667 -0.963017
v 0.183333 -0.083333 -0.966513
v 0.183333 -0.066667 -0.967791
v 0.183333 -0.050000 -0.968782
v 0.200000 -0.083333 -0.963202
v 0.200000 -0.066667 -0.964483
v 0.200000 -0.050000 -0.965478
v 0.216667 -0.083333 -0.959590
v 0.216667 -0.066667 -0.960876
v 0.216667 -0.050000 -0.961875
v 0.183333 -0.150000 -0.958537
v 0.183333 -0.133333 -0.960965
v 0.183333 -0.116667 -0.963102
v 0.200000 -0.150000 -0.955199
v 0.200000 -0.133333 -0.957636
v 0.200000 -0.116667 -0.959781
v 0.216667 -0.150000 -0.951557
v 0.216667 -0.133333 -0.954002
v 0.216667 -0.116667 -0.956154
v 0.183333 -0.216667 -0.945867
v 0.183333 -0.200000 -0.949486
v 0.183333 -0.183333 -0.952801
v 0.200000 -0.216667 -0.942484
v 0.200000 -0.200000 -0.946115
v 0.200000 -0.183333 -0.949441
v 0.216667 -0.216667 -0.938792
v 0.216667 -0.200000 -0.942437
v 0.216667 -0.183333 -0.945776
v 0.183333 -0.283333 -0.928305
v 0.183333 -0.266667 -0.933167
v 0.183333 -0.250000 -0.937713
v 0.200000 -0.283333 -0.924857
v 0.200000 -0.266667 -0.929738
v 0.200000 -0.250000 -0.934299
v 0.216667 -0.283333 -0.921094
v 0.216667 -0.266667 -0.925995
v 0.216667 -0.250000 -0.930574
v 0.183333 -0.350000 -0.905579
v 0.183333 -0.333333 -0.911764
v 0.183333 -0.316667 -0.917610
v 0.200000 -0.350000 -0.902044
v 0.200000 -0.333333 -0.908253
v 0.200000 -0.316667 -0.914121
v 0.216667 -0.350000 -0.898185
v 0.216667 -0.333333 -0.904421
v 0.216667 -0.316667 -0.910314
v 0.183333 -0.416667 -0.877277
v 0.183333 -0.400000 -0.884903
v 0.183333 -0.383333 -0.892157
v 0.200000 -0.416667 -0.873627
v 0.200000 -0.400000 -0.881285
v 0.200000 -0.383333 -0.888568
v 0.216667 -0.416667 -0.869642
v 0.216667 -0.400000 -0.877336
v 0.216667 -0.383333 -0.884651
v 0.183333 -0.483333 -0.842837
v 0.183333 -0.466667 -0.852060
v 0.183333 -0.450000 -0.860865
v 0.200000 -0.483333 -0.839038
v 0.200000 -0.466667 -0.848301
v 0.200000 -0.450000 -0.857146
v 0.216667 -0.483333 -0.834888
v 0.216667 -0.466667 -0.844198
v 0.216667 -0.450000 -0.853085
v 0.183333 -0.550000 -0.801482
v 0.183333 -0.533333 -0.812524
v 0.183333 -0.516667 -0.823086
v 0.200000 -0.550000 -0.797485
v 0.200000 -0.533333 -0.808583
v 0.200000 -0.516667 -0.819196
v 0.216667 -0.550000 -0.793119
v 0.216667 -0.533333 -0.804276
v 0.216667 -0.516667 -0.814944
v 0.183333 -0.616666 -0.752051
v 0.183333 -0.600000 -0.765245
v 0.183333 -0.583333 -0.777864
v 0.200000 -0.616666 -0.747790
v 0.200000 -0.600000 -0.761059
v 0.200000 -0.583333 -0.773746
v 0.216667 -0.616666 -0.743131
v 0.216667 -0.600000 -0.756482
v 0.216667 -0.583333 -0.769244
v 0.183333 -0.683333 -0.692839
v 0.183333 -0.666667 -0.708685
v 0.183333 -0.650000 -0.723807
v 0.200000 -0.683333 -0.688212
v 0.200000 -0.666667 -0.704163
v 0.200000 -0.650000 -0.719379
v 0.216667 -0.683333 -0.683148
v 0.216667 -0.666667 -0.699215
v 0.216667 -0.650000 -0.714537
v 0.116667 0.583333 -0.790615
v 0.116667 0.600000 -0.778203
v 0.116667 0.616667 -0.765232
v 0.133333 0.583333 -0.787976
v 0.133333 0.600000 -0.775522
v 0.133333 0.616667 -0.762505
v 0.150000 0.583333 -0.784975
v 0.150000 0.600000 -0.772472
v 0.150000 0.616667 -0.759403
v 0.116667 0.516667 -0.835146
v 0.116667 0.533333 -0.824739
v 0.116667 0.550000 -0.813861
v 0.133333 0.516667 -0.832648
v 0.133333 0.533333 -0.822210
v 0.133333 0.550000 -0.811299
v 0.150000 0.516667 -0.829809
v 0.150000 0.533333 -0.819335
v 0.150000 0.550000 -0.808384
v 0.116667 0.450000 -0.872402
v 0.116667 0.466667 -0.863714
v 0.116667 0.483333 -0.854618
v 0.133333 0.450000 -0.870012
v 0.133333 0.466667 -0.861300
v 0.133333 0.483333 -0.852177
v 0.150000 0.450000 -0.867295
v 0.150000 0.466667 -0.858555
v 0.150000 0.483333 -0.849404
v 0.116667 0.383333 -0.903294
v 0.116667 0.400000 -0.896130
v 0.116667 0.416667 -0.888600
v 0.133333 0.383333 -0.900985
v 0.133333 0.400000 -0.893803
v 0.133333 0.416667 -0.886253
v 0.150000 0.383333 -0.898362
v 0.150000 0.400000 -0.891158
v 0.150000 0.416667 -0.883586
v 0.116667 0.316667 -0.928440
v 0.116667 0.333333 -0.922664
v 0.116667 0.350000 -0.916552
v 0.133333 0.316667 -0.926194
v 0.133333 0.333333 -0.920404
v 0.133333 0.350000 -0.914277
v 0.150000 0.316667 -0.923642
v 0.150000 0.333333 -0.917836
v 0.150000 0.350000 -0.911692
v 0.116667 0.250000 -0.948314
v 0.116667 0.266667 -0.943819
v 0.116667 0.283333 -0.939013
v 0.133333 0.250000 -0.946115
v 0.133333 0.266667 -0.941610
v 0.133333 0.283333 -0.936793
v 0.150000 0.250000 -0.943617
v 0.150000 0.266667 -0.939100
v 0.150000 0.283333 -0.934270
v 0.116667 0.183333 -0.963235
v 0.116667 0.200000 -0.959956
v 0.116667 0.216667 -0.956377
v 0.133333 0.183333 -0.961071
v 0.133333 0.200000 -0.957785
v 0.133333 0.216667 -0.954197
v 0.150000 0.183333 -0.958611
v 0.150000 0.200000 -0.955317
v 0.150000 0.216667 -0.951721
v 0.116667 0.116667 -0.973427
v 0.116667 0.133333 -0.971313
v 0.116667 0.150000 -0.968911
v 0.133333 0.116667 -0.971285
v 0.133333 0.133333 -0.969166
v 0.133333 0.150000 -0.966758
v 0.150000 0.116667 -0.968852
v 0.150000 0.133333 -0.966728
v 0.150000 0.150000 -0.964314
v 0.116667 0.050000 -0.979046
v 0.116667 0.066667 -0.978065
v 0.116667 0.083333 -0.976801
v 0.133333 0.050000 -0.976917
v 0.133333 0.066667 -0.975933
v 0.133333 0.083333 -0.974667
v 0.150000 0.050000 -0.974497
v 0.150000 0.066667 -0.973512
v 0.150000 0.083333 -0.972243
v 0.116667 -0.016667 -0.980167
v 0.116667 0.000000 -0.980309
v 0.116667 0.016667 -0.980167
v 0.133333 -0.016667 -0.978041
v 0.133333 0.000000 -0.978182
v 0.133333 0.016667 -0.978041
v 0.150000 -0.016667 -0.975624
v 0.150000 0.000000 -0.975766
v 0.150000 0.016667 -0.975624
v 0.116667 -0.083333 -0.976801
v 0.116667 -0.066667 -0.978065
v 0.116667 -0.050000 -0.979046
v 0.133333 -0.083333 -0.974667
v 0.133333 -0.066667 -0.975933
v 0.133333 -0.050000 -0.976916
v 0.150000 -0.083333 -0.972243
v 0.150000 -0.066667 -0.973512
v 0.150000 -0.050000 -0.974498
v 0.116667 -0.150000 -0.968911
v 0.116667 -0.133333 -0.971313
v 0.116667 -0.116667 -0.973427
v 0.133333 -0.150000 -0.966758
v 0.133333 -0.133333 -0.969166
v 0.133333 -0.116667 -0.971284
v 0.150000 -0.150000 -0.964314
v 0.150000 -0.133333 -0.966728
v 0.150000 -0.116667 -0.968852
v 0.116667 -0.216667 -0.956377
v 0.116667 -0.200000 -0.959956
v 0.116667 -0.183333 -0.963235
v 0.133333 -0.216667 -0.954197
v 0.133333 -0.200000 -0.957785
v 0.133333 -0.183333 -0.961071
v 0.150000 -0.216667 -0.951721
v 0.150000 -0.200000 -0.955317
v 0.150000 -0.183333 -0.958611
v 0.116667 -0.283333 -0.939012
v 0.116667 -0.266667 -0.943819
v 0.116667 -0.250000 -0.948314
v 0.133333 -0.283333 -0.936793
v 0.133333 -0.266667 -0.941610
v 0.133333 -0.250000 -0.946115
v 0.150000 -0.283333 -0.934270
v 0.150000 -0.266667 -0.939100
v 0.150000 -0.250000 -0.943617
v 0.116667 -0.350000 -0.916552
v 0.116667 -0.333333 -0.922664
v 0.116667 -0.316667 -0.928440
v 0.133333 -0.350000 -0.914277
v 0.133333 -0.333333 -0.920404
v 0.133333 -0.316667 -0.926194
v 0.150000 -0.350000 -0.911692
v 0.150000 -0.333333 -0.917836
v 0.150000 -0.316667 -0.923642
v 0.116667 -0.416667 -0.888600
v 0.116667 -0.400000 -0.896130
v 0.116667 -0.383333 -0.903293
v 0.133333 -0.416667 -0.886253
v 0.133333 -0.400000 -0.893803
v 0.133333 -0.383333 -0.900985
v 0.150000 -0.416667 -0.883586
v 0.150000 -0.400000 -0.891158
v 0.150000 -0.383333 -0.898362
v 0.116667 -0.483333 -0.854617
v 0.116667 -0.466667 -0.863714
v 0.116667 -0.450000 -0.872402
v 0.133333 -0.483333 -0.852177
v 0.133333 -0.466667 -0.861300
v 0.133333 -0.450000 -0.870011
v 0.150000 -0.483333 -0.849404
v 0.150000 -0.466667 -0.858554
v 0.150000 -0.450000 -0.867295
v 0.116667 -0.550000 -0.813861
v 0.116667 -0.533333 -0.824738
v 0.116667 -0.516667 -0.835145
v 0.133333 -0.550000 -0.811299
v 0.133333 -0.533333 -0.822209
v 0.133333 -0.516667 -0.832648
v 0.150000 -0.550000 -0.808384
v 0.150000 -0.533333 -0.819334
v 0.150000 -0.516667 -0.829809
v 0.116667 -0.616666 -0.765232
v 0.116667 -0.600000 -0.778203
v 0.116667 -0.583333 -0.790615
v 0.133333 -0.616666 -0.762505
v 0.133333 -0.600000 -0.775522
v 0.133333 -0.583333 -0.787976
v 0.150000 -0.616666 -0.759403
v 0.150000 -0.600000 -0.772472
v 0.150000 -0.583333 -0.784975
v 0.116667 -0.683333 -0.707126
v 0.116667 -0.666667 -0.722659
v 0.116667 -0.650000 -0.737494
v 0.133333 -0.683333 -0.704175
v 0.133333 -0.666667 -0.719771
v 0.133333 -0.650000 -0.734664
v 0.150000 -0.683333 -0.700813
v 0.150000 -0.666667 -0.716483
v 0.150000 -0.650000 -0.731444
v 0.050000 0.583333 -0.797610
v 0.050000 0.600000 -0.785309
v 0.050000 0.616667 -0.772458
v 0.066667 0.583333 -0.796390
v 0.066667 0.600000 -0.784069
v 0.066667 0.616667 -0.771197
v 0.083333 0.583333 -0.794819
v 0.083333 0.600000 -0.782473
v 0.083333 0.616667 -0.769574
v 0.050000 0.516667 -0.841771
v 0.050000 0.533333 -0.831447
v 0.050000 0.550000 -0.820659
v 0.066667 0.516667 -0.840615
v 0.066667 0.533333 -0.830277
v 0.066667 0.550000 -0.819473
v 0.083333 0.516667 -0.839127
v 0.083333 0.533333 -0.828769
v 0.083333 0.550000 -0.817946
v 0.050000 0.450000 -0.878747
v 0.050000 0.466667 -0.870122
v 0.050000 0.483333 -0.861094
v 0.066667 0.450000 -0.877640
v 0.066667 0.466667 -0.869004
v 0.066667 0.483333 -0.859963
v 0.083333 0.450000 -0.876214
v 0.083333 0.466667 -0.867564
v 0.083333 0.483333 -0.858508
v 0.050000 0.383333 -0.909424
v 0.050000 0.400000 -0.902309
v 0.050000 0.416667 -0.894831
v 0.066667 0.383333 -0.908353
v 0.066667 0.400000 -0.901230
v 0.066667 0.416667 -0.893743
v 0.083333 0.383333 -0.906976
v 0.083333 0.400000 -0.899842
v 0.083333 0.416667 -0.892343
v 0.050000 0.316667 -0.934406
v 0.050000 0.333333 -0.928666
v 0.050000 0.350000 -0.922594
v 0.066667 0.316667 -0.933364
v 0.066667 0.333333 -0.927617
v 0.066667 0.350000 -0.921538
v 0.083333 0.316667 -0.932024
v 0.083333 0.333333 -0.926269
v 0.083333 0.350000 -0.920181
v 0.050000 0.250000 -0.954155
v 0.050000 0.266667 -0.949688
v 0.050000 0.283333 -0.944911
v 0.066667 0.250000 -0.953134
v 0.066667 0.266667 -0.948663
v 0.066667 0.283333 -0.943882
v 0.083333 0.250000 -0.951821
v 0.083333 0.266667 -0.947344
v 0.083333 0.283333 -0.942555
v 0.050000 0.183333 -0.968987
v 0.050000 0.200000 -0.965728
v 0.050000 0.216667 -0.962170
v 0.066667 0.183333 -0.967982
v 0.066667 0.200000 -0.964719
v 0.066667 0.216667 -0.961158
v 0.083333 0.183333 -0.966690
v 0.083333 0.200000 -0.963422
v 0.083333 0.216667 -0.959856
v 0.050000 0.116667 -0.979118
v 0.050000 0.133333 -0.977017
v 0.050000 0.150000 -0.974628
v 0.066667 0.116667 -0.978124
v 0.066667 0.133333 -0.976020
v 0.066667 0.150000 -0.973629
v 0.083333 0.116667 -0.976845
v 0.083333 0.133333 -0.974738
v 0.083333 0.150000 -0.972345
v 0.050000 0.050000 -0.984705
v 0.050000 0.066667 -0.983729
v 0.050000 0.083333 -0.982473
v 0.066667 0.050000 -0.983717
v 0.066667 0.066667 -0.982741
v 0.066667 0.083333 -0.981483
v 0.083333 0.050000 -0.982444
v 0.083333 0.066667 -0.981467
v 0.083333 0.083333 -0.980207
v 0.050000 -0.016667 -0.985820
v 0.050000 0.000000 -0.985961
v 0.050000 0.016667 -0.985820
v 0.066667 -0.016667 -0.984834
v 0.066667 0.000000 -0.984975
v 0.066667 0.016667 -0.984834
v 0.083333 -0.016667 -0.983562
v 0.083333 0.000000 -0.983703
v 0.083333 0.016667 -0.983562
v 0.050000 -0.083333 -0.982473
v 0.050000 -0.066667 -0.983730
v 0.050000 -0.050000 -0.984705
v 0.066667 -0.083333 -0.981483
v 0.066667 -0.066667 -0.982741
v 0.066667 -0.050000 -0.983717
v 0.083333 -0.083333 -0.980207
v 0.083333 -0.066667 -0.981467
v 0.083333 -0.050000 -0.982444
v 0.050000 -0.150000 -0.974628
v 0.050000 -0.133333 -0.977017
v 0.050000 -0.116667 -0.979118
v 0.066667 -0.150000 -0.973629
v 0.066667 -0.133333 -0.976020
v 0.066667 -0.116667 -0.978124
v 0.083333 -0.150000 -0.972345
v 0.083333 -0.133333 -0.974738
v 0.083333 -0.116667 -0.976845
v 0.050000 -0.216667 -0.962170
v 0.050000 -0.200000 -0.965728
v 0.050000 -0.183333 -0.968987
v 0.066667 -0.216667 -0.961158
v 0.066667 -0.200000 -0.964719
v 0.066667 -0.183333 -0.967982
v 0.083333 -0.216667 -0.959856
v 0.083333 -0.200000 -0.963422
v 0.083333 -0.183333 -0.966690
v 0.050000 -0.283333 -0.944911
v 0.050000 -0.266667 -0.949688
v 0.050000 -0.250000 -0.954155
v 0.066667 -0.283333 -0.943882
v 0.066667 -0.266667 -0.948663
v 0.066667 -0.250000 -0.953134
v 0.083333 -0.283333 -0.942555
v 0.083333 -0.266667 -0.947343
v 0.083333 -0.250000 -0.951821
v 0.050000 -0.350000 -0.922594
v 0.050000 -0.333333 -0.928665
v 0.050000 -0.316667 -0.934405
v 0.066667 -0.350000 -0.921538
v 0.066667 -0.333333 -0.927617
v 0.066667 -0.316667 -0.933364
v 0.083333 -0.350000 -0.920180
v 0.083333 -0.333333 -0.926269
v 0.083333 -0.316667 -0.932024
v 0.050000 -0.416667 -0.894830
v 0.050000 -0.400000 -0.902309
v 0.050000 -0.383333 -0.909423
v 0.066667 -0.416667 -0.893742
v 0.066667 -0.400000 -0.901230
v 0.066667 -0.383333 -0.908353
v 0.083333 -0.416667 -0.892342
v 0.083333 -0.400000 -0.899842
v 0.083333 -0.383333 -0.906975
v 0.050000 -0.483333 -0.861094
v 0.050000 -0.466667 -0.870122
v 0.050000 -0.450000 -0.878747
v 0.066667 -0.483333 -0.859963
v 0.066667 -0.466667 -0.869004
v 0.066667 -0.450000 -0.877639
v 0.083333 -0.483333 -0.858508
v 0.083333 -0.466667 -0.867564
v 0.083333 -0.450000 -0.876214
v 0.050000 -0.550000 -0.820659
v 0.050000 -0.533333 -0.831447
v 0.050000 -0.516667 -0.841771
v 0.066667 -0.550000 -0.819472
v 0.066667 -0.533333 -0.830277
v 0.066667 -0.516667 -0.840615
v 0.083333 -0.550000 -0.817946
v 0.083333 -0.533333 -0.828769
v 0.083333 -0.516667 -0.839126
v 0.050000 -0.616666 -0.772457
v 0.050000 -0.600000 -0.785308
v 0.050000 -0.583333 -0.797610
v 0.066667 -0.616666 -0.771197
v 0.066667 -0.600000 -0.784069
v 0.066667 -0.583333 -0.796390
v 0.083333 -0.616666 -0.769574
v 0.083333 -0.600000 -0.782473
v 0.083333 -0.583333 -0.794819
v 0.050000 -0.683333 -0.714937
v 0.050000 -0.666667 -0.730305
v 0.050000 -0.650000 -0.744988
v 0.066667 -0.683333 -0.713576
v 0.066667 -0.666667 -0.728972
v 0.066667 -0.650000 -0.743681
v 0.083333 -0.683333 -0.711823
v 0.083333 -0.666667 -0.727255
v 0.083333 -0.650000 -0.741998
v -0.016667 0.583333 -0.799004
v -0.016667 0.600000 -0.786725
v -0.016667 0.616667 -0.773896
v 0.000000 0.583333 -0.799179
v 0.000000 0.600000 -0.786902
v 0.000000 0.616667 -0.774077
v 0.016667 0.583333 -0.799004
v 0.016667 0.600000 -0.786725
v 0.016667 0.616667 -0.773897
v -0.016667 0.516667 -0.843092
v -0.016667 0.533333 -0.832784
v -0.016667 0.550000 -0.822013
v -0.000000 0.516667 -0.843258
v 0.000000 0.533333 -0.832952
v 0.000000 0.550000 -0.822184
v 0.016667 0.516667 -0.843092
v 0.016667 0.533333 -0.832784
v 0.016667 0.550000 -0.822014
v -0.016667 0.450000 -0.880013
v -0.016667 0.466667 -0.871400
v -0.016667 0.483333 -0.862385
v -0.000000 0.450000 -0.880172
v -0.000000 0.466667 -0.871561
v -0.000000 0.483333 -0.862547
v 0.016667 0.450000 -0.880013
v 0.016667 0.466667 -0.871400
v 0.016667 0.483333 -0.862385
v -0.016667 0.383333 -0.910647
v -0.016667 0.400000 -0.903542
v -0.016667 0.416667 -0.896074
v -0.000000 0.383333 -0.910800
v -0.000000 0.400000 -0.903696
v -0.000000 0.416667 -0.896229
v 0.016667 0.383333 -0.910647
v 0.016667 0.400000 -0.903542
v 0.016667 0.416667 -0.896074
v -0.016667 0.316667 -0.935596
v -0.016667 0.333333 -0.929864
v -0.016667 0.350000 -0.923800
v -0.000000 0.316667 -0.935746
v -0.000000 0.333333 -0.930014
v -0.000000 0.350000 -0.923951
v 0.016667 0.316667 -0.935596
v 0.016667 0.333333 -0.929864
v 0.016667 0.350000 -0.923800
v -0.016667 0.250000 -0.955320
v -0.016667 0.266667 -0.950859
v -0.016667 0.283333 -0.946088
v -0.000000 0.250000 -0.955467
v -0.000000 0.266667 -0.951006
v -0.000000 0.283333 -0.946236
v 0.016667 0.250000 -0.955320
v 0.016667 0.266667 -0.950859
v 0.016667 0.283333 -0.946088
v -0.016667 0.183333 -0.970134
v -0.016667 0.200000 -0.966879
v -0.016667 0.216667 -0.963326
v -0.000000 0.183333 -0.970279
v -0.000000 0.200000 -0.967024
v -0.000000 0.216667 -0.963471
v 0.016667 0.183333 -0.970134
v 0.016667 0.200000 -0.966879
v 0.016667 0.216667 -0.963326
v -0.016667 0.116667 -0.980254
v -0.016667 0.133333 -0.978155
v -0.016667 0.150000 -0.975769
v -0.000000 0.116667 -0.980397
v -0.000000 0.133333 -0.978298
v -0.000000 0.150000 -0.975913
v 0.016667 0.116667 -0.980254
v 0.016667 0.133333 -0.978155
v 0.016667 0.150000 -0.975769
v -0.016667 0.050000 -0.985834
v -0.016667 0.066667 -0.984860
v -0.016667 0.083333 -0.983605
v -0.000000 0.050000 -0.985977
v -0.000000 0.066667 -0.985003
v -0.000000 0.083333 -0.983748
v 0.016667 0.050000 -0.985835
v 0.016667 0.066667 -0.984860
v 0.016667 0.083333 -0.983605
v -0.016667 -0.016667 -0.986948
v -0.016667 0.000000 -0.987089
v -0.016667 0.016667 -0.986948
v -0.000000 -0.016667 -0.987091
v -0.000000 0.000000 -0.987231
v -0.000000 0.016667 -0.987091
v 0.016667 -0.016667 -0.986948
v 0.016667 0.000000 -0.987089
v 0.016667 0.016667 -0.986948
v -0.016667 -0.083333 -0.983605
v -0.016667 -0.066667 -0.984860
v -0.016667 -0.050000 -0.985835
v -0.000000 -0.083333 -0.983748
v -0.000000 -0.066667 -0.985003
v -0.000000 -0.050000 -0.985977
v 0.016667 -0.083333 -0.983605
v 0.016667 -0.066667 -0.984860
v 0.016667 -0.050000 -0.985835
v -0.016667 -0.150000 -0.975769
v -0.016667 -0.133333 -0.978155
v -0.016667 -0.116667 -0.980254
v -0.000000 -0.150000 -0.975913
v -0.000000 -0.133333 -0.978298
v -0.000000 -0.116667 -0.980397
v 0.016667 -0.150000 -0.975769
v 0.016667 -0.133333 -0.978155
v 0.016667 -0.116667 -0.980254
v -0.016667 -0.216667 -0.963325
v -0.016667 -0.200000 -0.966879
v -0.016667 -0.183333 -0.970134
v -0.000000 -0.216667 -0.963471
v -0.000000 -0.200000 -0.967024
v -0.000000 -0.183333 -0.970278
v 0.016667 -0.216667 -0.963326
v 0.016667 -0.200000 -0.966879
v 0.016667 -0.183333 -0.970134
v -0.016667 -0.283333 -0.946088
v -0.016667 -0.266667 -0.950859
v -0.016667 -0.250000 -0.955320
v -0.000000 -0.283333 -0.946236
v -0.000000 -0.266667 -0.951006
v -0.000000 -0.250000 -0.955467
v 0.016667 -0.283333 -0.946088
v 0.016667 -0.266667 -0.950859
v 0.016667 -0.250000 -0.955320
v -0.016667 -0.350000 -0.923799
v -0.016667 -0.333333 -0.929864
v -0.016667 -0.316667 -0.935596
v -0.000000 -0.350000 -0.923950
v -0.000000 -0.333333 -0.930014
v -0.000000 -0.316667 -0.935745
v 0.016667 -0.350000 -0.923799
v 0.016667 -0.333333 -0.929864
v 0.016667 -0.316667 -0.935596
v -0.016667 -0.416667 -0.896073
v -0.016667 -0.400000 -0.903542
v -0.016667 -0.383333 -0.910646
v -0.000000 -0.416667 -0.896229
v -0.000000 -0.400000 -0.903696
v -0.000000 -0.383333 -0.910800
v 0.016667 -0.416667 -0.896074
v 0.016667 -0.400000 -0.903542
v 0.016667 -0.383333 -0.910646
v -0.016667 -0.483333 -0.862384
v -0.016667 -0.466667 -0.871400
v -0.016667 -0.450000 -0.880013
v -0.000000 -0.483333 -0.862547
v -0.000000 -0.466667 -0.871561
v -0.000000 -0.450000 -0.880171
v 0.016667 -0.483333 -0.862385
v 0.016667 -0.466667 -0.871400
v 0.016667 -0.450000 -0.880013
v -0.016667 -0.550000 -0.822013
v -0.016667 -0.533333 -0.832784
v -0.016667 -0.516667 -0.843091
v -0.000000 -0.550000 -0.822183
v -0.000000 -0.533333 -0.832952
v -0.000000 -0.516667 -0.843258
v 0.016667 -0.550000 -0.822013
v 0.016667 -0.533333 -0.832784
v 0.016667 -0.516667 -0.843091
v -0.016667 -0.616666 -0.773896
v -0.016667 -0.600000 -0.786724
v -0.016667 -0.583333 -0.799004
v -0.000000 -0.616666 -0.774076
v -0.000000 -0.600000 -0.786901
v -0.000000 -0.583333 -0.799179
v 0.016667 -0.616666 -0.773896
v 0.016667 -0.600000 -0.786724
v 0.016667 -0.583333 -0.799004
v -0.016667 -0.683333 -0.716491
v -0.016667 -0.666667 -0.731826
v -0.016667 -0.650000 -0.746479
v -0.000000 -0.683333 -0.716687
v -0.000000 -0.666667 -0.732017
v -0.000000 -0.650000 -0.746666
v 0.016667 -0.683333 -0.716492
v 0.016667 -0.666667 -0.731826
v 0.016667 -0.650000 -0.746479
v -0.083333 0.583333 -0.794819
v -0.083333 0.600000 -0.782473
v -0.083333 0.616667 -0.769574
v -0.066667 0.583333 -0.796390
v -0.066667 0.600000 -0.784069
v -0.066667 0.616667 -0.771197
v -0.050000 0.583333 -0.797610
v -0.050000 0.600000 -0.785308
v -0.050000 0.616667 -0.772457
v -0.083333 0.516667 -0.839126
v -0.083333 0.533333 -0.828769
v -0.083333 0.550000 -0.817946
v -0.066667 0.516667 -0.840615
v -0.066667 0.533333 -0.830277
v -0.066667 0.550000 -0.819472
v -0.050000 0.516667 -0.841771
v -0.050000 0.533333 -0.831447
v -0.050000 0.550000 -0.820659
v -0.083333 0.450000 -0.876214
v -0.083333 0.466667 -0.867564
v -0.083333 0.483333 -0.858508
v -0.066667 0.450000 -0.877639
v -0.066667 0.466667 -0.869004
v -0.066667 0.483333 -0.859963
v -0.050000 0.450000 -0.878747
v -0.050000 0.466667 -0.870122
v -0.050000 0.483333 -0.861094
v -0.083333 0.383333 -0.906975
v -0.083333 0.400000 -0.899841
v -0.083333 0.416667 -0.892342
v -0.066667 0.383333 -0.908353
v -0.066667 0.400000 -0.901230
v -0.066667 0.416667 -0.893742
v -0.050000 0.383333 -0.909423
v -0.050000 0.400000 -0.902309
v -0.050000 0.416667 -0.894831
v -0.083333 0.316667 -0.932024
v -0.083333 0.333333 -0.926268
v -0.083333 0.350000 -0.920180
v -0.066667 0.316667 -0.933364
v -0.066667 0.333333 -0.927617
v -0.066667 0.350000 -0.921538
v -0.050000 0.316667 -0.934405
v -0.050000 0.333333 -0.928666
v -0.050000 0.350000 -0.922594
v -0.083333 0.250000 -0.951821
v -0.083333 0.266667 -0.947343
v -0.083333 0.283333 -0.942555
v -0.066667 0.250000 -0.953134
v -0.066667 0.266667 -0.948663
v -0.066667 0.283333 -0.943882
v -0.050000 0.250000 -0.954155
v -0.050000 0.266667 -0.949688
v -0.050000 0.283333 -0.944911
v -0.083333 0.183333 -0.966689
v -0.083333 0.200000 -0.963422
v -0.083333 0.216667 -0.959856
v -0.066667 0.183333 -0.967981
v -0.066667 0.200000 -0.964719
v -0.066667 0.216667 -0.961158
v -0.050000 0.183333 -0.968986
v -0.050000 0.200000 -0.965728
v -0.050000 0.216667 -0.962170
v -0.083333 0.116667 -0.976844
v -0.083333 0.133333 -0.974738
v -0.083333 0.150000 -0.972344
v -0.066667 0.116667 -0.978124
v -0.066667 0.133333 -0.976020
v -0.066667 0.150000 -0.973629
v -0.050000 0.116667 -0.979118
v -0.050000 0.133333 -0.977016
v -0.050000 0.150000 -0.974628
v -0.083333 0.050000 -0.982444
v -0.083333 0.066667 -0.981466
v -0.083333 0.083333 -0.980207
v -0.066667 0.050000 -0.983717
v -0.066667 0.066667 -0.982740
v -0.066667 0.083333 -0.981483
v -0.050000 0.050000 -0.984705
v -0.050000 0.066667 -0.983729
v -0.050000 0.083333 -0.982473
v -0.083333 -0.016667 -0.983562
v -0.083333 0.000000 -0.983703
v -0.083333 0.016667 -0.983562
v -0.066667 -0.016667 -0.984833
v -0.066667 0.000000 -0.984974
v -0.066667 0.016667 -0.984833
v -0.050000 -0.016667 -0.985820
v -0.050000 0.000000 -0.985961
v -0.050000 0.016667 -0.985820
v -0.083333 -0.083333 -0.980207
v -0.083333 -0.066667 -0.981466
v -0.083333 -0.050000 -0.982444
v -0.066667 -0.083333 -0.981483
v -0.066667 -0.066667 -0.982740
v -0.066667 -0.050000 -0.983717
v -0.050000 -0.083333 -0.982473
v -0.050000 -0.066667 -0.983729
v -0.050000 -0.050000 -0.984705
v -0.083333 -0.150000 -0.972344
v -0.083333 -0.133333 -0.974738
v -0.083333 -0.116667 -0.976844
v -0.066667 -0.150000 -0.973629
v -0.066667 -0.133333 -0.976020
v -0.066667 -0.116667 -0.978124
v -0.050000 -0.150000 -0.974628
v -0.050000 -0.133333 -0.977016
v -0.050000 -0.116667 -0.979118
v -0.083333 -0.216667 -0.959856
v -0.083333 -0.200000 -0.963422
v -0.083333 -0.183333 -0.966689
v -0.066667 -0.216667 -0.961158
v -0.066667 -0.200000 -0.964719
v -0.066667 -0.183333 -0.967981
v -0.050000 -0.216667 -0.962170
v -0.050000 -0.200000 -0.965727
v -0.050000 -0.183333 -0.968986
v -0.083333 -0.283333 -0.942555
v -0.083333 -0.266667 -0.947343
v -0.083333 -0.250000 -0.951821
v -0.066667 -0.283333 -0.943881
v -0.066667 -0.266667 -0.948663
v -0.066667 -0.250000 -0.953134
v -0.050000 -0.283333 -0.944911
v -0.050000 -0.266667 -0.949688
v -0.050000 -0.250000 -0.954155
v -0.083333 -0.350000 -0.920180
v -0.083333 -0.333333 -0.926268
v -0.083333 -0.316667 -0.932023
v -0.066667 -0.350000 -0.921538
v -0.066667 -0.333333 -0.927617
v -0.066667 -0.316667 -0.933363
v -0.050000 -0.350000 -0.922593
v -0.050000 -0.333333 -0.928665
v -0.050000 -0.316667 -0.934405
v -0.083333 -0.416667 -0.892342
v -0.083333 -0.400000 -0.899841
v -0.083333 -0.383333 -0.906975
v -0.066667 -0.416667 -0.893742
v -0.066667 -0.400000 -0.901230
v -0.066667 -0.383333 -0.908353
v -0.050000 -0.416667 -0.894830
v -0.050000 -0.400000 -0.902309
v -0.050000 -0.383333 -0.909423
v -0.083333 -0.483333 -0.858507
v -0.083333 -0.466667 -0.867563
v -0.083333 -0.450000 -0.876214
v -0.066667 -0.483333 -0.859963
v -0.066667 -0.466667 -0.869004
v -0.066667 -0.450000 -0.877639
v -0.050000 -0.483333 -0.861094
v -0.050000 -0.466667 -0.870122
v -0.050000 -0.450000 -0.878747
v -0.083333 -0.550000 -0.817946
v -0.083333 -0.533333 -0.828769
v -0.083333 -0.516667 -0.839126
v -0.066667 -0.550000 -0.819472
v -0.066667 -0.533333 -0.830276
v -0.066667 -0.516667 -0.840614
v -0.050000 -0.550000 -0.820659
v -0.050000 -0.533333 -0.831447
v -0.050000 -0.516667 -0.841771
v -0.083333 -0.616666 -0.769574
v -0.083333 -0.600000 -0.782472
v -0.083333 -0.583333 -0.794819
v -0.066667 -0.616666 -0.771197
v -0.066667 -0.600000 -0.784068
v -0.066667 -0.583333 -0.796389
v -0.050000 -0.616666 -0.772457
v -0.050000 -0.600000 -0.785308
v -0.050000 -0.583333 -0.797610
v -0.083333 -0.683333 -0.711823
v -0.083333 -0.666667 -0.727255
v -0.083333 -0.650000 -0.741998
v -0.066667 -0.683333 -0.713576
v -0.066667 -0.666667 -0.728972
v -0.066667 -0.650000 -0.743681
v -0.050000 -0.683333 -0.714937
v -0.050000 -0.666667 -0.730305
v -0.050000 -0.650000 -0.744987
v -0.150000 0.583333 -0.784974
v -0.150000 0.600000 -0.772472
v -0.150000 0.616667 -0.759403
v -0.133333 0.583333 -0.787976
v -0.133333 0.600000 -0.775522
v -0.133333 0.616667 -0.762505
v -0.116667 0.583333 -0.790615
v -0.116667 0.600000 -0.778202
v -0.116667 0.616667 -0.765232
v -0.150000 0.516667 -0.829808
v -0.150000 0.533333 -0.819334
v -0.150000 0.550000 -0.808384
v -0.133333 0.516667 -0.832648
v -0.133333 0.533333 -0.822209
v -0.133333 0.550000 -0.811299
v -0.116667 0.516667 -0.835145
v -0.116667 0.533333 -0.824738
v -0.116667 0.550000 -0.813861
v -0.150000 0.450000 -0.867294
v -0.150000 0.466667 -0.858554
v -0.150000 0.483333 -0.849403
v -0.133333 0.450000 -0.870011
v -0.133333 0.466667 -0.861300
v -0.133333 0.483333 -0.852177
v -0.116667 0.450000 -0.872402
v -0.116667 0.466667 -0.863714
v -0.116667 0.483333 -0.854617
v -0.150000 0.383333 -0.898361
v -0.150000 0.400000 -0.891158
v -0.150000 0.416667 -0.883586
v -0.133333 0.383333 -0.900985
v -0.133333 0.400000 -0.893803
v -0.133333 0.416667 -0.886253
v -0.116667 0.383333 -0.903293
v -0.116667 0.400000 -0.896130
v -0.116667 0.416667 -0.888599
v -0.150000 0.316667 -0.923642
v -0.150000 0.333333 -0.917835
v -0.150000 0.350000 -0.911691
v -0.133333 0.316667 -0.926194
v -0.133333 0.333333 -0.920404
v -0.133333 0.350000 -0.914276
v -0.116667 0.316667 -0.928440
v -0.116667 0.333333 -0.922664
v -0.116667 0.350000 -0.916551
v -0.150000 0.250000 -0.943616
v -0.150000 0.266667 -0.939099
v -0.150000 0.283333 -0.934269
v -0.133333 0.250000 -0.946114
v -0.133333 0.266667 -0.941610
v -0.133333 0.283333 -0.936792
v -0.116667 0.250000 -0.948314
v -0.116667 0.266667 -0.943819
v -0.116667 0.283333 -0.939012
v -0.150000 0.183333 -0.958611
v -0.150000 0.200000 -0.955317
v -0.150000 0.216667 -0.951721
v -0.133333 0.183333 -0.961070
v -0.133333 0.200000 -0.957784
v -0.133333 0.216667 -0.954197
v -0.116667 0.183333 -0.963234
v -0.116667 0.200000 -0.959956
v -0.116667 0.216667 -0.956377
v -0.150000 0.116667 -0.968852
v -0.150000 0.133333 -0.966727
v -0.150000 0.150000 -0.964314
v -0.133333 0.116667 -0.971284
v -0.133333 0.133333 -0.969165
v -0.133333 0.150000 -0.966758
v -0.116667 0.116667 -0.973427
v -0.116667 0.133333 -0.971313
v -0.116667 0.150000 -0.968910
v -0.150000 0.050000 -0.974497
v -0.150000 0.066667 -0.973511
v -0.150000 0.083333 -0.972242
v -0.133333 0.050000 -0.976916
v -0.133333 0.066667 -0.975933
v -0.133333 0.083333 -0.974666
v -0.116667 0.050000 -0.979045
v -0.116667 0.066667 -0.978064
v -0.116667 0.083333 -0.976801
v -0.150000 -0.016667 -0.975624
v -0.150000 0.000000 -0.975766
v -0.150000 0.016667 -0.975624
v -0.133333 -0.016667 -0.978040
v -0.133333 0.000000 -0.978182
v -0.133333 0.016667 -0.978040
v -0.116667 -0.016667 -0.980167
v -0.116667 0.000000 -0.980308
v -0.116667 0.016667 -0.980167
v -0.150000 -0.083333 -0.972242
v -0.150000 -0.066667 -0.973511
v -0.150000 -0.050000 -0.974497
v -0.133333 -0.083333 -0.974666
v -0.133333 -0.066667 -0.975933
v -0.133333 -0.050000 -0.976916
v -0.116667 -0.083333 -0.976801
v -0.116667 -0.066667 -0.978064
v -0.116667 -0.050000 -0.979045
v -0.150000 -0.150000 -0.964314
v -0.150000 -0.133333 -0.966728
v -0.150000 -0.116667 -0.968852
v -0.133333 -0.150000 -0.966758
v -0.133333 -0.133333 -0.969165
v -0.133333 -0.116667 -0.971284
v -0.116667 -0.150000 -0.968910
v -0.116667 -0.133333 -0.971313
v -0.116667 -0.116667 -0.973427
v -0.150000 -0.216667 -0.951721
v -0.150000 -0.200000 -0.955316
v -0.150000 -0.183333 -0.958611
v -0.133333 -0.216667 -0.954197
v -0.133333 -0.200000 -0.957784
v -0.133333 -0.183333 -0.961070
v -0.116667 -0.216667 -0.956377
v -0.116667 -0.200000 -0.959956
v -0.116667 -0.183333 -0.963234
v -0.150000 -0.283333 -0.934269
v -0.150000 -0.266667 -0.939099
v -0.150000 -0.250000 -0.943616
v -0.133333 -0.283333 -0.936792
v -0.133333 -0.266667 -0.941610
v -0.133333 -0.250000 -0.946114
v -0.116667 -0.283333 -0.939012
v -0.116667 -0.266667 -0.943819
v -0.116667 -0.250000 -0.948313
v -0.150000 -0.350000 -0.911691
v -0.150000 -0.333333 -0.917835
v -0.150000 -0.316667 -0.923642
v -0.133333 -0.350000 -0.914276
v -0.133333 -0.333333 -0.920404
v -0.133333 -0.316667 -0.926194
v -0.116667 -0.350000 -0.916551
v -0.116667 -0.333333 -0.922664
v -0.116667 -0.316667 -0.928440
v -0.150000 -0.416667 -0.883586
v -0.150000 -0.400000 -0.891158
v -0.150000 -0.383333 -0.898361
v -0.133333 -0.416667 -0.886253
v -0.133333 -0.400000 -0.893803
v -0.133333 -0.383333 -0.900985
v -0.116667 -0.416667 -0.888599
v -0.116667 -0.400000 -0.896130
v -0.116667 -0.383333 -0.903293
v -0.150000 -0.483333 -0.849403
v -0.150000 -0.466667 -0.858554
v -0.150000 -0.450000 -0.867294
v -0.133333 -0.483333 -0.852176
v -0.133333 -0.466667 -0.861299
v -0.133333 -0.450000 -0.870011
v -0.116667 -0.483333 -0.854617
v -0.116667 -0.466667 -0.863713
v -0.116667 -0.450000 -0.872401
v -0.150000 -0.550000 -0.808384
v -0.150000 -0.533333 -0.819334
v -0.150000 -0.516667 -0.829808
v -0.133333 -0.550000 -0.811299
v -0.133333 -0.533333 -0.822209
v -0.133333 -0.516667 -0.832648
v -0.116667 -0.550000 -0.813861
v -0.116667 -0.533333 -0.824738
v -0.116667 -0.516667 -0.835145
v -0.150000 -0.616666 -0.759403
v -0.150000 -0.600000 -0.772472
v -0.150000 -0.583333 -0.784974
v -0.133333 -0.616666 -0.762505
v -0.133333 -0.600000 -0.775521
v -0.133333 -0.583333 -0.787976
v -0.116667 -0.616666 -0.765231
v -0.116667 -0.600000 -0.778202
v -0.116667 -0.583333 -0.790614
v -0.150000 -0.683333 -0.700813
v -0.150000 -0.666667 -0.716483
v -0.150000 -0.650000 -0.731444
v -0.133333 -0.683333 -0.704174
v -0.133333 -0.666667 -0.719771
v -0.133333 -0.650000 -0.734664
v -0.116667 -0.683333 -0.707125
v -0.116667 -0.666667 -0.722659
v -0.116667 -0.650000 -0.737494
v -0.216667 0.583333 -0.769244
v -0.216667 0.600000 -0.756481
v -0.216667 0.616667 -0.743131
v -0.200000 0.583333 -0.773745
v -0.200000 0.600000 -0.761058
v -0.200000 0.616667 -0.747790
v -0.183333 0.583333 -0.777864
v -0.183333 0.600000 -0.765245
v -0.183333 0.616667 -0.752051
v -0.216667 0.516667 -0.814944
v -0.216667 0.533333 -0.804275
v -0.216667 0.550000 -0.793118
v -0.200000 0.516667 -0.819195
v -0.200000 0.533333 -0.808583
v -0.200000 0.550000 -0.797485
v -0.183333 0.516667 -0.823086
v -0.183333 0.533333 -0.812524
v -0.183333 0.550000 -0.801481
v -0.216667 0.450000 -0.853084
v -0.216667 0.466667 -0.844197
v -0.216667 0.483333 -0.834888
v -0.200000 0.450000 -0.857145
v -0.200000 0.466667 -0.848301
v -0.200000 0.483333 -0.839037
v -0.183333 0.450000 -0.860865
v -0.183333 0.466667 -0.852060
v -0.183333 0.483333 -0.842837
v -0.216667 0.383333 -0.884650
v -0.216667 0.400000 -0.877336
v -0.216667 0.416667 -0.869642
v -0.200000 0.383333 -0.888568
v -0.200000 0.400000 -0.881285
v -0.200000 0.416667 -0.873626
v -0.183333 0.383333 -0.892157
v -0.183333 0.400000 -0.884903
v -0.183333 0.416667 -0.877277
v -0.216667 0.316667 -0.910313
v -0.216667 0.333333 -0.904420
v -0.216667 0.350000 -0.898185
v -0.200000 0.316667 -0.914121
v -0.200000 0.333333 -0.908252
v -0.200000 0.350000 -0.902043
v -0.183333 0.316667 -0.917609
v -0.183333 0.333333 -0.911763
v -0.183333 0.350000 -0.905578
v -0.216667 0.250000 -0.930574
v -0.216667 0.266667 -0.925994
v -0.216667 0.283333 -0.921094
v -0.200000 0.250000 -0.934299
v -0.200000 0.266667 -0.929737
v -0.200000 0.283333 -0.924856
v -0.183333 0.250000 -0.937712
v -0.183333 0.266667 -0.933166
v -0.183333 0.283333 -0.928304
v -0.216667 0.183333 -0.945775
v -0.216667 0.200000 -0.942436
v -0.216667 0.216667 -0.938791
v -0.200000 0.183333 -0.949440
v -0.200000 0.200000 -0.946115
v -0.200000 0.216667 -0.942483
v -0.183333 0.183333 -0.952800
v -0.183333 0.200000 -0.949485
v -0.183333 0.216667 -0.945866
v -0.216667 0.116667 -0.956153
v -0.216667 0.133333 -0.954002
v -0.216667 0.150000 -0.951556
v -0.200000 0.116667 -0.959780
v -0.200000 0.133333 -0.957635
v -0.200000 0.150000 -0.955198
v -0.183333 0.116667 -0.963102
v -0.183333 0.133333 -0.960965
v -0.183333 0.150000 -0.958536
v -0.216667 0.050000 -0.961874
v -0.216667 0.066667 -0.960875
v -0.216667 0.083333 -0.959589
v -0.200000 0.050000 -0.965477
v -0.200000 0.066667 -0.964483
v -0.200000 0.083333 -0.963201
v -0.183333 0.050000 -0.968781
v -0.183333 0.066667 -0.967790
v -0.183333 0.083333 -0.966513
v -0.216667 -0.016667 -0.963016
v -0.216667 0.000000 -0.963160
v -0.216667 0.016667 -0.963016
v -0.200000 -0.016667 -0.966615
v -0.200000 0.000000 -0.966758
v -0.200000 0.016667 -0.966615
v -0.183333 -0.016667 -0.969915
v -0.183333 0.000000 -0.970058
v -0.183333 0.016667 -0.969915
v -0.216667 -0.083333 -0.959589
v -0.216667 -0.066667 -0.960875
v -0.216667 -0.050000 -0.961874
v -0.200000 -0.083333 -0.963202
v -0.200000 -0.066667 -0.964483
v -0.200000 -0.050000 -0.965477
v -0.183333 -0.083333 -0.966513
v -0.183333 -0.066667 -0.967790
v -0.183333 -0.050000 -0.968782
v -0.216667 -0.150000 -0.951556
v -0.216667 -0.133333 -0.954002
v -0.216667 -0.116667 -0.956153
v -0.200000 -0.150000 -0.955198
v -0.200000 -0.133333 -0.957635
v -0.200000 -0.116667 -0.959780
v -0.183333 -0.150000 -0.958537
v -0.183333 -0.133333 -0.960965
v -0.183333 -0.116667 -0.963102
v -0.216667 -0.216667 -0.938791
v -0.216667 -0.200000 -0.942436
v -0.216667 -0.183333 -0.945775
v -0.200000 -0.216667 -0.942483
v -0.200000 -0.200000 -0.946115
v -0.200000 -0.183333 -0.949440
v -0.183333 -0.216667 -0.945866
v -0.183333 -0.200000 -0.949485
v -0.183333 -0.183333 -0.952800
v -0.216667 -0.283333 -0.921094
v -0.216667 -0.266667 -0.925994
v -0.216667 -0.250000 -0.930574
v -0.200000 -0.283333 -0.924856
v -0.200000 -0.266667 -0.929737
v -0.200000 -0.250000 -0.934299
v -0.183333 -0.283333 -0.928304
v -0.183333 -0.266667 -0.933166
v -0.183333 -0.250000 -0.937712
v -0.216667 -0.350000 -0.898185
v -0.216667 -0.333333 -0.904420
v -0.216667 -0.316667 -0.910313
v -0.200000 -0.350000 -0.902043
v -0.200000 -0.333333 -0.908252
v -0.200000 -0.316667 -0.914121
v -0.183333 -0.350000 -0.905578
v -0.183333 -0.333333 -0.911763
v -0.183333 -0.316667 -0.917609
v -0.216667 -0.416667 -0.869642
v -0.216667 -0.400000 -0.877335
v -0.216667 -0.383333 -0.884650
v -0.200000 -0.416667 -0.873626
v -0.200000 -0.400000 -0.881285
v -0.200000 -0.383333 -0.888568
v -0.183333 -0.416667 -0.877277
v -0.183333 -0.400000 -0.884903
v -0.183333 -0.383333 -0.892157
v -0.216667 -0.483333 -0.834888
v -0.216667 -0.466667 -0.844197
v -0.216667 -0.450000 -0.853084
v -0.200000 -0.483333 -0.839037
v -0.200000 -0.466667 -0.848301
v -0.200000 -0.450000 -0.857145
v -0.183333 -0.483333 -0.842837
v -0.183333 -0.466667 -0.852059
v -0.183333 -0.450000 -0.860865
v -0.216667 -0.550000 -0.793118
v -0.216667 -0.533333 -0.804275
v -0.216667 -0.516667 -0.814944
v -0.200000 -0.550000 -0.797485
v -0.200000 -0.533333 -0.808583
v -0.200000 -0.516667 -0.819195
v -0.183333 -0.550000 -0.801481
v -0.183333 -0.533333 -0.812524
v -0.183333 -0.516667 -0.823085
v -0.216667 -0.616666 -0.743131
v -0.216667 -0.600000 -0.756481
v -0.216667 -0.583333 -0.769244
v -0.200000 -0.616666 -0.747790
v -0.200000 -0.600000 -0.761058
v -0.200000 -0.583333 -0.773745
v -0.183333 -0.616666 -0.752051
v -0.183333 -0.600000 -0.765245
v -0.183333 -0.583333 -0.777864
v -0.216667 -0.683333 -0.683148
v -0.216667 -0.666667 -0.699214
v -0.216667 -0.650000 -0.714536
v -0.200000 -0.683333 -0.688211
v -0.200000 -0.666667 -0.704162
v -0.200000 -0.650000 -0.719379
v -0.183333 -0.683333 -0.692838
v -0.183333 -0.666667 -0.708685
v -0.183333 -0.650000 -0.723807
v -0.283333 0.583333 -0.747266
v -0.283333 0.600000 -0.734122
v -0.283333 0.616667 -0.720357
v -0.266667 0.583333 -0.753374
v -0.266667 0.600000 -0.740337
v -0.266667 0.616667 -0.726691
v -0.250000 0.583333 -0.759066
v -0.250000 0.600000 -0.746129
v -0.250000 0.616667 -0.732591
v -0.283333 0.516667 -0.794230
v -0.283333 0.533333 -0.783280
v -0.283333 0.550000 -0.771819
v -0.266667 0.516667 -0.799979
v -0.266667 0.533333 -0.789108
v -0.266667 0.550000 -0.777733
v -0.250000 0.516667 -0.805343
v -0.250000 0.533333 -0.794545
v -0.250000 0.550000 -0.783249
v -0.283333 0.450000 -0.833318
v -0.283333 0.466667 -0.824218
v -0.283333 0.483333 -0.814681
v -0.266667 0.450000 -0.838799
v -0.266667 0.466667 -0.829759
v -0.266667 0.483333 -0.820286
v -0.250000 0.450000 -0.843916
v -0.250000 0.466667 -0.834932
v -0.250000 0.483333 -0.825518
v -0.283333 0.383333 -0.865604
v -0.283333 0.400000 -0.858127
v -0.283333 0.416667 -0.850260
v -0.266667 0.383333 -0.870883
v -0.266667 0.400000 -0.863450
v -0.266667 0.416667 -0.855633
v -0.250000 0.383333 -0.875813
v -0.250000 0.400000 -0.868423
v -0.250000 0.416667 -0.860651
v -0.283333 0.316667 -0.891814
v -0.283333 0.333333 -0.885799
v -0.283333 0.350000 -0.879431
v -0.266667 0.316667 -0.896939
v -0.266667 0.333333 -0.890958
v -0.266667 0.350000 -0.884627
v -0.250000 0.316667 -0.901727
v -0.250000 0.333333 -0.895778
v -0.250000 0.350000 -0.889481
v -0.283333 0.250000 -0.912486
v -0.283333 0.266667 -0.907813
v -0.283333 0.283333 -0.902816
v -0.266667 0.250000 -0.917495
v -0.266667 0.266667 -0.912848
v -0.266667 0.283333 -0.907878
v -0.250000 0.250000 -0.922176
v -0.250000 0.266667 -0.917553
v -0.250000 0.283333 -0.912609
v -0.283333 0.183333 -0.927983
v -0.283333 0.200000 -0.924580
v -0.283333 0.216667 -0.920863
v -0.266667 0.183333 -0.932909
v -0.266667 0.200000 -0.929524
v -0.266667 0.216667 -0.925827
v -0.250000 0.183333 -0.937514
v -0.250000 0.200000 -0.934145
v -0.250000 0.216667 -0.930466
v -0.283333 0.116667 -0.938557
v -0.283333 0.133333 -0.936365
v -0.283333 0.150000 -0.933874
v -0.266667 0.116667 -0.943429
v -0.266667 0.133333 -0.941248
v -0.266667 0.150000 -0.938768
v -0.250000 0.116667 -0.947983
v -0.250000 0.133333 -0.945811
v -0.250000 0.150000 -0.943344
v -0.283333 0.050000 -0.944385
v -0.283333 0.066667 -0.943368
v -0.283333 0.083333 -0.942057
v -0.266667 0.050000 -0.949226
v -0.266667 0.066667 -0.948214
v -0.266667 0.083333 -0.946910
v -0.250000 0.050000 -0.953751
v -0.250000 0.066667 -0.952744
v -0.250000 0.083333 -0.951447
v -0.283333 -0.016667 -0.945548
v -0.283333 0.000000 -0.945694
v -0.283333 0.016667 -0.945548
v -0.266667 -0.016667 -0.950383
v -0.266667 0.000000 -0.950529
v -0.266667 0.016667 -0.950383
v -0.250000 -0.016667 -0.954902
v -0.250000 0.000000 -0.955048
v -0.250000 0.016667 -0.954903
v -0.283333 -0.083333 -0.942057
v -0.283333 -0.066667 -0.943368
v -0.283333 -0.050000 -0.944385
v -0.266667 -0.083333 -0.946910
v -0.266667 -0.066667 -0.948214
v -0.266667 -0.050000 -0.949226
v -0.250000 -0.083333 -0.951447
v -0.250000 -0.066667 -0.952744
v -0.250000 -0.050000 -0.953751
v -0.283333 -0.150000 -0.933874
v -0.283333 -0.133333 -0.936365
v -0.283333 -0.116667 -0.938558
v -0.266667 -0.150000 -0.938768
v -0.266667 -0.133333 -0.941248
v -0.266667 -0.116667 -0.943429
v -0.250000 -0.150000 -0.943344
v -0.250000 -0.133333 -0.945811
v -0.250000 -0.116667 -0.947983
v -0.283333 -0.216667 -0.920863
v -0.283333 -0.200000 -0.924580
v -0.283333 -0.183333 -0.927983
v -0.266667 -0.216667 -0.925827
v -0.266667 -0.200000 -0.929524
v -0.266667 -0.183333 -0.932909
v -0.250000 -0.216667 -0.930466
v -0.250000 -0.200000 -0.934145
v -0.250000 -0.183333 -0.937514
v -0.283333 -0.283333 -0.902816
v -0.283333 -0.266667 -0.907813
v -0.283333 -0.250000 -0.912486
v -0.266667 -0.283333 -0.907878
v -0.266667 -0.266667 -0.912848
v -0.266667 -0.250000 -0.917495
v -0.250000 -0.283333 -0.912609
v -0.250000 -0.266667 -0.917553
v -0.250000 -0.250000 -0.922176
v -0.283333 -0.350000 -0.879431
v -0.283333 -0.333333 -0.885799
v -0.283333 -0.316667 -0.891814
v -0.266667 -0.350000 -0.884627
v -0.266667 -0.333333 -0.890958
v -0.266667 -0.316667 -0.896939
v -0.250000 -0.350000 -0.889481
v -0.250000 -0.333333 -0.895778
v -0.250000 -0.316667 -0.901727
v -0.283333 -0.416667 -0.850260
v -0.283333 -0.400000 -0.858127
v -0.283333 -0.383333 -0.865604
v -0.266667 -0.416667 -0.855633
v -0.266667 -0.400000 -0.863450
v -0.266667 -0.383333 -0.870883
v -0.250000 -0.416667 -0.860650
v -0.250000 -0.400000 -0.868423
v -0.250000 -0.383333 -0.875812
v -0.283333 -0.483333 -0.814680
v -0.283333 -0.466667 -0.824218
v -0.283333 -0.450000 -0.833317
v -0.266667 -0.483333 -0.820286
v -0.266667 -0.466667 -0.829759
v -0.266667 -0.450000 -0.838799
v -0.250000 -0.483333 -0.825518
v -0.250000 -0.466667 -0.834932
v -0.250000 -0.450000 -0.843916
v -0.283333 -0.550000 -0.771819
v -0.283333 -0.533333 -0.783280
v -0.283333 -0.516667 -0.794230
v -0.266667 -0.550000 -0.777733
v -0.266667 -0.533333 -0.789108
v -0.266667 -0.516667 -0.799979
v -0.250000 -0.550000 -0.783249
v -0.250000 -0.533333 -0.794545
v -0.250000 -0.516667 -0.805343
v -0.283333 -0.616666 -0.720357
v -0.283333 -0.600000 -0.734122
v -0.283333 -0.583333 -0.747266
v -0.266667 -0.616666 -0.726691
v -0.266667 -0.600000 -0.740337
v -0.266667 -0.583333 -0.753373
v -0.250000 -0.616666 -0.732591
v -0.250000 -0.600000 -0.746129
v -0.250000 -0.583333 -0.759066
v -0.283333 -0.683333 -0.658301
v -0.283333 -0.666667 -0.674959
v -0.283333 -0.650000 -0.690820
v -0.266667 -0.683333 -0.665227
v -0.266667 -0.666667 -0.681716
v -0.266667 -0.650000 -0.697423
v -0.250000 -0.683333 -0.671668
v -0.250000 -0.666667 -0.688002
v -0.250000 -0.650000 -0.703567
v -0.350000 0.583333 -0.718458
v -0.350000 0.600000 -0.704776
v -0.350000 0.616667 -0.690427
v -0.333333 0.583333 -0.726342
v -0.333333 0.600000 -0.712811
v -0.333333 0.616667 -0.698627
v -0.316667 0.583333 -0.733762
v -0.316667 0.600000 -0.720372
v -0.316667 0.616667 -0.706338
v -0.350000 0.516667 -0.767190
v -0.350000 0.533333 -0.755847
v -0.350000 0.550000 -0.743963
v -0.333333 0.516667 -0.774577
v -0.333333 0.533333 -0.763345
v -0.333333 0.550000 -0.751580
v -0.316667 0.516667 -0.781539
v -0.316667 0.533333 -0.770409
v -0.316667 0.550000 -0.758754
v -0.350000 0.450000 -0.807589
v -0.350000 0.466667 -0.798195
v -0.350000 0.483333 -0.788343
v -0.333333 0.450000 -0.814610
v -0.333333 0.466667 -0.805299
v -0.333333 0.483333 -0.795534
v -0.316667 0.450000 -0.821232
v -0.316667 0.466667 -0.811996
v -0.316667 0.483333 -0.802313
v -0.350000 0.383333 -0.840865
v -0.350000 0.400000 -0.833165
v -0.350000 0.416667 -0.825060
v -0.333333 0.383333 -0.847610
v -0.333333 0.400000 -0.839972
v -0.333333 0.416667 -0.831934
v -0.316667 0.383333 -0.853975
v -0.316667 0.400000 -0.846395
v -0.316667 0.416667 -0.838418
v -0.350000 0.316667 -0.867824
v -0.350000 0.333333 -0.861640
v -0.350000 0.350000 -0.855092
v -0.333333 0.316667 -0.874359
v -0.333333 0.333333 -0.868223
v -0.333333 0.350000 -0.861725
v -0.316667 0.316667 -0.880531
v -0.316667 0.333333 -0.874438
v -0.316667 0.350000 -0.867988
v -0.350000 0.250000 -0.889052
v -0.350000 0.266667 -0.884257
v -0.350000 0.283333 -0.879124
v -0.333333 0.250000 -0.895434
v -0.333333 0.266667 -0.890672
v -0.333333 0.283333 -0.885577
v -0.316667 0.250000 -0.901461
v -0.316667 0.266667 -0.896732
v -0.316667 0.283333 -0.891672
v -0.350000 0.183333 -0.904951
v -0.350000 0.200000 -0.901460
v -0.350000 0.216667 -0.897649
v -0.333333 0.183333 -0.911221
v -0.333333 0.200000 -0.907754
v -0.333333 0.216667 -0.903969
v -0.316667 0.183333 -0.917145
v -0.316667 0.200000 -0.913701
v -0.316667 0.216667 -0.909940
v -0.350000 0.116667 -0.915792
v -0.350000 0.133333 -0.913544
v -0.350000 0.150000 -0.910989
v -0.333333 0.116667 -0.921988
v -0.333333 0.133333 -0.919755
v -0.333333 0.150000 -0.917218
v -0.316667 0.116667 -0.927843
v -0.316667 0.133333 -0.925624
v -0.316667 0.150000 -0.923104
v -0.350000 0.050000 -0.921762
v -0.350000 0.066667 -0.920720
v -0.350000 0.083333 -0.919377
v -0.333333 0.050000 -0.927918
v -0.333333 0.066667 -0.926883
v -0.333333 0.083333 -0.925549
v -0.316667 0.050000 -0.933736
v -0.316667 0.066667 -0.932708
v -0.316667 0.083333 -0.931383
v -0.350000 -0.016667 -0.922954
v -0.350000 0.000000 -0.923104
v -0.350000 0.016667 -0.922954
v -0.333333 -0.016667 -0.929101
v -0.333333 0.000000 -0.929251
v -0.333333 0.016667 -0.929101
v -0.316667 -0.016667 -0.934912
v -0.316667 0.000000 -0.935060
v -0.316667 0.016667 -0.934912
v -0.350000 -0.083333 -0.919377
v -0.350000 -0.066667 -0.920720
v -0.350000 -0.050000 -0.921762
v -0.333333 -0.083333 -0.925549
v -0.333333 -0.066667 -0.926883
v -0.333333 -0.050000 -0.927918
v -0.316667 -0.083333 -0.931383
v -0.316667 -0.066667 -0.932708
v -0.316667 -0.050000 -0.933736
v -0.350000 -0.150000 -0.910989
v -0.350000 -0.133333 -0.913544
v -0.350000 -0.116667 -0.915792
v -0.333333 -0.150000 -0.917218
v -0.333333 -0.133333 -0.919755
v -0.333333 -0.116667 -0.921988
v -0.316667 -0.150000 -0.923103
v -0.316667 -0.133333 -0.925624
v -0.316667 -0.116667 -0.927843
v -0.350000 -0.216667 -0.897649
v -0.350000 -0.200000 -0.901461
v -0.350000 -0.183333 -0.904951
v -0.333333 -0.216667 -0.903969
v -0.333333 -0.200000 -0.907754
v -0.333333 -0.183333 -0.911221
v -0.316667 -0.216667 -0.909940
v -0.316667 -0.200000 -0.913701
v -0.316667 -0.183333 -0.917144
v -0.350000 -0.283333 -0.879124
v -0.350000 -0.266667 -0.884257
v -0.350000 -0.250000 -0.889052
v -0.333333 -0.283333 -0.885577
v -0.333333 -0.266667 -0.890672
v -0.333333 -0.250000 -0.895434
v -0.316667 -0.283333 -0.891672
v -0.316667 -0.266667 -0.896732
v -0.316667 -0.250000 -0.901461
v -0.350000 -0.350000 -0.855092
v -0.350000 -0.333333 -0.861640
v -0.350000 -0.316667 -0.867824
v -0.333333 -0.350000 -0.861725
v -0.333333 -0.333333 -0.868223
v -0.333333 -0.316667 -0.874359
v -0.316667 -0.350000 -0.867988
v -0.316667 -0.333333 -0.874438
v -0.316667 -0.316667 -0.880531
v -0.350000 -0.416667 -0.825061
v -0.350000 -0.400000 -0.833165
v -0.350000 -0.383333 -0.840865
v -0.333333 -0.416667 -0.831934
v -0.333333 -0.400000 -0.839972
v -0.333333 -0.383333 -0.847610
v -0.316667 -0.416667 -0.838418
v -0.316667 -0.400000 -0.846395
v -0.316667 -0.383333 -0.853975
v -0.350000 -0.483333 -0.788343
v -0.350000 -0.466667 -0.798195
v -0.350000 -0.450000 -0.807589
v -0.333333 -0.483333 -0.795534
v -0.333333 -0.466667 -0.805299
v -0.333333 -0.450000 -0.814610
v -0.316667 -0.483333 -0.802313
v -0.316667 -0.466667 -0.811996
v -0.316667 -0.450000 -0.821232
v -0.350000 -0.550000 -0.743963
v -0.350000 -0.533333 -0.755847
v -0.350000 -0.516667 -0.767190
v -0.333333 -0.550000 -0.751580
v -0.333333 -0.533333 -0.763345
v -0.333333 -0.516667 -0.774577
v -0.316667 -0.550000 -0.758753
v -0.316667 -0.533333 -0.770409
v -0.316667 -0.516667 -0.781539
v -0.350000 -0.616666 -0.690427
v -0.350000 -0.600000 -0.704776
v -0.350000 -0.583333 -0.718458
v -0.333333 -0.616666 -0.698627
v -0.333333 -0.600000 -0.712811
v -0.333333 -0.583333 -0.726342
v -0.316667 -0.616666 -0.706338
v -0.316667 -0.600000 -0.720372
v -0.316667 -0.583333 -0.733762
v -0.350000 -0.683333 -0.625408
v -0.350000 -0.666667 -0.642918
v -0.350000 -0.650000 -0.659550
v -0.333333 -0.683333 -0.634447
v -0.333333 -0.666667 -0.651716
v -0.333333 -0.650000 -0.668128
v -0.316667 -0.683333 -0.642929
v -0.316667 -0.666667 -0.659976
v -0.316667 -0.650000 -0.676188
v -0.416667 0.583333 -0.681962
v -0.416667 0.600000 -0.667533
v -0.416667 0.616666 -0.652366
v -0.400000 0.583333 -0.691868
v -0.400000 0.600000 -0.677650
v -0.400000 0.616666 -0.662715
v -0.383333 0.583333 -0.701240
v -0.383333 0.600000 -0.687215
v -0.383333 0.616666 -0.672491
v -0.416667 0.516667 -0.733121
v -0.416667 0.533333 -0.721243
v -0.416667 0.550000 -0.708780
v -0.400000 0.516667 -0.742346
v -0.400000 0.533333 -0.730618
v -0.400000 0.550000 -0.718317
v -0.383333 0.516667 -0.751088
v -0.383333 0.533333 -0.739499
v -0.383333 0.550000 -0.727348
v -0.416667 0.450000 -0.775296
v -0.416667 0.466667 -0.765506
v -0.416667 0.483333 -0.755227
v -0.400000 0.450000 -0.784025
v -0.400000 0.466667 -0.774345
v -0.400000 0.483333 -0.764186
v -0.383333 0.450000 -0.792308
v -0.383333 0.466667 -0.782730
v -0.383333 0.483333 -0.772682
v -0.416667 0.383333 -0.809900
v -0.416667 0.400000 -0.801902
v -0.416667 0.416667 -0.793478
v -0.400000 0.383333 -0.818260
v -0.400000 0.400000 -0.810345
v -0.400000 0.416667 -0.802010
v -0.383333 0.383333 -0.826200
v -0.383333 0.400000 -0.818362
v -0.383333 0.416667 -0.810110
v -0.416667 0.316667 -0.837854
v -0.416667 0.333333 -0.831448
v -0.416667 0.350000 -0.824661
v -0.400000 0.316667 -0.845940
v -0.400000 0.333333 -0.839596
v -0.400000 0.350000 -0.832874
v -0.383333 0.316667 -0.853622
v -0.383333 0.333333 -0.847335
v -0.383333 0.350000 -0.840676
v -0.416667 0.250000 -0.859825
v -0.416667 0.266667 -0.854865
v -0.416667 0.283333 -0.849555
v -0.400000 0.250000 -0.867705
v -0.400000 0.266667 -0.862790
v -0.400000 0.283333 -0.857530
v -0.383333 0.250000 -0.875196
v -0.383333 0.266667 -0.870324
v -0.383333 0.283333 -0.865110
v -0.416667 0.183333 -0.876254
v -0.416667 0.200000 -0.872649
v -0.416667 0.216667 -0.868711
v -0.400000 0.183333 -0.883988
v -0.400000 0.200000 -0.880416
v -0.400000 0.216667 -0.876511
v -0.383333 0.183333 -0.891343
v -0.383333 0.200000 -0.887800
v -0.383333 0.216667 -0.883928
v -0.416667 0.116667 -0.887447
v -0.416667 0.133333 -0.885127
v -0.416667 0.150000 -0.882490
v -0.400000 0.116667 -0.895084
v -0.400000 0.133333 -0.892784
v -0.400000 0.150000 -0.890169
v -0.383333 0.116667 -0.902348
v -0.383333 0.133333 -0.900067
v -0.383333 0.150000 -0.897473
v -0.416667 0.050000 -0.893607
v -0.416667 0.066667 -0.892531
v -0.416667 0.083333 -0.891146
v -0.400000 0.050000 -0.901192
v -0.400000 0.066667 -0.900125
v -0.400000 0.083333 -0.898752
v -0.383333 0.050000 -0.908407
v -0.383333 0.066667 -0.907349
v -0.383333 0.083333 -0.905987
v -0.416667 -0.016667 -0.894836
v -0.416667 0.000000 -0.894991
v -0.416667 0.016667 -0.894836
v -0.400000 -0.016667 -0.902411
v -0.400000 0.000000 -0.902564
v -0.400000 0.016667 -0.902411
v -0.383333 -0.016667 -0.909616
v -0.383333 0.000000 -0.909769
v -0.383333 0.016667 -0.909617
v -0.416667 -0.083333 -0.891146
v -0.416667 -0.066667 -0.892531
v -0.416667 -0.050000 -0.893607
v -0.400000 -0.083333 -0.898752
v -0.400000 -0.066667 -0.900125
v -0.400000 -0.050000 -0.901192
v -0.383333 -0.083333 -0.905987
v -0.383333 -0.066667 -0.907349
v -0.383333 -0.050000 -0.908407
v -0.416667 -0.150000 -0.882490
v -0.416667 -0.133333 -0.885127
v -0.416667 -0.116667 -0.887447
v -0.400000 -0.150000 -0.890169
v -0.400000 -0.133333 -0.892784
v -0.400000 -0.116667 -0.895084
v -0.383333 -0.150000 -0.897473
v -0.383333 -0.133333 -0.900067
v -0.383333 -0.116667 -0.902348
v -0.416667 -0.216667 -0.868711
v -0.416667 -0.200000 -0.872649
v -0.416667 -0.183333 -0.876254
v -0.400000 -0.216667 -0.876511
v -0.400000 -0.200000 -0.880416
v -0.400000 -0.183333 -0.883988
v -0.383333 -0.216667 -0.883928
v -0.383333 -0.200000 -0.887799
v -0.383333 -0.183333 -0.891343
v -0.416667 -0.283333 -0.849555
v -0.416667 -0.266667 -0.854865
v -0.416667 -0.250000 -0.859825
v -0.400000 -0.283333 -0.857530
v -0.400000 -0.266667 -0.862790
v -0.400000 -0.250000 -0.867705
v -0.383333 -0.283333 -0.865110
v -0.383333 -0.266667 -0.870325
v -0.383333 -0.250000 -0.875196
v -0.416667 -0.350000 -0.824661
v -0.416667 -0.333333 -0.831448
v -0.416667 -0.316667 -0.837854
v -0.400000 -0.350000 -0.832874
v -0.400000 -0.333333 -0.839595
v -0.400000 -0.316667 -0.845940
v -0.383333 -0.350000 -0.840675
v -0.383333 -0.333333 -0.847335
v -0.383333 -0.316667 -0.853622
v -0.416667 -0.416667 -0.793478
v -0.416667 -0.400000 -0.801902
v -0.416667 -0.383333 -0.809900
v -0.400000 -0.416667 -0.802010
v -0.400000 -0.400000 -0.810345
v -0.400000 -0.383333 -0.818260
v -0.383333 -0.416667 -0.810110
v -0.383333 -0.400000 -0.818362
v -0.383333 -0.383333 -0.826200
v -0.416667 -0.483333 -0.755228
v -0.416667 -0.466667 -0.765506
v -0.416667 -0.450000 -0.775295
v -0.400000 -0.483333 -0.764186
v -0.400000 -0.466667 -0.774345
v -0.400000 -0.450000 -0.784025
v -0.383333 -0.483333 -0.772682
v -0.383333 -0.466667 -0.782730
v -0.383333 -0.450000 -0.792308
v -0.416667 -0.550000 -0.708780
v -0.416667 -0.533333 -0.721243
v -0.416667 -0.516667 -0.733121
v -0.400000 -0.550000 -0.718317
v -0.400000 -0.533333 -0.730618
v -0.400000 -0.516667 -0.742346
v -0.383333 -0.550000 -0.727348
v -0.383333 -0.533333 -0.739499
v -0.383333 -0.516667 -0.751088
v -0.416667 -0.616667 -0.652366
v -0.416667 -0.600000 -0.667533
v -0.416667 -0.583333 -0.681962
v -0.400000 -0.616667 -0.662715
v -0.400000 -0.600000 -0.677650
v -0.400000 -0.583333 -0.691868
v -0.383333 -0.616667 -0.672491
v -0.383333 -0.600000 -0.687215
v -0.383333 -0.583333 -0.701239
v -0.416667 -0.683333 -0.583118
v -0.416667 -0.666667 -0.601861
v -0.416667 -0.650000 -0.619596
v -0.400000 -0.683333 -0.594676
v -0.400000 -0.666667 -0.613064
v -0.400000 -0.650000 -0.630483
v -0.383333 -0.683333 -0.605553
v -0.383333 -0.666667 -0.623620
v -0.383333 -0.650000 -0.640752
v -0.483333 0.583333 -0.636451
v -0.483333 0.600000 -0.620965
v -0.483333 0.616666 -0.604630
v -0.466667 0.583333 -0.648773
v -0.466667 0.600000 -0.633588
v -0.466667 0.616666 -0.617586
v -0.450000 0.583333 -0.660444
v -0.450000 0.600000 -0.645532
v -0.450000 0.616666 -0.629835
v -0.483333 0.516667 -0.690993
v -0.483333 0.533333 -0.678377
v -0.483333 0.550000 -0.665110
v -0.466667 0.516667 -0.702357
v -0.466667 0.533333 -0.689949
v -0.466667 0.550000 -0.676909
v -0.450000 0.516667 -0.713148
v -0.450000 0.533333 -0.700934
v -0.450000 0.550000 -0.688102
v -0.483333 0.450000 -0.735587
v -0.483333 0.466667 -0.725262
v -0.483333 0.483333 -0.714405
v -0.466667 0.450000 -0.746272
v -0.466667 0.466667 -0.736096
v -0.466667 0.483333 -0.725401
v -0.450000 0.450000 -0.756437
v -0.450000 0.466667 -0.746400
v -0.450000 0.483333 -0.735856
v -0.483333 0.383333 -0.771972
v -0.483333 0.400000 -0.763579
v -0.483333 0.416667 -0.754727
v -0.466667 0.383333 -0.782159
v -0.466667 0.400000 -0.773876
v -0.466667 0.416667 -0.765143
v -0.450000 0.383333 -0.791864
v -0.450000 0.400000 -0.783684
v -0.450000 0.416667 -0.775061
v -0.483333 0.316667 -0.801251
v -0.483333 0.333333 -0.794550
v -0.483333 0.350000 -0.787444
v -0.466667 0.316667 -0.811070
v -0.466667 0.333333 -0.804450
v -0.466667 0.350000 -0.797433
v -0.450000 0.316667 -0.820433
v -0.450000 0.333333 -0.813890
v -0.450000 0.350000 -0.806955
v -0.483333 0.250000 -0.824196
v -0.483333 0.266667 -0.819021
v -0.483333 0.283333 -0.813477
v -0.466667 0.250000 -0.833745
v -0.466667 0.266667 -0.828629
v -0.466667 0.283333 -0.823151
v -0.450000 0.250000 -0.842857
v -0.450000 0.266667 -0.837797
v -0.450000 0.283333 -0.832378
v -0.483333 0.183333 -0.841322
v -0.483333 0.200000 -0.837565
v -0.483333 0.216667 -0.833461
v -0.466667 0.183333 -0.850678
v -0.466667 0.200000 -0.846964
v -0.466667 0.216667 -0.842905
v -0.450000 0.183333 -0.859611
v -0.450000 0.200000 -0.855935
v -0.450000 0.216667 -0.851919
v -0.483333 0.116667 -0.852971
v -0.483333 0.133333 -0.850557
v -0.483333 0.150000 -0.847813
v -0.466667 0.116667 -0.862201
v -0.466667 0.133333 -0.859814
v -0.466667 0.150000 -0.857098
v -0.450000 0.116667 -0.871015
v -0.450000 0.133333 -0.868653
v -0.450000 0.150000 -0.865966
v -0.483333 0.050000 -0.859378
v -0.483333 0.066667 -0.858260
v -0.483333 0.083333 -0.856819
v -0.466667 0.050000 -0.868540
v -0.466667 0.066667 -0.867435
v -0.466667 0.083333 -0.866009
v -0.450000 0.050000 -0.877291
v -0.450000 0.066667 -0.876196
v -0.450000 0.083333 -0.874786
v -0.483333 -0.016667 -0.860655
v -0.483333 0.000000 -0.860816
v -0.483333 0.016667 -0.860655
v -0.466667 -0.016667 -0.869804
v -0.466667 0.000000 -0.869963
v -0.466667 0.016667 -0.869804
v -0.450000 -0.016667 -0.878543
v -0.450000 0.000000 -0.878701
v -0.450000 0.016667 -0.878543
v -0.483333 -0.083333 -0.856819
v -0.483333 -0.066667 -0.858260
v -0.483333 -0.050000 -0.859378
v -0.466667 -0.083333 -0.866010
v -0.466667 -0.066667 -0.867435
v -0.466667 -0.050000 -0.868540
v -0.450000 -0.083333 -0.874786
v -0.450000 -0.066667 -0.876196
v -0.450000 -0.050000 -0.877291
v -0.483333 -0.150000 -0.847813
v -0.483333 -0.133333 -0.850557
v -0.483333 -0.116667 -0.852971
v -0.466667 -0.150000 -0.857098
v -0.466667 -0.133333 -0.859814
v -0.466667 -0.116667 -0.862201
v -0.450000 -0.150000 -0.865966
v -0.450000 -0.133333 -0.868653
v -0.450000 -0.116667 -0.871016
v -0.483333 -0.216667 -0.833461
v -0.483333 -0.200000 -0.837565
v -0.483333 -0.183333 -0.841322
v -0.466667 -0.216667 -0.842905
v -0.466667 -0.200000 -0.846964
v -0.466667 -0.183333 -0.850677
v -0.450000 -0.216667 -0.851919
v -0.450000 -0.200000 -0.855935
v -0.450000 -0.183333 -0.859611
v -0.483333 -0.283333 -0.813477
v -0.483333 -0.266667 -0.819020
v -0.483333 -0.250000 -0.824196
v -0.466667 -0.283333 -0.823151
v -0.466667 -0.266667 -0.828629
v -0.466667 -0.250000 -0.833744
v -0.450000 -0.283333 -0.832378
v -0.450000 -0.266667 -0.837796
v -0.450000 -0.250000 -0.842857
v -0.483333 -0.350000 -0.787444
v -0.483333 -0.333333 -0.794550
v -0.483333 -0.316667 -0.801251
v -0.466667 -0.350000 -0.797433
v -0.466667 -0.333333 -0.804451
v -0.466667 -0.316667 -0.811070
v -0.450000 -0.350000 -0.806955
v -0.450000 -0.333333 -0.813890
v -0.450000 -0.316667 -0.820433
v -0.483333 -0.416667 -0.754727
v -0.483333 -0.400000 -0.763579
v -0.483333 -0.383333 -0.771972
v -0.466667 -0.416667 -0.765143
v -0.466667 -0.400000 -0.773876
v -0.466667 -0.383333 -0.782158
v -0.450000 -0.416667 -0.775061
v -0.450000 -0.400000 -0.783684
v -0.450000 -0.383333 -0.791864
v -0.483333 -0.483333 -0.714405
v -0.483333 -0.466667 -0.725262
v -0.483333 -0.450000 -0.735587
v -0.466667 -0.483333 -0.725401
v -0.466667 -0.466667 -0.736096
v -0.466667 -0.450000 -0.746272
v -0.450000 -0.483333 -0.735856
v -0.450000 -0.466667 -0.746400
v -0.450000 -0.450000 -0.756437
v -0.483333 -0.550000 -0.665110
v -0.483333 -0.533333 -0.678377
v -0.483333 -0.516667 -0.690993
v -0.466667 -0.550000 -0.676909
v -0.466667 -0.533333 -0.689949
v -0.466667 -0.516667 -0.702357
v -0.450000 -0.550000 -0.688102
v -0.450000 -0.533333 -0.700934
v -0.450000 -0.516667 -0.713148
v -0.483333 -0.616667 -0.604630
v -0.483333 -0.600000 -0.620965
v -0.483333 -0.583333 -0.636451
v -0.466667 -0.616667 -0.617586
v -0.466667 -0.600000 -0.633588
v -0.466667 -0.583333 -0.648773
v -0.450000 -0.616667 -0.629835
v -0.450000 -0.600000 -0.645532
v -0.450000 -0.583333 -0.660444
v -0.483333 -0.683333 -0.529175
v -0.483333 -0.666667 -0.549759
v -0.483333 -0.650000 -0.569117
v -0.466667 -0.683333 -0.543928
v -0.466667 -0.666667 -0.563974
v -0.466667 -0.650000 -0.582862
v -0.450000 -0.683333 -0.557795
v -0.450000 -0.666667 -0.577360
v -0.450000 -0.650000 -0.595825
v -0.550000 0.583333 -0.579814
v -0.550000 0.600000 -0.562772
v -0.550000 0.616666 -0.544695
v -0.533333 0.583333 -0.595179
v -0.533333 0.600000 -0.578590
v -0.533333 0.616666 -0.561023
v -0.516667 0.583333 -0.609702
v -0.516667 0.600000 -0.593518
v -0.516667 0.616666 -0.576407
v -0.550000 0.516667 -0.639200
v -0.550000 0.533333 -0.625543
v -0.550000 0.550000 -0.611131
v -0.533333 0.516667 -0.653171
v -0.533333 0.533333 -0.639810
v -0.533333 0.550000 -0.625728
v -0.516667 0.516667 -0.666434
v -0.516667 0.533333 -0.653344
v -0.516667 0.550000 -0.639558
v -0.550000 0.450000 -0.687165
v -0.550000 0.466667 -0.676099
v -0.550000 0.483333 -0.664439
v -0.533333 0.450000 -0.700180
v -0.533333 0.466667 -0.689323
v -0.533333 0.483333 -0.677891
v -0.516667 0.450000 -0.712568
v -0.516667 0.466667 -0.701904
v -0.516667 0.483333 -0.690679
v -0.550000 0.383333 -0.725982
v -0.550000 0.400000 -0.717049
v -0.550000 0.416667 -0.707615
v -0.533333 0.383333 -0.738314
v -0.533333 0.400000 -0.729532
v -0.533333 0.416667 -0.720262
v -0.516667 0.383333 -0.750072
v -0.516667 0.400000 -0.741430
v -0.516667 0.416667 -0.732311
v -0.550000 0.316667 -0.757043
v -0.550000 0.333333 -0.749947
v -0.550000 0.350000 -0.742415
v -0.533333 0.316667 -0.768877
v -0.533333 0.333333 -0.761892
v -0.533333 0.350000 -0.754478
v -0.516667 0.316667 -0.780175
v -0.516667 0.333333 -0.773292
v -0.516667 0.350000 -0.765988
v -0.550000 0.250000 -0.781290
v -0.550000 0.266667 -0.775829
v -0.550000 0.283333 -0.769973
v -0.533333 0.250000 -0.792762
v -0.533333 0.266667 -0.787380
v -0.533333 0.283333 -0.781611
v -0.516667 0.250000 -0.803722
v -0.516667 0.266667 -0.798415
v -0.516667 0.283333 -0.792727
v -0.550000 0.183333 -0.799335
v -0.550000 0.200000 -0.795382
v -0.550000 0.216667 -0.791059
v -0.533333 0.183333 -0.810551
v -0.533333 0.200000 -0.806652
v -0.533333 0.216667 -0.802390
v -0.516667 0.183333 -0.821275
v -0.516667 0.200000 -0.817427
v -0.516667 0.216667 -0.813221
v -0.550000 0.116667 -0.811589
v -0.550000 0.133333 -0.809051
v -0.550000 0.150000 -0.806166
v -0.533333 0.116667 -0.822636
v -0.533333 0.133333 -0.820135
v -0.533333 0.150000 -0.817287
v -0.516667 0.116667 -0.833205
v -0.516667 0.133333 -0.830733
v -0.516667 0.150000 -0.827924
v -0.550000 0.050000 -0.818321
v -0.550000 0.066667 -0.817147
v -0.550000 0.083333 -0.815633
v -0.533333 0.050000 -0.829278
v -0.533333 0.066667 -0.828119
v -0.533333 0.083333 -0.826627
v -0.516667 0.050000 -0.839762
v -0.516667 0.066667 -0.838619
v -0.516667 0.083333 -0.837144
v -0.550000 -0.016667 -0.819661
v -0.550000 0.000000 -0.819830
v -0.550000 0.016667 -0.819661
v -0.533333 -0.016667 -0.830603
v -0.533333 0.000000 -0.830770
v -0.533333 0.016667 -0.830603
v -0.516667 -0.016667 -0.841069
v -0.516667 0.000000 -0.841234
v -0.516667 0.016667 -0.841069
v -0.550000 -0.083333 -0.815633
v -0.550000 -0.066667 -0.817147
v -0.550000 -0.050000 -0.818320
v -0.533333 -0.083333 -0.826627
v -0.533333 -0.066667 -0.828119
v -0.533333 -0.050000 -0.829278
v -0.516667 -0.083333 -0.837144
v -0.516667 -0.066667 -0.838619
v -0.516667 -0.050000 -0.839762
v -0.550000 -0.150000 -0.806166
v -0.550000 -0.133333 -0.809051
v -0.550000 -0.116667 -0.811589
v -0.533333 -0.150000 -0.817287
v -0.533333 -0.133333 -0.820135
v -0.533333 -0.116667 -0.822636
v -0.516667 -0.150000 -0.827924
v -0.516667 -0.133333 -0.830733
v -0.516667 -0.116667 -0.833205
v -0.550000 -0.216667 -0.791059
v -0.550000 -0.200000 -0.795382
v -0.550000 -0.183333 -0.799335
v -0.533333 -0.216667 -0.802390
v -0.533333 -0.200000 -0.806652
v -0.533333 -0.183333 -0.810551
v -0.516667 -0.216667 -0.813221
v -0.516667 -0.200000 -0.817427
v -0.516667 -0.183333 -0.821275
v -0.550000 -0.283333 -0.769973
v -0.550000 -0.266667 -0.775829
v -0.550000 -0.250000 -0.781290
v -0.533333 -0.283333 -0.781611
v -0.533333 -0.266667 -0.787380
v -0.533333 -0.250000 -0.792762
v -0.516667 -0.283333 -0.792727
v -0.516667 -0.266667 -0.798414
v -0.516667 -0.250000 -0.803722
v -0.550000 -0.350000 -0.742415
v -0.550000 -0.333333 -0.749947
v -0.550000 -0.316667 -0.757044
v -0.533333 -0.350000 -0.754478
v -0.533333 -0.333333 -0.761892
v -0.533333 -0.316667 -0.768877
v -0.516667 -0.350000 -0.765988
v -0.516667 -0.333333 -0.773292
v -0.516667 -0.316667 -0.780175
v -0.550000 -0.416667 -0.707615
v -0.550000 -0.400000 -0.717049
v -0.550000 -0.383333 -0.725981
v -0.533333 -0.416667 -0.720262
v -0.533333 -0.400000 -0.729532
v -0.533333 -0.383333 -0.738314
v -0.516667 -0.416667 -0.732311
v -0.516667 -0.400000 -0.741430
v -0.516667 -0.383333 -0.750072
v -0.550000 -0.483333 -0.664439
v -0.550000 -0.466667 -0.676099
v -0.550000 -0.450000 -0.687165
v -0.533333 -0.483333 -0.677891
v -0.533333 -0.466667 -0.689323
v -0.533333 -0.450000 -0.700180
v -0.516667 -0.483333 -0.690679
v -0.516667 -0.466667 -0.701904
v -0.516667 -0.450000 -0.712568
v -0.550000 -0.550000 -0.611131
v -0.550000 -0.533333 -0.625543
v -0.550000 -0.516667 -0.639200
v -0.533333 -0.550000 -0.625728
v -0.533333 -0.533333 -0.639810
v -0.533333 -0.516667 -0.653171
v -0.516667 -0.550000 -0.639558
v -0.516667 -0.533333 -0.653344
v -0.516667 -0.516667 -0.666434
v -0.550000 -0.616667 -0.544695
v -0.550000 -0.600000 -0.562772
v -0.550000 -0.583333 -0.579814
v -0.533333 -0.616667 -0.561024
v -0.533333 -0.600000 -0.578590
v -0.533333 -0.583333 -0.595179
v -0.516667 -0.616667 -0.576408
v -0.516667 -0.600000 -0.593518
v -0.516667 -0.583333 -0.609702
v -0.550000 -0.683333 -0.459495
v -0.550000 -0.666667 -0.483059
v -0.550000 -0.650000 -0.504984
v -0.533333 -0.683333 -0.478740
v -0.533333 -0.666667 -0.501402
v -0.533333 -0.650000 -0.522556
v -0.516667 -0.683333 -0.496683
v -0.516667 -0.666667 -0.518559
v -0.516667 -0.650000 -0.539041
v -0.616667 0.583333 -0.508333
v -0.616667 0.600000 -0.488805
v -0.616667 0.616667 -0.467880
v -0.600000 0.583333 -0.527903
v -0.600000 0.600000 -0.509125
v -0.600000 0.616666 -0.489069
v -0.583333 0.583333 -0.546266
v -0.583333 0.600000 -0.528141
v -0.583333 0.616666 -0.508833
v -0.616667 0.516667 -0.575154
v -0.616667 0.533333 -0.559935
v -0.616667 0.550000 -0.543785
v -0.600000 0.516667 -0.592523
v -0.600000 0.533333 -0.577761
v -0.600000 0.550000 -0.562123
v -0.583333 0.516667 -0.608937
v -0.583333 0.533333 -0.594584
v -0.583333 0.550000 -0.579402
v -0.616667 0.450000 -0.628032
v -0.616667 0.466667 -0.615905
v -0.616667 0.483333 -0.603082
v -0.600000 0.450000 -0.643970
v -0.600000 0.466667 -0.632151
v -0.600000 0.483333 -0.619665
v -0.583333 0.450000 -0.659105
v -0.583333 0.466667 -0.647562
v -0.583333 0.483333 -0.635379
v -0.616667 0.383333 -0.670278
v -0.616667 0.400000 -0.660594
v -0.616667 0.416667 -0.650343
v -0.600000 0.383333 -0.685236
v -0.600000 0.400000 -0.675766
v -0.600000 0.416667 -0.665749
v -0.583333 0.383333 -0.699478
v -0.583333 0.400000 -0.690203
v -0.583333 0.416667 -0.680399
v -0.616667 0.316667 -0.703800
v -0.616667 0.333333 -0.696162
v -0.616667 0.350000 -0.688042
v -0.600000 0.316667 -0.718061
v -0.600000 0.333333 -0.710575
v -0.600000 0.350000 -0.702621
v -0.583333 0.316667 -0.731664
v -0.583333 0.333333 -0.724321
v -0.583333 0.350000 -0.716518
v -0.616667 0.250000 -0.729815
v -0.616667 0.266667 -0.723966
v -0.616667 0.283333 -0.717688
v -0.600000 0.250000 -0.743577
v -0.600000 0.266667 -0.737837
v -0.600000 0.283333 -0.731679
v -0.583333 0.250000 -0.756725
v -0.583333 0.266667 -0.751084
v -0.583333 0.283333 -0.745034
v -0.616667 0.183333 -0.749101
v -0.616667 0.200000 -0.744881
v -0.616667 0.216667 -0.740263
v -0.600000 0.183333 -0.762516
v -0.600000 0.200000 -0.758371
v -0.600000 0.216667 -0.753835
v -0.583333 0.183333 -0.775342
v -0.583333 0.200000 -0.771266
v -0.583333 0.216667 -0.766806
v -0.616667 0.116667 -0.762162
v -0.616667 0.133333 -0.759460
v -0.616667 0.150000 -0.756386
v -0.600000 0.116667 -0.775351
v -0.600000 0.133333 -0.772696
v -0.600000 0.150000 -0.769674
v -0.583333 0.116667 -0.787968
v -0.583333 0.133333 -0.785355
v -0.583333 0.150000 -0.782382
v -0.616667 0.050000 -0.769326
v -0.616667 0.066667 -0.768077
v -0.616667 0.083333 -0.766468
v -0.600000 0.050000 -0.782395
v -0.600000 0.066667 -0.781166
v -0.600000 0.083333 -0.779584
v -0.583333 0.050000 -0.794900
v -0.583333 0.066667 -0.793691
v -0.583333 0.083333 -0.792134
v -0.616667 -0.016667 -0.770754
v -0.616667 0.000000 -0.770933
v -0.616667 0.016667 -0.770754
v -0.600000 -0.016667 -0.783799
v -0.600000 0.000000 -0.783975
v -0.600000 0.016667 -0.783799
v -0.583333 -0.016667 -0.796282
v -0.583333 0.000000 -0.796456
v -0.583333 0.016667 -0.796282
v -0.616667 -0.083333 -0.766468
v -0.616667 -0.066667 -0.768077
v -0.616667 -0.050000 -0.769326
v -0.600000 -0.083333 -0.779584
v -0.600000 -0.066667 -0.781166
v -0.600000 -0.050000 -0.782395
v -0.583333 -0.083333 -0.792134
v -0.583333 -0.066667 -0.793691
v -0.583333 -0.050000 -0.794900
v -0.616667 -0.150000 -0.756386
v -0.616667 -0.133333 -0.759460
v -0.616667 -0.116667 -0.762162
v -0.600000 -0.150000 -0.769674
v -0.600000 -0.133333 -0.772696
v -0.600000 -0.116667 -0.775351
v -0.583333 -0.150000 -0.782382
v -0.583333 -0.133333 -0.785355
v -0.583333 -0.116667 -0.787968
v -0.616667 -0.216667 -0.740263
v -0.616667 -0.200000 -0.744881
v -0.616667 -0.183333 -0.749101
v -0.600000 -0.216667 -0.753835
v -0.600000 -0.200000 -0.758371
v -0.600000 -0.183333 -0.762516
v -0.583333 -0.216667 -0.766806
v -0.583333 -0.200000 -0.771266
v -0.583333 -0.183333 -0.775342
v -0.616667 -0.283333 -0.717688
v -0.616667 -0.266667 -0.723967
v -0.616667 -0.250000 -0.729815
v -0.600000 -0.283333 -0.731679
v -0.600000 -0.266667 -0.737837
v -0.600000 -0.250000 -0.743577
v -0.583333 -0.283333 -0.745034
v -0.583333 -0.266667 -0.751084
v -0.583333 -0.250000 -0.756725
v -0.616667 -0.350000 -0.688042
v -0.616667 -0.333333 -0.696162
v -0.616667 -0.316667 -0.703800
v -0.600000 -0.350000 -0.702621
v -0.600000 -0.333333 -0.710575
v -0.600000 -0.316667 -0.718061
v -0.583333 -0.350000 -0.716518
v -0.583333 -0.333333 -0.724321
v -0.583333 -0.316667 -0.731664
v -0.616667 -0.416667 -0.650343
v -0.616667 -0.400000 -0.660594
v -0.616667 -0.383333 -0.670278
v -0.600000 -0.416667 -0.665749
v -0.600000 -0.400000 -0.675766
v -0.600000 -0.383333 -0.685236
v -0.583333 -0.416667 -0.680399
v -0.583333 -0.400000 -0.690203
v -0.583333 -0.383333 -0.699478
v -0.616667 -0.483333 -0.603082
v -0.616667 -0.466667 -0.615905
v -0.616667 -0.450000 -0.628032
v -0.600000 -0.483333 -0.619665
v -0.600000 -0.466667 -0.632151
v -0.600000 -0.450000 -0.643970
v -0.583333 -0.483333 -0.635379
v -0.583333 -0.466667 -0.647562
v -0.583333 -0.450000 -0.659104
v -0.616667 -0.550000 -0.543785
v -0.616667 -0.533333 -0.559935
v -0.616667 -0.516667 -0.575154
v -0.600000 -0.550000 -0.562123
v -0.600000 -0.533333 -0.577761
v -0.600000 -0.516667 -0.592523
v -0.583333 -0.550000 -0.579402
v -0.583333 -0.533333 -0.594584
v -0.583333 -0.516667 -0.608937
v -0.616667 -0.616667 -0.467880
v -0.616667 -0.600000 -0.488805
v -0.616667 -0.583333 -0.508333
v -0.600000 -0.616667 -0.489069
v -0.600000 -0.600000 -0.509125
v -0.600000 -0.583333 -0.527903
v -0.583333 -0.616667 -0.508833
v -0.583333 -0.600000 -0.528141
v -0.583333 -0.583333 -0.546265
v -0.616667 -0.683333 -0.365183
v -0.616667 -0.666667 -0.394424
v -0.616667 -0.650000 -0.420989
v -0.600000 -0.683333 -0.391967
v -0.600000 -0.666667 -0.419342
v -0.600000 -0.650000 -0.444418
v -0.583333 -0.683333 -0.416366
v -0.583333 -0.666667 -0.442230
v -0.583333 -0.650000 -0.466077
v -0.683333 0.583333 -0.414414
v -0.683333 0.600000 -0.390212
v -0.683333 0.616667 -0.363653
v -0.666667 0.583333 -0.440727
v -0.666667 0.600000 -0.418051
v -0.666667 0.616667 -0.393377
v -0.650000 0.583333 -0.464955
v -0.650000 0.600000 -0.443523
v -0.650000 0.616667 -0.420349
v -0.683333 0.516667 -0.494102
v -0.683333 0.533333 -0.476301
v -0.683333 0.550000 -0.457209
v -0.666667 0.516667 -0.516366
v -0.666667 0.533333 -0.499359
v -0.666667 0.550000 -0.481184
v -0.650000 0.516667 -0.537194
v -0.650000 0.533333 -0.520867
v -0.650000 0.550000 -0.503468
v -0.683333 0.450000 -0.554752
v -0.683333 0.466667 -0.540987
v -0.683333 0.483333 -0.526344
v -0.666667 0.450000 -0.574675
v -0.666667 0.466667 -0.561397
v -0.666667 0.483333 -0.547299
v -0.650000 0.450000 -0.593462
v -0.650000 0.466667 -0.580614
v -0.650000 0.483333 -0.566993
v -0.683333 0.383333 -0.602166
v -0.683333 0.400000 -0.591367
v -0.683333 0.416667 -0.579892
v -0.666667 0.383333 -0.620570
v -0.666667 0.400000 -0.610096
v -0.666667 0.416667 -0.598980
v -0.650000 0.383333 -0.638009
v -0.650000 0.400000 -0.627824
v -0.650000 0.416667 -0.617028
v -0.683333 0.316667 -0.639274
v -0.683333 0.333333 -0.630855
v -0.683333 0.350000 -0.621880
v -0.666667 0.316667 -0.656637
v -0.666667 0.333333 -0.648443
v -0.666667 0.350000 -0.639717
v -0.650000 0.316667 -0.673139
v -0.650000 0.333333 -0.665149
v -0.650000 0.350000 -0.656645
v -0.683333 0.250000 -0.667810
v -0.683333 0.266667 -0.661412
v -0.683333 0.283333 -0.654536
v -0.666667 0.250000 -0.684448
v -0.666667 0.266667 -0.678208
v -0.666667 0.283333 -0.671503
v -0.650000 0.250000 -0.700295
v -0.650000 0.266667 -0.694196
v -0.650000 0.283333 -0.687648
v -0.683333 0.183333 -0.688835
v -0.683333 0.200000 -0.684243
v -0.683333 0.216667 -0.679214
v -0.666667 0.183333 -0.704977
v -0.666667 0.200000 -0.700491
v -0.666667 0.216667 -0.695579
v -0.650000 0.183333 -0.720370
v -0.650000 0.200000 -0.715981
v -0.650000 0.216667 -0.711175
v -0.683333 0.116667 -0.703015
v -0.683333 0.133333 -0.700087
v -0.683333 0.150000 -0.696749
v -0.666667 0.116667 -0.718838
v -0.666667 0.133333 -0.715973
v -0.666667 0.150000 -0.712711
v -0.650000 0.116667 -0.733942
v -0.650000 0.133333 -0.731136
v -0.650000 0.150000 -0.727941
v -0.683333 0.050000 -0.710776
v -0.683333 0.066667 -0.709425
v -0.683333 0.083333 -0.707681
v -0.666667 0.050000 -0.726430
v -0.666667 0.066667 -0.725107
v -0.666667 0.083333 -0.723401
v -0.650000 0.050000 -0.741378
v -0.650000 0.066667 -0.740083
v -0.650000 0.083333 -0.738411
v -0.683333 -0.016667 -0.712320
v -0.683333 0.000000 -0.712515
v -0.683333 0.016667 -0.712320
v -0.666667 -0.016667 -0.727940
v -0.666667 0.000000 -0.728131
v -0.666667 0.016667 -0.727940
v -0.650000 -0.016667 -0.742859
v -0.650000 0.000000 -0.743045
v -0.650000 0.016667 -0.742858
v -0.683333 -0.083333 -0.707681
v -0.683333 -0.066667 -0.709425
v -0.683333 -0.050000 -0.710776
v -0.666667 -0.083333 -0.723401
v -0.666667 -0.066667 -0.725107
v -0.666667 -0.050000 -0.726430
v -0.650000 -0.083333 -0.738411
v -0.650000 -0.066667 -0.740083
v -0.650000 -0.050000 -0.741378
v -0.683333 -0.150000 -0.696749
v -0.683333 -0.133333 -0.700087
v -0.683333 -0.116667 -0.703016
v -0.666667 -0.150000 -0.712711
v -0.666667 -0.133333 -0.715973
v -0.666667 -0.116667 -0.718838
v -0.650000 -0.150000 -0.727941
v -0.650000 -0.133333 -0.731136
v -0.650000 -0.116667 -0.733942
v -0.683333 -0.216667 -0.679214
v -0.683333 -0.200000 -0.684243
v -0.683333 -0.183333 -0.688835
v -0.666667 -0.216667 -0.695579
v -0.666667 -0.200000 -0.700491
v -0.666667 -0.183333 -0.704977
v -0.650000 -0.216667 -0.711175
v -0.650000 -0.200000 -0.715981
v -0.650000 -0.183333 -0.720370
v -0.683333 -0.283333 -0.654536
v -0.683333 -0.266667 -0.661412
v -0.683333 -0.250000 -0.667810
v -0.666667 -0.283333 -0.671503
v -0.666667 -0.266667 -0.678208
v -0.666667 -0.250000 -0.684448
v -0.650000 -0.283333 -0.687648
v -0.650000 -0.266667 -0.694196
v -0.650000 -0.250000 -0.700295
v -0.683333 -0.350000 -0.621880
v -0.683333 -0.333333 -0.630855
v -0.683333 -0.316667 -0.639274
v -0.666667 -0.350000 -0.639717
v -0.666667 -0.333333 -0.648443
v -0.666667 -0.316667 -0.656637
v -0.650000 -0.350000 -0.656645
v -0.650000 -0.333333 -0.665149
v -0.650000 -0.316667 -0.673139
v -0.683333 -0.416667 -0.579892
v -0.683333 -0.400000 -0.591366
v -0.683333 -0.383333 -0.602166
v -0.666667 -0.416667 -0.598980
v -0.666667 -0.400000 -0.610095
v -0.666667 -0.383333 -0.620570
v -0.650000 -0.416667 -0.617028
v -0.650000 -0.400000 -0.627824
v -0.650000 -0.383333 -0.638009
v -0.683333 -0.483333 -0.526344
v -0.683333 -0.466667 -0.540987
v -0.683333 -0.450000 -0.554752
v -0.666667 -0.483333 -0.547299
v -0.666667 -0.466667 -0.561397
v -0.666667 -0.450000 -0.574675
v -0.650000 -0.483333 -0.566993
v -0.650000 -0.466667 -0.580614
v -0.650000 -0.450000 -0.593462
v -0.683333 -0.550000 -0.457209
v -0.683333 -0.533333 -0.476301
v -0.683333 -0.516667 -0.494102
v -0.666667 -0.550000 -0.481184
v -0.666667 -0.533333 -0.499359
v -0.666667 -0.516667 -0.516365
v -0.650000 -0.550000 -0.503468
v -0.650000 -0.533333 -0.520867
v -0.650000 -0.516667 -0.537194
v -0.683333 -0.616667 -0.363653
v -0.683333 -0.600000 -0.390211
v -0.683333 -0.583333 -0.414414
v -0.666667 -0.616667 -0.393377
v -0.666667 -0.600000 -0.418051
v -0.666667 -0.583333 -0.440727
v -0.650000 -0.616667 -0.420349
v -0.650000 -0.600000 -0.443523
v -0.650000 -0.583333 -0.464955
v -0.683333 -0.683333 -0.216081
v -0.683333 -0.666667 -0.262494
v -0.683333 -0.650000 -0.300940
v -0.666667 -0.683333 -0.263047
v -0.666667 -0.666667 -0.302329
v -0.666667 -0.650000 -0.336246
v -0.650000 -0.683333 -0.301889
v -0.650000 -0.666667 -0.336667
v -0.650000 -0.650000 -0.367432
v 0.583333 0.650000 -0.466078
v 0.583333 0.666667 -0.442231
v 0.583333 0.683333 -0.416367
v 0.600000 0.650000 -0.444419
v 0.600000 0.666667 -0.419343
v 0.600000 0.683333 -0.391968
v 0.616667 0.650000 -0.420990
v 0.616667 0.666667 -0.394424
v 0.616667 0.683333 -0.365184
v 0.516667 0.650000 -0.539042
v 0.516667 0.666667 -0.518560
v 0.516667 0.683333 -0.496683
v 0.533333 0.650000 -0.522557
v 0.533333 0.666667 -0.501402
v 0.533333 0.683333 -0.478740
v 0.550000 0.650000 -0.504984
v 0.550000 0.666667 -0.483059
v 0.550000 0.683333 -0.459495
v 0.450000 0.650000 -0.595825
v 0.450000 0.666667 -0.577361
v 0.450000 0.683333 -0.557795
v 0.466667 0.650000 -0.582863
v 0.466667 0.666667 -0.563974
v 0.466667 0.683333 -0.543929
v 0.483333 0.650000 -0.569118
v 0.483333 0.666667 -0.549759
v 0.483333 0.683333 -0.529175
v 0.383333 0.650000 -0.640752
v 0.383333 0.666667 -0.623621
v 0.383333 0.683333 -0.605553
v 0.400000 0.650000 -0.630484
v 0.400000 0.666667 -0.613065
v 0.400000 0.683333 -0.594677
v 0.416667 0.650000 -0.619597
v 0.416667 0.666667 -0.601861
v 0.416667 0.683333 -0.583119
v 0.316667 0.650000 -0.676188
v 0.316667 0.666667 -0.659976
v 0.316667 0.683333 -0.642930
v 0.333333 0.650000 -0.668129
v 0.333333 0.666667 -0.651717
v 0.333333 0.683333 -0.634448
v 0.350000 0.650000 -0.659550
v 0.350000 0.666667 -0.642919
v 0.350000 0.683333 -0.625408
v 0.250000 0.650000 -0.703568
v 0.250000 0.666667 -0.688002
v 0.250000 0.683333 -0.671668
v 0.266667 0.650000 -0.697423
v 0.266667 0.666667 -0.681716
v 0.266667 0.683333 -0.665228
v 0.283333 0.650000 -0.690821
v 0.283333 0.666667 -0.674960
v 0.283333 0.683333 -0.658301
v 0.183333 0.650000 -0.723807
v 0.183333 0.666667 -0.708685
v 0.183333 0.683333 -0.692838
v 0.200000 0.650000 -0.719379
v 0.200000 0.666667 -0.704163
v 0.200000 0.683333 -0.688212
v 0.216667 0.650000 -0.714537
v 0.216667 0.666667 -0.699215
v 0.216667 0.683333 -0.683148
v 0.116667 0.650000 -0.737494
v 0.116667 0.666667 -0.722659
v 0.116667 0.683333 -0.707126
v 0.133333 0.650000 -0.734664
v 0.133333 0.666667 -0.719771
v 0.133333 0.683333 -0.704175
v 0.150000 0.650000 -0.731444
v 0.150000 0.666667 -0.716484
v 0.150000 0.683333 -0.700813
v 0.050000 0.650000 -0.744988
v 0.050000 0.666667 -0.730305
v 0.050000 0.683333 -0.714938
v 0.066667 0.650000 -0.743681
v 0.066667 0.666667 -0.728972
v 0.066667 0.683333 -0.713576
v 0.083333 0.650000 -0.741998
v 0.083333 0.666667 -0.727256
v 0.083333 0.683333 -0.711823
v -0.016667 0.650000 -0.746480
v -0.016667 0.666667 -0.731826
v -0.016667 0.683333 -0.716492
v 0.000000 0.650000 -0.746667
v 0.000000 0.666667 -0.732018
v 0.000000 0.683333 -0.716687
v 0.016667 0.650000 -0.746480
v 0.016667 0.666667 -0.731826
v 0.016667 0.683333 -0.716492
v -0.083333 0.650000 -0.741998
v -0.083333 0.666667 -0.727255
v -0.083333 0.683333 -0.711823
v -0.066667 0.650000 -0.743681
v -0.066667 0.666667 -0.728972
v -0.066667 0.683333 -0.713576
v -0.050000 0.650000 -0.744988
v -0.050000 0.666667 -0.730305
v -0.050000 0.683333 -0.714938
v -0.150000 0.650000 -0.731444
v -0.150000 0.666667 -0.716483
v -0.150000 0.683333 -0.700813
v -0.133333 0.650000 -0.734664
v -0.133333 0.666667 -0.719771
v -0.133333 0.683333 -0.704174
v -0.116667 0.650000 -0.737494
v -0.116667 0.666667 -0.722659
v -0.116667 0.683333 -0.707125
v -0.216667 0.650000 -0.714536
v -0.216667 0.666667 -0.699214
v -0.216667 0.683333 -0.683148
v -0.200000 0.650000 -0.719379
v -0.200000 0.666667 -0.704162
v -0.200000 0.683333 -0.688211
v -0.183333 0.650000 -0.723807
v -0.183333 0.666667 -0.708685
v -0.183333 0.683333 -0.692838
v -0.283333 0.650000 -0.690820
v -0.283333 0.666667 -0.674959
v -0.283333 0.683333 -0.658301
v -0.266667 0.650000 -0.697423
v -0.266667 0.666667 -0.681716
v -0.266667 0.683333 -0.665227
v -0.250000 0.650000 -0.703567
v -0.250000 0.666667 -0.688001
v -0.250000 0.683333 -0.671668
v -0.350000 0.650000 -0.659550
v -0.350000 0.666667 -0.642918
v -0.350000 0.683333 -0.625408
v -0.333333 0.650000 -0.668128
v -0.333333 0.666667 -0.651716
v -0.333333 0.683333 -0.634447
v -0.316667 0.650000 -0.676188
v -0.316667 0.666667 -0.659976
v -0.316667 0.683333 -0.642929
v -0.416667 0.650000 -0.619596
v -0.416667 0.666667 -0.601861
v -0.416667 0.683333 -0.583118
v -0.400000 0.650000 -0.630483
v -0.400000 0.666667 -0.613064
v -0.400000 0.683333 -0.594676
v -0.383333 0.650000 -0.640752
v -0.383333 0.666667 -0.623620
v -0.383333 0.683333 -0.605553
v -0.483333 0.650000 -0.569117
v -0.483333 0.666667 -0.549759
v -0.483333 0.683333 -0.529175
v -0.466667 0.650000 -0.582862
v -0.466667 0.666667 -0.563974
v -0.466667 0.683333 -0.543928
v -0.450000 0.650000 -0.595825
v -0.450000 0.666667 -0.577360
v -0.450000 0.683333 -0.557795
v -0.550000 0.650000 -0.504984
v -0.550000 0.666667 -0.483059
v -0.550000 0.683333 -0.459495
v -0.533333 0.650000 -0.522556
v -0.533333 0.666667 -0.501401
v -0.533333 0.683333 -0.478740
v -0.516667 0.650000 -0.539041
v -0.516667 0.666667 -0.518559
v -0.516667 0.683333 -0.496683
v -0.616667 0.650000 -0.420989
v -0.616667 0.666667 -0.394423
v -0.616667 0.683333 -0.365183
v -0.600000 0.650000 -0.444418
v -0.600000 0.666667 -0.419342
v -0.600000 0.683333 -0.391967
v -0.583333 0.650000 -0.466077
v -0.583333 0.666667 -0.442230
v -0.583333 0.683333 -0.416366
v -0.683333 0.650000 -0.300940
v -0.683333 0.666667 -0.262494
v -0.683333 0.683333 -0.216081
v -0.666667 0.650000 -0.336246
v -0.666667 0.666667 -0.302329
v -0.666667 0.683333 -0.263047
v -0.650000 0.650000 -0.367431
v -0.650000 0.666667 -0.336667
v -0.650000 0.683333 -0.301889
v 0.650000 0.650000 -0.367432
v 0.650000 0.666667 -0.336668
v 0.650000 0.683333 -0.301890
v 0.666667 0.650000 -0.336247
v 0.666667 0.666667 -0.302330
v 0.666667 0.683333 -0.263048
v 0.683333 0.650000 -0.300941
v 0.683333 0.666667 -0.262495
v 0.683333 0.683333 -0.216082
vt 0.494048 0.988095
vt 0.500000 0.988095
vt 0.500000 1.000000
vt 0.494048 1.000000
vt 0.017857 0.988095
vt 0.023810 0.988095
vt 0.023810 1.000000
vt 0.017857 1.000000
vt 0.041667 0.988095
vt 0.047619 0.988095
vt 0.047619 1.000000
vt 0.041667 1.000000
vt 0.065476 0.988095
vt 0.071429 0.988095
vt 0.071429 1.000000
vt 0.065476 1.000000
vt 0.089286 0.988095
vt 0.095238 0.988095
vt 0.095238 1.000000
vt 0.089286 1.000000
vt 0.113095 0.988095
vt 0.119048 0.988095
vt 0.119048 1.000000
vt 0.113095 1.000000
vt 0.136905 0.988095
vt 0.142857 0.988095
vt 0.142857 1.000000
vt 0.136905 1.000000
vt 0.160714 0.988095
vt 0.166667 0.988095
vt 0.166667 1.000000
vt 0.160714 1.000000
vt 0.184524 0.988095
vt 0.190476 0.988095
vt 0.190476 1.000000
vt 0.184524 1.000000
vt 0.208333 0.988095
vt 0.214286 0.988095
vt 0.214286 1.000000
vt 0.208333 1.000000
vt 0.232143 0.988095
vt 0.238095 0.988095
vt 0.238095 1.000000
vt 0.232143 1.000000
vt 0.255952 0.988095
vt 0.261905 0.988095
vt 0.261905 1.000000
vt 0.255952 1.000000
vt 0.279762 0.988095
vt 0.285714 0.988095
vt 0.285714 1.000000
vt 0.279762 1.000000
vt 0.303571 0.988095
vt 0.309524 0.988095
vt 0.309524 1.000000
vt 0.303571 1.000000
vt 0.327381 0.988095
vt 0.333333 0.988095
vt 0.333333 1.000000
vt 0.327381 1.000000
vt 0.351190 0.988095
vt 0.357143 0.988095
vt 0.357143 1.000000
vt 0.351190 1.000000
vt 0.375000 0.988095
vt 0.380952 0.988095
vt 0.380952 1.000000
vt 0.375000 1.000000
vt 0.398809 0.988095
vt 0.404762 0.988095
vt 0.404762 1.000000
vt 0.398810 1.000000
vt 0.422619 0.988095
vt 0.428571 0.988095
vt 0.428571 1.000000
vt 0.422619 1.000000
vt 0.446429 0.988095
vt 0.452381 0.988095
vt 0.452381 1.000000
vt 0.446429 1.000000
vt 0.470238 0.988095
vt 0.476190 0.988095
vt 0.476190 1.000000
vt 0.470238 1.000000
vt 0.017857 0.035714
vt 0.023810 0.035714
vt 0.023810 0.047619
vt 0.017857 0.047619
vt 0.017857 0.083333
vt 0.023810 0.083333
vt 0.023810 0.095238
vt 0.017857 0.095238
vt 0.017857 0.130952
vt 0.023810 0.130952
vt 0.023810 0.142857
vt 0.017857 0.142857
vt 0.017857 0.178571
vt 0.023810 0.178571
vt 0.023810 0.190476
vt 0.017857 0.190476
vt 0.017857 0.226190
vt 0.023810 0.226190
vt 0.023810 0.238095
vt 0.017857 0.238095
vt 0.017857 0.273809
vt 0.023810 0.273809
vt 0.023810 0.285714
vt 0.017857 0.285714
vt 0.017857 0.321429
vt 0.023810 0.321429
vt 0.023810 0.333333
vt 0.017857 0.333333
vt 0.017857 0.369048
vt 0.023810 0.369048
vt 0.023810 0.380952
vt 0.017857 0.380952
vt 0.017857 0.416667
vt 0.023810 0.416667
vt 0.023810 0.428571
vt 0.017857 0.428571
vt 0.017857 0.464286
vt 0.023810 0.464286
vt 0.023810 0.476190
vt 0.017857 0.476190
vt 0.017857 0.511905
vt 0.023810 0.511905
vt 0.023810 0.523810
vt 0.017857 0.523810
vt 0.017857 0.559524
vt 0.023810 0.559524
vt 0.023810 0.571429
vt 0.017857 0.571429
vt 0.017857 0.607143
vt 0.023810 0.607143
vt 0.023810 0.619048
vt 0.017857 0.619048
vt 0.017857 0.654762
vt 0.023810 0.654762
vt 0.023810 0.666667
vt 0.017857 0.666667
vt 0.017857 0.702381
vt 0.023810 0.702381
vt 0.023810 0.714286
vt 0.017857 0.714286
vt 0.017857 0.750000
vt 0.023810 0.750000
vt 0.023810 0.761905
vt 0.017857 0.761905
vt 0.017857 0.797619
vt 0.023810 0.797619
vt 0.023810 0.809524
vt 0.017857 0.809524
vt 0.017857 0.845238
vt 0.023810 0.845238
vt 0.023810 0.857143
vt 0.017857 0.857143
vt 0.017857 0.892857
vt 0.023810 0.892857
vt 0.023810 0.904762
vt 0.017857 0.904762
vt 0.017857 0.940476
vt 0.023810 0.940476
vt 0.023810 0.952381
vt 0.017857 0.952381
vt 0.041667 0.035714
vt 0.047619 0.035714
vt 0.047619 0.047619
vt 0.041667 0.047619
vt 0.041667 0.083333
vt 0.047619 0.083333
vt 0.047619 0.095238
vt 0.041667 0.095238
vt 0.041667 0.130952
vt 0.047619 0.130952
vt 0.047619 0.142857
vt 0.041667 0.142857
vt 0.041667 0.178571
vt 0.047619 0.178571
vt 0.047619 0.190476
vt 0.041667 0.190476
vt 0.041667 0.226190
vt 0.047619 0.226190
vt 0.047619 0.238095
vt 0.041667 0.238095
vt 0.041667 0.273809
vt 0.047619 0.273809
vt 0.047619 0.285714
vt 0.041667 0.285714
vt 0.041667 0.321429
vt 0.047619 0.321429
vt 0.047619 0.333333
vt 0.041667 0.333333
vt 0.041667 0.369048
vt 0.047619 0.369048
vt 0.047619 0.380952
vt 0.041667 0.380952
vt 0.041667 0.416667
vt 0.047619 0.416667
vt 0.047619 0.428571
vt 0.041667 0.428571
vt 0.041667 0.464286
vt 0.047619 0.464286
vt 0.047619 0.476190
vt 0.041667 0.476190
vt 0.041667 0.511905
vt 0.047619 0.511905
vt 0.047619 0.523810
vt 0.041667 0.523810
vt 0.041667 0.559524
vt 0.047619 0.559524
vt 0.047619 0.571429
vt 0.041667 0.571429
vt 0.041667 0.607143
vt 0.047619 0.607143
vt 0.047619 0.619048
vt 0.041667 0.619048
vt 0.041667 0.654762
vt 0.047619 0.654762
vt 0.047619 0.666667
vt 0.041667 0.666667
vt 0.041667 0.702381
vt 0.047619 0.702381
vt 0.047619 0.714286
vt 0.041667 0.714286
vt 0.041667 0.750000
vt 0.047619 0.750000
vt 0.047619 0.761905
vt 0.041667 0.761905
vt 0.041667 0.797619
vt 0.047619 0.797619
vt 0.047619 0.809524
vt 0.041667 0.809524
vt 0.041667 0.845238
vt 0.047619 0.845238
vt 0.047619 0.857143
vt 0.041667 0.857143
vt 0.041667 0.892857
vt 0.047619 0.892857
vt 0.047619 0.904762
vt 0.041667 0.904762
vt 0.041667 0.940476
vt 0.047619 0.940476
vt 0.047619 0.952381
vt 0.041667 0.952381
vt 0.065476 0.035714
vt 0.071429 0.035714
vt 0.071429 0.047619
vt 0.065476 0.047619
vt 0.065476 0.083333
vt 0.071429 0.083333
vt 0.071429 0.095238
vt 0.065476 0.095238
vt 0.065476 0.130952
vt 0.071429 0.130952
vt 0.071429 0.142857
vt 0.065476 0.142857
vt 0.065476 0.178571
vt 0.071429 0.178571
vt 0.071429 0.190476
vt 0.065476 0.190476
vt 0.065476 0.226190
vt 0.071429 0.226190
vt 0.071429 0.238095
vt 0.065476 0.238095
vt 0.065476 0.273809
vt 0.071429 0.273809
vt 0.071429 0.285714
vt 0.065476 0.285714
vt 0.065476 0.321429
vt 0.071429 0.321429
vt 0.071429 0.333333
vt 0.065476 0.333333
vt 0.065476 0.369048
vt 0.071429 0.369048
vt 0.071429 0.380952
vt 0.065476 0.380952
vt 0.065476 0.416667
vt 0.071429 0.416667
vt 0.071429 0.428571
vt 0.065476 0.428571
vt 0.065476 0.464286
vt 0.071429 0.464286
vt 0.071429 0.476190
vt 0.065476 0.476190
vt 0.065476 0.511905
vt 0.071429 0.511905
vt 0.071429 0.523810
vt 0.065476 0.523810
vt 0.065476 0.559524
vt 0.071429 0.559524
vt 0.071429 0.571429
vt 0.065476 0.571429
vt 0.065476 0.607143
vt 0.071429 0.607143
vt 0.071429 0.619048
vt 0.065476 0.619048
vt 0.065476 0.654762
vt 0.071429 0.654762
vt 0.071429 0.666667
vt 0.065476 0.666667
vt 0.065476 0.702381
vt 0.071429 0.702381
vt 0.071429 0.714286
vt 0.065476 0.714286
vt 0.065476 0.750000
vt 0.071429 0.750000
vt 0.071429 0.761905
vt 0.065476 0.761905
vt 0.065476 0.797619
vt 0.071429 0.797619
vt 0.071429 0.809524
vt 0.065476 0.809524
vt 0.065476 0.845238
vt 0.071429 0.845238
vt 0.071429 0.857143
vt 0.065476 0.857143
vt 0.065476 0.892857
vt 0.071429 0.892857
vt 0.071429 0.904762
vt 0.065476 0.904762
vt 0.065476 0.940476
vt 0.071429 0.940476
vt 0.071429 0.952381
vt 0.065476 0.952381
vt 0.089286 0.035714
vt 0.095238 0.035714
vt 0.095238 0.047619
vt 0.089286 0.047619
vt 0.089286 0.083333
vt 0.095238 0.083333
vt 0.095238 0.095238
vt 0.089286 0.095238
vt 0.089286 0.130952
vt 0.095238 0.130952
vt 0.095238 0.142857
vt 0.089286 0.142857
vt 0.089286 0.178571
vt 0.095238 0.178571
vt 0.095238 0.190476
vt 0.089286 0.190476
vt 0.089286 0.226190
vt 0.095238 0.226190
vt 0.095238 0.238095
vt 0.089286 0.238095
vt 0.089286 0.273809
vt 0.095238 0.273809
vt 0.095238 0.285714
vt 0.089286 0.285714
vt 0.089286 0.321429
vt 0.095238 0.321429
vt 0.095238 0.333333
vt 0.089286 0.333333
vt 0.089286 0.369048
vt 0.095238 0.369048
vt 0.095238 0.380952
vt 0.089286 0.380952
vt 0.089286 0.416667
vt 0.095238 0.416667
vt 0.095238 0.428571
vt 0.089286 0.428571
vt 0.089286 0.464286
vt 0.095238 0.464286
vt 0.095238 0.476190
vt 0.089286 0.476190
vt 0.089286 0.511905
vt 0.095238 0.511905
vt 0.095238 0.523810
vt 0.089286 0.523810
vt 0.089286 0.559524
vt 0.095238 0.559524
vt 0.095238 0.571429
vt 0.089286 0.571429
vt 0.089286 0.607143
vt 0.095238 0.607143
vt 0.095238 0.619048
vt 0.089286 0.619048
vt 0.089286 0.654762
vt 0.095238 0.654762
vt 0.095238 0.666667
vt 0.089286 0.666667
vt 0.089286 0.702381
vt 0.095238 0.702381
vt 0.095238 0.714286
vt 0.089286 0.714286
vt 0.089286 0.750000
vt 0.095238 0.750000
vt 0.095238 0.761905
vt 0.089286 0.761905
vt 0.089286 0.797619
vt 0.095238 0.797619
vt 0.095238 0.809524
vt 0.089286 0.809524
vt 0.089286 0.845238
vt 0.095238 0.845238
vt 0.095238 0.857143
vt 0.089286 0.857143
vt 0.089286 0.892857
vt 0.095238 0.892857
vt 0.095238 0.904762
vt 0.089286 0.904762
vt 0.089286 0.940476
vt 0.095238 0.940476
vt 0.095238 0.952381
vt 0.089286 0.952381
vt 0.113095 0.035714
vt 0.119048 0.035714
vt 0.119048 0.047619
vt 0.113095 0.047619
vt 0.113095 0.083333
vt 0.119048 0.083333
vt 0.119048 0.095238
vt 0.113095 0.095238
vt 0.113095 0.130952
vt 0.119048 0.130952
vt 0.119048 0.142857
vt 0.113095 0.142857
vt 0.113095 0.178571
vt 0.119048 0.178571
vt 0.119048 0.190476
vt 0.113095 0.190476
vt 0.113095 0.226190
vt 0.119048 0.226190
vt 0.119048 0.238095
vt 0.113095 0.238095
vt 0.113095 0.273809
vt 0.119048 0.273809
vt 0.119048 0.285714
vt 0.113095 0.285714
vt 0.113095 0.321429
vt 0.119048 0.321429
vt 0.119048 0.333333
vt 0.113095 0.333333
vt 0.113095 0.369048
vt 0.119048 0.369048
vt 0.119048 0.380952
vt 0.113095 0.380952
vt 0.113095 0.416667
vt 0.119048 0.416667
vt 0.119048 0.428571
vt 0.113095 0.428571
vt 0.113095 0.464286
vt 0.119048 0.464286
vt 0.119048 0.476190
vt 0.113095 0.476190
vt 0.113095 0.511905
vt 0.119048 0.511905
vt 0.119048 0.523810
vt 0.113095 0.523810
vt 0.113095 0.559524
vt 0.119048 0.559524
vt 0.119048 0.571429
vt 0.113095 0.571429
vt 0.113095 0.607143
vt 0.119048 0.607143
vt 0.119048 0.619048
vt 0.113095 0.619048
vt 0.113095 0.654762
vt 0.119048 0.654762
vt 0.119048 0.666667
vt 0.113095 0.666667
vt 0.113095 0.702381
vt 0.119048 0.702381
vt 0.119048 0.714286
vt 0.113095 0.714286
vt 0.113095 0.750000
vt 0.119048 0.750000
vt 0.119048 0.761905
vt 0.113095 0.761905
vt 0.113095 0.797619
vt 0.119048 0.797619
vt 0.119048 0.809524
vt 0.113095 0.809524
vt 0.113095 0.845238
vt 0.119048 0.845238
vt 0.119048 0.857143
vt 0.113095 0.857143
vt 0.113095 0.892857
vt 0.119048 0.892857
vt 0.119048 0.904762
vt 0.113095 0.904762
vt 0.113095 0.940476
vt 0.119048 0.940476
vt 0.119048 0.952381
vt 0.113095 0.952381
vt 0.136905 0.035714
vt 0.142857 0.035714
vt 0.142857 0.047619
vt 0.136905 0.047619
vt 0.136905 0.083333
vt 0.142857 0.083333
vt 0.142857 0.095238
vt 0.136905 0.095238
vt 0.136905 0.130952
vt 0.142857 0.130952
vt 0.142857 0.142857
vt 0.136905 0.142857
vt 0.136905 0.178571
vt 0.142857 0.178571
vt 0.142857 0.190476
vt 0.136905 0.190476
vt 0.136905 0.226190
vt 0.142857 0.226190
vt 0.142857 0.238095
vt 0.136905 0.238095
vt 0.136905 0.273809
vt 0.142857 0.273809
vt 0.142857 0.285714
vt 0.136905 0.285714
vt 0.136905 0.321429
vt 0.142857 0.321429
vt 0.142857 0.333333
vt 0.136905 0.333333
vt 0.136905 0.369048
vt 0.142857 0.369048
vt 0.142857 0.380952
vt 0.136905 0.380952
vt 0.136905 0.416667
vt 0.142857 0.416667
vt 0.142857 0.428571
vt 0.136905 0.428571
vt 0.136905 0.464286
vt 0.142857 0.464286
vt 0.142857 0.476190
vt 0.136905 0.476190
vt 0.136905 0.511905
vt 0.142857 0.511905
vt 0.142857 0.523810
vt 0.136905 0.523810
vt 0.136905 0.559524
vt 0.142857 0.559524
vt 0.142857 0.571429
vt 0.136905 0.571429
vt 0.136905 0.607143
vt 0.142857 0.607143
vt 0.142857 0.619048
vt 0.136905 0.619048
vt 0.136905 0.654762
vt 0.142857 0.654762
vt 0.142857 0.666667
vt 0.136905 0.666667
vt 0.136905 0.702381
vt 0.142857 0.702381
vt 0.142857 0.714286
vt 0.136905 0.714286
vt 0.136905 0.750000
vt 0.142857 0.750000
vt 0.142857 0.761905
vt 0.136905 0.761905
vt 0.136905 0.797619
vt 0.142857 0.797619
vt 0.142857 0.809524
vt 0.136905 0.809524
vt 0.136905 0.845238
vt 0.142857 0.845238
vt 0.142857 0.857143
vt 0.136905 0.857143
vt 0.136905 0.892857
vt 0.142857 0.892857
vt 0.142857 0.904762
vt 0.136905 0.904762
vt 0.136905 0.940476
vt 0.142857 0.940476
vt 0.142857 0.952381
vt 0.136905 0.952381
vt 0.160714 0.035714
vt 0.166667 0.035714
vt 0.166667 0.047619
vt 0.160714 0.047619
vt 0.160714 0.083333
vt 0.166667 0.083333
vt 0.166667 0.095238
vt 0.160714 0.095238
vt 0.160714 0.130952
vt 0.166667 0.130952
vt 0.166667 0.142857
vt 0.160714 0.142857
vt 0.160714 0.178571
vt 0.166667 0.178571
vt 0.166667 0.190476
vt 0.160714 0.190476
vt 0.160714 0.226190
vt 0.166667 0.226190
vt 0.166667 0.238095
vt 0.160714 0.238095
vt 0.160714 0.273809
vt 0.166667 0.273809
vt 0.166667 0.285714
vt 0.160714 0.285714
vt 0.160714 0.321429
vt 0.166667 0.321429
vt 0.166667 0.333333
vt 0.160714 0.333333
vt 0.160714 0.369048
vt 0.166667 0.369048
vt 0.166667 0.380952
vt 0.160714 0.380952
vt 0.160714 0.416667
vt 0.166667 0.416667
vt 0.166667 0.428571
vt 0.160714 0.428571
vt 0.160714 0.464286
vt 0.166667 0.464286
vt 0.166667 0.476190
vt 0.160714 0.476190
vt 0.160714 0.511905
vt 0.166667 0.511905
vt 0.166667 0.523810
vt 0.160714 0.523810
vt 0.160714 0.559524
vt 0.166667 0.559524
vt 0.166667 0.571429
vt 0.160714 0.571429
vt 0.160714 0.607143
vt 0.166667 0.607143
vt 0.166667 0.619048
vt 0.160714 0.619048
vt 0.160714 0.654762
vt 0.166667 0.654762
vt 0.166667 0.666667
vt 0.160714 0.666667
vt 0.160714 0.702381
vt 0.166667 0.702381
vt 0.166667 0.714286
vt 0.160714 0.714286
vt 0.160714 0.750000
vt 0.166667 0.750000
vt 0.166667 0.761905
vt 0.160714 0.761905
vt 0.160714 0.797619
vt 0.166667 0.797619
vt 0.166667 0.809524
vt 0.160714 0.809524
vt 0.160714 0.845238
vt 0.166667 0.845238
vt 0.166667 0.857143
vt 0.160714 0.857143
vt 0.160714 0.892857
vt 0.166667 0.892857
vt 0.166667 0.904762
vt 0.160714 0.904762
vt 0.160714 0.940476
vt 0.166667 0.940476
vt 0.166667 0.952381
vt 0.160714 0.952381
vt 0.184524 0.035714
vt 0.190476 0.035714
vt 0.190476 0.047619
vt 0.184524 0.047619
vt 0.184524 0.083333
vt 0.190476 0.083333
vt 0.190476 0.095238
vt 0.184524 0.095238
vt 0.184524 0.130952
vt 0.190476 0.130952
vt 0.190476 0.142857
vt 0.184524 0.142857
vt 0.184524 0.178571
vt 0.190476 0.178571
vt 0.190476 0.190476
vt 0.184524 0.190476
vt 0.184524 0.226190
vt 0.190476 0.226190
vt 0.190476 0.238095
vt 0.184524 0.238095
vt 0.184524 0.273809
vt 0.190476 0.273809
vt 0.190476 0.285714
vt 0.184524 0.285714
vt 0.184524 0.321429
vt 0.190476 0.321429
vt 0.190476 0.333333
vt 0.184524 0.333333
vt 0.184524 0.369048
vt 0.190476 0.369048
vt 0.190476 0.380952
vt 0.184524 0.380952
vt 0.184524 0.416667
vt 0.190476 0.416667
vt 0.190476 0.428571
vt 0.184524 0.428571
vt 0.184524 0.464286
vt 0.190476 0.464286
vt 0.190476 0.476190
vt 0.184524 0.476190
vt 0.184524 0.511905
vt 0.190476 0.511905
vt 0.190476 0.523810
vt 0.184524 0.523810
vt 0.184524 0.559524
vt 0.190476 0.559524
vt 0.190476 0.571429
vt 0.184524 0.571429
vt 0.184524 0.607143
vt 0.190476 0.607143
vt 0.190476 0.619048
vt 0.184524 0.619048
vt 0.184524 0.654762
vt 0.190476 0.654762
vt 0.190476 0.666667
vt 0.184524 0.666667
vt 0.184524 0.702381
vt 0.190476 0.702381
vt 0.190476 0.714286
vt 0.184524 0.714286
vt 0.184524 0.750000
vt 0.190476 0.750000
vt 0.190476 0.761905
vt 0.184524 0.761905
vt 0.184524 0.797619
vt 0.190476 0.797619
vt 0.190476 0.809524
vt 0.184524 0.809524
vt 0.184524 0.845238
vt 0.190476 0.845238
vt 0.190476 0.857143
vt 0.184524 0.857143
vt 0.184524 0.892857
vt 0.190476 0.892857
vt 0.190476 0.904762
vt 0.184524 0.904762
vt 0.184524 0.940476
vt 0.190476 0.940476
vt 0.190476 0.952381
vt 0.184524 0.952381
vt 0.208333 0.035714
vt 0.214286 0.035714
vt 0.214286 0.047619
vt 0.208333 0.047619
vt 0.208333 0.083333
vt 0.214286 0.083333
vt 0.214286 0.095238
vt 0.208333 0.095238
vt 0.208333 0.130952
vt 0.214286 0.130952
vt 0.214286 0.142857
vt 0.208333 0.142857
vt 0.208333 0.178571
vt 0.214286 0.178571
vt 0.214286 0.190476
vt 0.208333 0.190476
vt 0.208333 0.226190
vt 0.214286 0.226190
vt 0.214286 0.238095
vt 0.208333 0.238095
vt 0.208333 0.273809
vt 0.214286 0.273809
vt 0.214286 0.285714
vt 0.208333 0.285714
vt 0.208333 0.321429
vt 0.214286 0.321429
vt 0.214286 0.333333
vt 0.208333 0.333333
vt 0.208333 0.369048
vt 0.214286 0.369048
vt 0.214286 0.380952
vt 0.208333 0.380952
vt 0.208333 0.416667
vt 0.214286 0.416667
vt 0.214286 0.428571
vt 0.208333 0.428571
vt 0.208333 0.464286
vt 0.214286 0.464286
vt 0.214286 0.476190
vt 0.208333 0.476190
vt 0.208333 0.511905
vt 0.214286 0.511905
vt 0.214286 0.523810
vt 0.208333 0.523810
vt 0.208333 0.559524
vt 0.214286 0.559524
vt 0.214286 0.571429
vt 0.208333 0.571429
vt 0.208333 0.607143
vt 0.214286 0.607143
vt 0.214286 0.619048
vt 0.208333 0.619048
vt 0.208333 0.654762
vt 0.214286 0.654762
vt 0.214286 0.666667
vt 0.208333 0.666667
vt 0.208333 0.702381
vt 0.214286 0.702381
vt 0.214286 0.714286
vt 0.208333 0.714286
vt 0.208333 0.750000
vt 0.214286 0.750000
vt 0.214286 0.761905
vt 0.208333 0.761905
vt 0.208333 0.797619
vt 0.214286 0.797619
vt 0.214286 0.809524
vt 0.208333 0.809524
vt 0.208333 0.845238
vt 0.214286 0.845238
vt 0.214286 0.857143
vt 0.208333 0.857143
vt 0.208333 0.892857
vt 0.214286 0.892857
vt 0.214286 0.904762
vt 0.208333 0.904762
vt 0.208333 0.940476
vt 0.214286 0.940476
vt 0.214286 0.952381
vt 0.208333 0.952381
vt 0.232143 0.035714
vt 0.238095 0.035714
vt 0.238095 0.047619
vt 0.232143 0.047619
vt 0.232143 0.083333
vt 0.238095 0.083333
vt 0.238095 0.095238
vt 0.232143 0.095238
vt 0.232143 0.130952
vt 0.238095 0.130952
vt 0.238095 0.142857
vt 0.232143 0.142857
vt 0.232143 0.178571
vt 0.238095 0.178571
vt 0.238095 0.190476
vt 0.232143 0.190476
vt 0.232143 0.226190
vt 0.238095 0.226190
vt 0.238095 0.238095
vt 0.232143 0.238095
vt 0.232143 0.273809
vt 0.238095 0.273809
vt 0.238095 0.285714
vt 0.232143 0.285714
vt 0.232143 0.321429
vt 0.238095 0.321429
vt 0.238095 0.333333
vt 0.232143 0.333333
vt 0.232143 0.369048
vt 0.238095 0.369048
vt 0.238095 0.380952
vt 0.232143 0.380952
vt 0.232143 0.416667
vt 0.238095 0.416667
vt 0.238095 0.428571
vt 0.232143 0.428571
vt 0.232143 0.464286
vt 0.238095 0.464286
vt 0.238095 0.476190
vt 0.232143 0.476190
vt 0.232143 0.511905
vt 0.238095 0.511905
vt 0.238095 0.523810
vt 0.232143 0.523810
vt 0.232143 0.559524
vt 0.238095 0.559524
vt 0.238095 0.571429
vt 0.232143 0.571429
vt 0.232143 0.607143
vt 0.238095 0.607143
vt 0.238095 0.619048
vt 0.232143 0.619048
vt 0.232143 0.654762
vt 0.238095 0.654762
vt 0.238095 0.666667
vt 0.232143 0.666667
vt 0.232143 0.702381
vt 0.238095 0.702381
vt 0.238095 0.714286
vt 0.232143 0.714286
vt 0.232143 0.750000
vt 0.238095 0.750000
vt 0.238095 0.761905
vt 0.232143 0.761905
vt 0.232143 0.797619
vt 0.238095 0.797619
vt 0.238095 0.809524
vt 0.232143 0.809524
vt 0.232143 0.845238
vt 0.238095 0.845238
vt 0.238095 0.857143
vt 0.232143 0.857143
vt 0.232143 0.892857
vt 0.238095 0.892857
vt 0.238095 0.904762
vt 0.232143 0.904762
vt 0.232143 0.940476
vt 0.238095 0.940476
vt 0.238095 0.952381
vt 0.232143 0.952381
vt 0.255952 0.035714
vt 0.261905 0.035714
vt 0.261905 0.047619
vt 0.255952 0.047619
vt 0.255952 0.083333
vt 0.261905 0.083333
vt 0.261905 0.095238
vt 0.255952 0.095238
vt 0.255952 0.130952
vt 0.261905 0.130952
vt 0.261905 0.142857
vt 0.255952 0.142857
vt 0.255952 0.178571
vt 0.261905 0.178571
vt 0.261905 0.190476
vt 0.255952 0.190476
vt 0.255952 0.226190
vt 0.261905 0.226190
vt 0.261905 0.238095
vt 0.255952 0.238095
vt 0.255952 0.273809
vt 0.261905 0.273809
vt 0.261905 0.285714
vt 0.255952 0.285714
vt 0.255952 0.321429
vt 0.261905 0.321429
vt 0.261905 0.333333
vt 0.255952 0.333333
vt 0.255952 0.369048
vt 0.261905 0.369048
vt 0.261905 0.380952
vt 0.255952 0.380952
vt 0.255952 0.416667
vt 0.261905 0.416667
vt 0.261905 0.428571
vt 0.255952 0.428571
vt 0.255952 0.464286
vt 0.261905 0.464286
vt 0.261905 0.476190
vt 0.255952 0.476190
vt 0.255952 0.511905
vt 0.261905 0.511905
vt 0.261905 0.523810
vt 0.255952 0.523810
vt 0.255952 0.559524
vt 0.261905 0.559524
vt 0.261905 0.571429
vt 0.255952 0.571429
vt 0.255952 0.607143
vt 0.261905 0.607143
vt 0.261905 0.619048
vt 0.255952 0.619048
vt 0.255952 0.654762
vt 0.261905 0.654762
vt 0.261905 0.666667
vt 0.255952 0.666667
vt 0.255952 0.702381
vt 0.261905 0.702381
vt 0.261905 0.714286
vt 0.255952 0.714286
vt 0.255952 0.750000
vt 0.261905 0.750000
vt 0.261905 0.761905
vt 0.255952 0.761905
vt 0.255952 0.797619
vt 0.261905 0.797619
vt 0.261905 0.809524
vt 0.255952 0.809524
vt 0.255952 0.845238
vt 0.261905 0.845238
vt 0.261905 0.857143
vt 0.255952 0.857143
vt 0.255952 0.892857
vt 0.261905 0.892857
vt 0.261905 0.904762
vt 0.255952 0.904762
vt 0.255952 0.940476
vt 0.261905 0.940476
vt 0.261905 0.952381
vt 0.255952 0.952381
vt 0.279762 0.035714
vt 0.285714 0.035714
vt 0.285714 0.047619
vt 0.279762 0.047619
vt 0.279762 0.083333
vt 0.285714 0.083333
vt 0.285714 0.095238
vt 0.279762 0.095238
vt 0.279762 0.130952
vt 0.285714 0.130952
vt 0.285714 0.142857
vt 0.279762 0.142857
vt 0.279762 0.178571
vt 0.285714 0.178571
vt 0.285714 0.190476
vt 0.279762 0.190476
vt 0.279762 0.226190
vt 0.285714 0.226190
vt 0.285714 0.238095
vt 0.279762 0.238095
vt 0.279762 0.273809
vt 0.285714 0.273809
vt 0.285714 0.285714
vt 0.279762 0.285714
vt 0.279762 0.321429
vt 0.285714 0.321429
vt 0.285714 0.333333
vt 0.279762 0.333333
vt 0.279762 0.369048
vt 0.285714 0.369048
vt 0.285714 0.380952
vt 0.279762 0.380952
vt 0.279762 0.416667
vt 0.285714 0.416667
vt 0.285714 0.428571
vt 0.279762 0.428571
vt 0.279762 0.464286
vt 0.285714 0.464286
vt 0.285714 0.476190
vt 0.279762 0.476190
vt 0.279762 0.511905
vt 0.285714 0.511905
vt 0.285714 0.523810
vt 0.279762 0.523810
vt 0.279762 0.559524
vt 0.285714 0.559524
vt 0.285714 0.571429
vt 0.279762 0.571429
vt 0.279762 0.607143
vt 0.285714 0.607143
vt 0.285714 0.619048
vt 0.279762 0.619048
vt 0.279762 0.654762
vt 0.285714 0.654762
vt 0.285714 0.666667
vt 0.279762 0.666667
vt 0.279762 0.702381
vt 0.285714 0.702381
vt 0.285714 0.714286
vt 0.279762 0.714286
vt 0.279762 0.750000
vt 0.285714 0.750000
vt 0.285714 0.761905
vt 0.279762 0.761905
vt 0.279762 0.797619
vt 0.285714 0.797619
vt 0.285714 0.809524
vt 0.279762 0.809524
vt 0.279762 0.845238
vt 0.285714 0.845238
vt 0.285714 0.857143
vt 0.279762 0.857143
vt 0.279762 0.892857
vt 0.285714 0.892857
vt 0.285714 0.904762
vt 0.279762 0.904762
vt 0.279762 0.940476
vt 0.285714 0.940476
vt 0.285714 0.952381
vt 0.279762 0.952381
vt 0.303571 0.035714
vt 0.309524 0.035714
vt 0.309524 0.047619
vt 0.303571 0.047619
vt 0.303571 0.083333
vt 0.309524 0.083333
vt 0.309524 0.095238
vt 0.303571 0.095238
vt 0.303571 0.130952
vt 0.309524 0.130952
vt 0.309524 0.142857
vt 0.303571 0.142857
vt 0.303571 0.178571
vt 0.309524 0.178571
vt 0.309524 0.190476
vt 0.303571 0.190476
vt 0.303571 0.226190
vt 0.309524 0.226190
vt 0.309524 0.238095
vt 0.303571 0.238095
vt 0.303571 0.273809
vt 0.309524 0.273809
vt 0.309524 0.285714
vt 0.303571 0.285714
vt 0.303571 0.321429
vt 0.309524 0.321429
vt 0.309524 0.333333
vt 0.303571 0.333333
vt 0.303571 0.369048
vt 0.309524 0.369048
vt 0.309524 0.380952
vt 0.303571 0.380952
vt 0.303571 0.416667
vt 0.309524 0.416667
vt 0.309524 0.428571
vt 0.303571 0.428571
vt 0.303571 0.464286
vt 0.309524 0.464286
vt 0.309524 0.476190
vt 0.303571 0.476190
vt 0.303571 0.511905
vt 0.309524 0.511905
vt 0.309524 0.523810
vt 0.303571 0.523810
vt 0.303571 0.559524
vt 0.309524 0.559524
vt 0.309524 0.571429
vt 0.303571 0.571429
vt 0.303571 0.607143
vt 0.309524 0.607143
vt 0.309524 0.619048
vt 0.303571 0.619048
vt 0.303571 0.654762
vt 0.309524 0.654762
vt 0.309524 0.666667
vt 0.303571 0.666667
vt 0.303571 0.702381
vt 0.309524 0.702381
vt 0.309524 0.714286
vt 0.303571 0.714286
vt 0.303571 0.750000
vt 0.309524 0.750000
vt 0.309524 0.761905
vt 0.303571 0.761905
vt 0.303571 0.797619
vt 0.309524 0.797619
vt 0.309524 0.809524
vt 0.303571 0.809524
vt 0.303571 0.845238
vt 0.309524 0.845238
vt 0.309524 0.857143
vt 0.303571 0.857143
vt 0.303571 0.892857
vt 0.309524 0.892857
vt 0.309524 0.904762
vt 0.303571 0.904762
vt 0.303571 0.940476
vt 0.309524 0.940476
vt 0.309524 0.952381
vt 0.303571 0.952381
vt 0.327381 0.035714
vt 0.333333 0.035714
vt 0.333333 0.047619
vt 0.327381 0.047619
vt 0.327381 0.083333
vt 0.333333 0.083333
vt 0.333333 0.095238
vt 0.327381 0.095238
vt 0.327381 0.130952
vt 0.333333 0.130952
vt 0.333333 0.142857
vt 0.327381 0.142857
vt 0.327381 0.178571
vt 0.333333 0.178571
vt 0.333333 0.190476
vt 0.327381 0.190476
vt 0.327381 0.226190
vt 0.333333 0.226190
vt 0.333333 0.238095
vt 0.327381 0.238095
vt 0.327381 0.273809
vt 0.333333 0.273809
vt 0.333333 0.285714
vt 0.327381 0.285714
vt 0.327381 0.321429
vt 0.333333 0.321429
vt 0.333333 0.333333
vt 0.327381 0.333333
vt 0.327381 0.369048
vt 0.333333 0.369048
vt 0.333333 0.380952
vt 0.327381 0.380952
vt 0.327381 0.416667
vt 0.333333 0.416667
vt 0.333333 0.428571
vt 0.327381 0.428571
vt 0.327381 0.464286
vt 0.333333 0.464286
vt 0.333333 0.476190
vt 0.327381 0.476190
vt 0.327381 0.511905
vt 0.333333 0.511905
vt 0.333333 0.523810
vt 0.327381 0.523810
vt 0.327381 0.559524
vt 0.333333 0.559524
vt 0.333333 0.571429
vt 0.327381 0.571429
vt 0.327381 0.607143
vt 0.333333 0.607143
vt 0.333333 0.619048
vt 0.327381 0.619048
vt 0.327381 0.654762
vt 0.333333 0.654762
vt 0.333333 0.666667
vt 0.327381 0.666667
vt 0.327381 0.702381
vt 0.333333 0.702381
vt 0.333333 0.714286
vt 0.327381 0.714286
vt 0.327381 0.750000
vt 0.333333 0.750000
vt 0.333333 0.761905
vt 0.327381 0.761905
vt 0.327381 0.797619
vt 0.333333 0.797619
vt 0.333333 0.809524
vt 0.327381 0.809524
vt 0.327381 0.845238
vt 0.333333 0.845238
vt 0.333333 0.857143
vt 0.327381 0.857143
vt 0.327381 0.892857
vt 0.333333 0.892857
vt 0.333333 0.904762
vt 0.327381 0.904762
vt 0.327381 0.940476
vt 0.333333 0.940476
vt 0.333333 0.952381
vt 0.327381 0.952381
vt 0.351190 0.035714
vt 0.357143 0.035714
vt 0.357143 0.047619
vt 0.351190 0.047619
vt 0.351190 0.083333
vt 0.357143 0.083333
vt 0.357143 0.095238
vt 0.351190 0.095238
vt 0.351190 0.130952
vt 0.357143 0.130952
vt 0.357143 0.142857
vt 0.351190 0.142857
vt 0.351190 0.178571
vt 0.357143 0.178571
vt 0.357143 0.190476
vt 0.351190 0.190476
vt 0.351190 0.226190
vt 0.357143 0.226190
vt 0.357143 0.238095
vt 0.351190 0.238095
vt 0.351190 0.273809
vt 0.357143 0.273809
vt 0.357143 0.285714
vt 0.351190 0.285714
vt 0.351190 0.321429
vt 0.357143 0.321429
vt 0.357143 0.333333
vt 0.351190 0.333333
vt 0.351190 0.369048
vt 0.357143 0.369048
vt 0.357143 0.380952
vt 0.351190 0.380952
vt 0.351190 0.416667
vt 0.357143 0.416667
vt 0.357143 0.428571
vt 0.351190 0.428571
vt 0.351190 0.464286
vt 0.357143 0.464286
vt 0.357143 0.476190
vt 0.351190 0.476190
vt 0.351190 0.511905
vt 0.357143 0.511905
vt 0.357143 0.523810
vt 0.351190 0.523810
vt 0.351190 0.559524
vt 0.357143 0.559524
vt 0.357143 0.571429
vt 0.351190 0.571429
vt 0.351190 0.607143
vt 0.357143 0.607143
vt 0.357143 0.619048
vt 0.351190 0.619048
vt 0.351190 0.654762
vt 0.357143 0.654762
vt 0.357143 0.666667
vt 0.351190 0.666667
vt 0.351190 0.702381
vt 0.357143 0.702381
vt 0.357143 0.714286
vt 0.351190 0.714286
vt 0.351190 0.750000
vt 0.357143 0.750000
vt 0.357143 0.761905
vt 0.351190 0.761905
vt 0.351190 0.797619
vt 0.357143 0.797619
vt 0.357143 0.809524
vt 0.351190 0.809524
vt 0.351190 0.845238
vt 0.357143 0.845238
vt 0.357143 0.857143
vt 0.351190 0.857143
vt 0.351190 0.892857
vt 0.357143 0.892857
vt 0.357143 0.904762
vt 0.351190 0.904762
vt 0.351190 0.940476
vt 0.357143 0.940476
vt 0.357143 0.952381
vt 0.351190 0.952381
vt 0.375000 0.035714
vt 0.380952 0.035714
vt 0.380952 0.047619
vt 0.375000 0.047619
vt 0.375000 0.083333
vt 0.380952 0.083333
vt 0.380952 0.095238
vt 0.375000 0.095238
vt 0.375000 0.130952
vt 0.380952 0.130952
vt 0.380952 0.142857
vt 0.375000 0.142857
vt 0.375000 0.178571
vt 0.380952 0.178571
vt 0.380952 0.190476
vt 0.375000 0.190476
vt 0.375000 0.226190
vt 0.380952 0.226190
vt 0.380952 0.238095
vt 0.375000 0.238095
vt 0.375000 0.273809
vt 0.380952 0.273809
vt 0.380952 0.285714
vt 0.375000 0.285714
vt 0.375000 0.321429
vt 0.380952 0.321429
vt 0.380952 0.333333
vt 0.375000 0.333333
vt 0.375000 0.369048
vt 0.380952 0.369048
vt 0.380952 0.380952
vt 0.375000 0.380952
vt 0.375000 0.416667
vt 0.380952 0.416667
vt 0.380952 0.428571
vt 0.375000 0.428571
vt 0.375000 0.464286
vt 0.380952 0.464286
vt 0.380952 0.476190
vt 0.375000 0.476190
vt 0.375000 0.511905
vt 0.380952 0.511905
vt 0.380952 0.523810
vt 0.375000 0.523810
vt 0.375000 0.559524
vt 0.380952 0.559524
vt 0.380952 0.571429
vt 0.375000 0.571429
vt 0.375000 0.607143
vt 0.380952 0.607143
vt 0.380952 0.619048
vt 0.375000 0.619048
vt 0.375000 0.654762
vt 0.380952 0.654762
vt 0.380952 0.666667
vt 0.375000 0.666667
vt 0.375000 0.702381
vt 0.380952 0.702381
vt 0.380952 0.714286
vt 0.375000 0.714286
vt 0.375000 0.750000
vt 0.380952 0.750000
vt 0.380952 0.761905
vt 0.375000 0.761905
vt 0.375000 0.797619
vt 0.380952 0.797619
vt 0.380952 0.809524
vt 0.375000 0.809524
vt 0.375000 0.845238
vt 0.380952 0.845238
vt 0.380952 0.857143
vt 0.375000 0.857143
vt 0.375000 0.892857
vt 0.380952 0.892857
vt 0.380952 0.904762
vt 0.375000 0.904762
vt 0.375000 0.940476
vt 0.380952 0.940476
vt 0.380952 0.952381
vt 0.375000 0.952381
vt 0.398809 0.035714
vt 0.404762 0.035714
vt 0.404762 0.047619
vt 0.398810 0.047619
vt 0.398809 0.083333
vt 0.404762 0.083333
vt 0.404762 0.095238
vt 0.398810 0.095238
vt 0.398810 0.130952
vt 0.404762 0.130952
vt 0.404762 0.142857
vt 0.398810 0.142857
vt 0.398810 0.178571
vt 0.404762 0.178571
vt 0.404762 0.190476
vt 0.398810 0.190476
vt 0.398810 0.226190
vt 0.404762 0.226190
vt 0.404762 0.238095
vt 0.398810 0.238095
vt 0.398810 0.273809
vt 0.404762 0.273809
vt 0.404762 0.285714
vt 0.398810 0.285714
vt 0.398810 0.321429
vt 0.404762 0.321429
vt 0.404762 0.333333
vt 0.398810 0.333333
vt 0.398810 0.369048
vt 0.404762 0.369048
vt 0.404762 0.380952
vt 0.398810 0.380952
vt 0.398810 0.416667
vt 0.404762 0.416667
vt 0.404762 0.428571
vt 0.398810 0.428571
vt 0.398810 0.464286
vt 0.404762 0.464286
vt 0.404762 0.476190
vt 0.398810 0.476190
vt 0.398810 0.511905
vt 0.404762 0.511905
vt 0.404762 0.523810
vt 0.398810 0.523810
vt 0.398809 0.559524
vt 0.404762 0.559524
vt 0.404762 0.571429
vt 0.398810 0.571429
vt 0.398810 0.607143
vt 0.404762 0.607143
vt 0.404762 0.619048
vt 0.398810 0.619048
vt 0.398810 0.654762
vt 0.404762 0.654762
vt 0.404762 0.666667
vt 0.398810 0.666667
vt 0.398810 0.702381
vt 0.404762 0.702381
vt 0.404762 0.714286
vt 0.398810 0.714286
vt 0.398810 0.750000
vt 0.404762 0.750000
vt 0.404762 0.761905
vt 0.398810 0.761905
vt 0.398809 0.797619
vt 0.404762 0.797619
vt 0.404762 0.809524
vt 0.398810 0.809524
vt 0.398809 0.845238
vt 0.404762 0.845238
vt 0.404762 0.857143
vt 0.398810 0.857143
vt 0.398809 0.892857
vt 0.404762 0.892857
vt 0.404762 0.904762
vt 0.398810 0.904762
vt 0.398809 0.940476
vt 0.404762 0.940476
vt 0.404762 0.952381
vt 0.398810 0.952381
vt 0.422619 0.035714
vt 0.428571 0.035714
vt 0.428571 0.047619
vt 0.422619 0.047619
vt 0.422619 0.083333
vt 0.428571 0.083333
vt 0.428571 0.095238
vt 0.422619 0.095238
vt 0.422619 0.130952
vt 0.428571 0.130952
vt 0.428571 0.142857
vt 0.422619 0.142857
vt 0.422619 0.178571
vt 0.428571 0.178571
vt 0.428571 0.190476
vt 0.422619 0.190476
vt 0.422619 0.226190
vt 0.428571 0.226190
vt 0.428571 0.238095
vt 0.422619 0.238095
vt 0.422619 0.273809
vt 0.428571 0.273809
vt 0.428571 0.285714
vt 0.422619 0.285714
vt 0.422619 0.321429
vt 0.428571 0.321429
vt 0.428571 0.333333
vt 0.422619 0.333333
vt 0.422619 0.369048
vt 0.428571 0.369048
vt 0.428571 0.380952
vt 0.422619 0.380952
vt 0.422619 0.416667
vt 0.428571 0.416667
vt 0.428571 0.428571
vt 0.422619 0.428571
vt 0.422619 0.464286
vt 0.428571 0.464286
vt 0.428571 0.476190
vt 0.422619 0.476190
vt 0.422619 0.511905
vt 0.428571 0.511905
vt 0.428571 0.523810
vt 0.422619 0.523810
vt 0.422619 0.559524
vt 0.428571 0.559524
vt 0.428571 0.571429
vt 0.422619 0.571429
vt 0.422619 0.607143
vt 0.428571 0.607143
vt 0.428571 0.619048
vt 0.422619 0.619048
vt 0.422619 0.654762
vt 0.428571 0.654762
vt 0.428571 0.666667
vt 0.422619 0.666667
vt 0.422619 0.702381
vt 0.428571 0.702381
vt 0.428571 0.714286
vt 0.422619 0.714286
vt 0.422619 0.750000
vt 0.428571 0.750000
vt 0.428571 0.761905
vt 0.422619 0.761905
vt 0.422619 0.797619
vt 0.428571 0.797619
vt 0.428571 0.809524
vt 0.422619 0.809524
vt 0.422619 0.845238
vt 0.428571 0.845238
vt 0.428571 0.857143
vt 0.422619 0.857143
vt 0.422619 0.892857
vt 0.428571 0.892857
vt 0.428571 0.904762
vt 0.422619 0.904762
vt 0.422619 0.940476
vt 0.428571 0.940476
vt 0.428571 0.952381
vt 0.422619 0.952381
vt 0.446429 0.035714
vt 0.452381 0.035714
vt 0.452381 0.047619
vt 0.446429 0.047619
vt 0.446429 0.083333
vt 0.452381 0.083333
vt 0.452381 0.095238
vt 0.446429 0.095238
vt 0.446429 0.130952
vt 0.452381 0.130952
vt 0.452381 0.142857
vt 0.446429 0.142857
vt 0.446429 0.178571
vt 0.452381 0.178571
vt 0.452381 0.190476
vt 0.446429 0.190476
vt 0.446429 0.226190
vt 0.452381 0.226190
vt 0.452381 0.238095
vt 0.446429 0.238095
vt 0.446429 0.273809
vt 0.452381 0.273809
vt 0.452381 0.285714
vt 0.446429 0.285714
vt 0.446429 0.321429
vt 0.452381 0.321429
vt 0.452381 0.333333
vt 0.446429 0.333333
vt 0.446429 0.369048
vt 0.452381 0.369048
vt 0.452381 0.380952
vt 0.446429 0.380952
vt 0.446429 0.416667
vt 0.452381 0.416667
vt 0.452381 0.428571
vt 0.446429 0.428571
vt 0.446429 0.464286
vt 0.452381 0.464286
vt 0.452381 0.476190
vt 0.446429 0.476190
vt 0.446429 0.511905
vt 0.452381 0.511905
vt 0.452381 0.523810
vt 0.446429 0.523810
vt 0.446429 0.559524
vt 0.452381 0.559524
vt 0.452381 0.571429
vt 0.446429 0.571429
vt 0.446429 0.607143
vt 0.452381 0.607143
vt 0.452381 0.619048
vt 0.446429 0.619048
vt 0.446429 0.654762
vt 0.452381 0.654762
vt 0.452381 0.666667
vt 0.446429 0.666667
vt 0.446429 0.702381
vt 0.452381 0.702381
vt 0.452381 0.714286
vt 0.446429 0.714286
vt 0.446429 0.750000
vt 0.452381 0.750000
vt 0.452381 0.761905
vt 0.446429 0.761905
vt 0.446429 0.797619
vt 0.452381 0.797619
vt 0.452381 0.809524
vt 0.446429 0.809524
vt 0.446429 0.845238
vt 0.452381 0.845238
vt 0.452381 0.857143
vt 0.446429 0.857143
vt 0.446429 0.892857
vt 0.452381 0.892857
vt 0.452381 0.904762
vt 0.446429 0.904762
vt 0.446429 0.940476
vt 0.452381 0.940476
vt 0.452381 0.952381
vt 0.446429 0.952381
vt 0.470238 0.035714
vt 0.476190 0.035714
vt 0.476191 0.047619
vt 0.470238 0.047619
vt 0.470238 0.083333
vt 0.476191 0.083333
vt 0.476191 0.095238
vt 0.470238 0.095238
vt 0.470238 0.130952
vt 0.476191 0.130952
vt 0.476191 0.142857
vt 0.470238 0.142857
vt 0.470238 0.178571
vt 0.476190 0.178571
vt 0.476190 0.190476
vt 0.470238 0.190476
vt 0.470238 0.226190
vt 0.476190 0.226190
vt 0.476190 0.238095
vt 0.470238 0.238095
vt 0.470238 0.273809
vt 0.476190 0.273809
vt 0.476190 0.285714
vt 0.470238 0.285714
vt 0.470238 0.321429
vt 0.476190 0.321429
vt 0.476190 0.333333
vt 0.470238 0.333333
vt 0.470238 0.369048
vt 0.476190 0.369048
vt 0.476190 0.380952
vt 0.470238 0.380952
vt 0.470238 0.416667
vt 0.476190 0.416667
vt 0.476190 0.428571
vt 0.470238 0.428571
vt 0.470238 0.464286
vt 0.476190 0.464286
vt 0.476190 0.476190
vt 0.470238 0.476190
vt 0.470238 0.511905
vt 0.476190 0.511905
vt 0.476190 0.523810
vt 0.470238 0.523810
vt 0.470238 0.559524
vt 0.476190 0.559524
vt 0.476190 0.571429
vt 0.470238 0.571429
vt 0.470238 0.607143
vt 0.476190 0.607143
vt 0.476190 0.619048
vt 0.470238 0.619048
vt 0.470238 0.654762
vt 0.476190 0.654762
vt 0.476190 0.666667
vt 0.470238 0.666667
vt 0.470238 0.702381
vt 0.476190 0.702381
vt 0.476190 0.714286
vt 0.470238 0.714286
vt 0.470238 0.750000
vt 0.476190 0.750000
vt 0.476190 0.761905
vt 0.470238 0.761905
vt 0.470238 0.797619
vt 0.476190 0.797619
vt 0.476190 0.809524
vt 0.470238 0.809524
vt 0.470238 0.845238
vt 0.476190 0.845238
vt 0.476190 0.857143
vt 0.470238 0.857143
vt 0.470238 0.892857
vt 0.476190 0.892857
vt 0.476190 0.904762
vt 0.470238 0.904762
vt 0.470238 0.940476
vt 0.476190 0.940476
vt 0.476190 0.952381
vt 0.470238 0.952381
vt 0.494048 0.035714
vt 0.500000 0.035714
vt 0.500000 0.047619
vt 0.494048 0.047619
vt 0.494048 0.083333
vt 0.500000 0.083333
vt 0.500000 0.095238
vt 0.494048 0.095238
vt 0.494048 0.130952
vt 0.500000 0.130952
vt 0.500000 0.142857
vt 0.494048 0.142857
vt 0.494048 0.178571
vt 0.500000 0.178571
vt 0.500000 0.190476
vt 0.494048 0.190476
vt 0.494048 0.226190
vt 0.500000 0.226190
vt 0.500000 0.238095
vt 0.494048 0.238095
vt 0.494048 0.273809
vt 0.500000 0.273809
vt 0.500000 0.285714
vt 0.494048 0.285714
vt 0.494048 0.321429
vt 0.500000 0.321429
vt 0.500000 0.333333
vt 0.494048 0.333333
vt 0.494048 0.369048
vt 0.500000 0.369048
vt 0.500000 0.380952
vt 0.494048 0.380952
vt 0.494048 0.416667
vt 0.500000 0.416667
vt 0.500000 0.428571
vt 0.494048 0.428571
vt 0.494048 0.464286
vt 0.500000 0.464286
vt 0.500000 0.476190
vt 0.494048 0.476190
vt 0.494048 0.511905
vt 0.500000 0.511905
vt 0.500000 0.523810
vt 0.494048 0.523810
vt 0.494048 0.559524
vt 0.500000 0.559524
vt 0.500000 0.571429
vt 0.494048 0.571429
vt 0.494048 0.607143
vt 0.500000 0.607143
vt 0.500000 0.619048
vt 0.494048 0.619048
vt 0.494048 0.654762
vt 0.500000 0.654762
vt 0.500000 0.666667
vt 0.494048 0.666667
vt 0.494048 0.702381
vt 0.500000 0.702381
vt 0.500000 0.714286
vt 0.494048 0.714286
vt 0.494048 0.750000
vt 0.500000 0.750000
vt 0.500000 0.761905
vt 0.494048 0.761905
vt 0.494048 0.797619
vt 0.500000 0.797619
vt 0.500000 0.809524
vt 0.494048 0.809524
vt 0.494048 0.845238
vt 0.500000 0.845238
vt 0.500000 0.857143
vt 0.494048 0.857143
vt 0.494048 0.892857
vt 0.500000 0.892857
vt 0.500000 0.904762
vt 0.494048 0.904762
vt 0.494048 0.940476
vt 0.500000 0.940476
vt 0.500000 0.952381
vt 0.494048 0.952381
vt 0.482143 0.940476
vt 0.482143 0.952381
vt 0.488095 0.940476
vt 0.488095 0.952381
vt 0.482143 0.904762
vt 0.482143 0.916667
vt 0.476190 0.916667
vt 0.482143 0.928571
vt 0.476190 0.928571
vt 0.488095 0.904762
vt 0.488095 0.916667
vt 0.488095 0.928571
vt 0.494048 0.916667
vt 0.494048 0.928571
vt 0.500000 0.916667
vt 0.500000 0.928571
vt 0.482143 0.892857
vt 0.488095 0.892857
vt 0.482143 0.857143
vt 0.482143 0.869048
vt 0.476190 0.869048
vt 0.482143 0.880952
vt 0.476190 0.880952
vt 0.488095 0.857143
vt 0.488095 0.869048
vt 0.488095 0.880952
vt 0.494048 0.869048
vt 0.494048 0.880952
vt 0.500000 0.869048
vt 0.500000 0.880952
vt 0.482143 0.845238
vt 0.488095 0.845238
vt 0.482143 0.809524
vt 0.482143 0.821429
vt 0.476190 0.821429
vt 0.482143 0.833333
vt 0.476190 0.833333
vt 0.488095 0.809524
vt 0.488095 0.821429
vt 0.488095 0.833333
vt 0.494048 0.821429
vt 0.494048 0.833333
vt 0.500000 0.821429
vt 0.500000 0.833333
vt 0.482143 0.797619
vt 0.488095 0.797619
vt 0.482143 0.761905
vt 0.482143 0.773809
vt 0.476190 0.773810
vt 0.482143 0.785714
vt 0.476190 0.785714
vt 0.488095 0.761905
vt 0.488095 0.773809
vt 0.488095 0.785714
vt 0.494048 0.773810
vt 0.494048 0.785714
vt 0.500000 0.773810
vt 0.500000 0.785714
vt 0.482143 0.750000
vt 0.488095 0.750000
vt 0.482143 0.714286
vt 0.482143 0.726190
vt 0.476190 0.726190
vt 0.482143 0.738095
vt 0.476190 0.738095
vt 0.488095 0.714286
vt 0.488095 0.726190
vt 0.488095 0.738095
vt 0.494048 0.726190
vt 0.494048 0.738095
vt 0.500000 0.726190
vt 0.500000 0.738095
vt 0.482143 0.702381
vt 0.488095 0.702381
vt 0.482143 0.666667
vt 0.482143 0.678571
vt 0.476190 0.678571
vt 0.482143 0.690476
vt 0.476190 0.690476
vt 0.488095 0.666667
vt 0.488095 0.678571
vt 0.488095 0.690476
vt 0.494048 0.678571
vt 0.494048 0.690476
vt 0.500000 0.678571
vt 0.500000 0.690476
vt 0.482143 0.654762
vt 0.488095 0.654762
vt 0.482143 0.619048
vt 0.482143 0.630952
vt 0.476190 0.630952
vt 0.482143 0.642857
vt 0.476190 0.642857
vt 0.488095 0.619048
vt 0.488095 0.630952
vt 0.488095 0.642857
vt 0.494048 0.630952
vt 0.494048 0.642857
vt 0.500000 0.630952
vt 0.500000 0.642857
vt 0.482143 0.607143
vt 0.488095 0.607143
vt 0.482143 0.571429
vt 0.482143 0.583333
vt 0.476190 0.583333
vt 0.482143 0.595238
vt 0.476190 0.595238
vt 0.488095 0.571429
vt 0.488095 0.583333
vt 0.488095 0.595238
vt 0.494048 0.583333
vt 0.494048 0.595238
vt 0.500000 0.583333
vt 0.500000 0.595238
vt 0.482143 0.559524
vt 0.488095 0.559524
vt 0.482143 0.523810
vt 0.482143 0.535714
vt 0.476190 0.535714
vt 0.482143 0.547619
vt 0.476190 0.547619
vt 0.488095 0.523810
vt 0.488095 0.535714
vt 0.488095 0.547619
vt 0.494048 0.535714
vt 0.494048 0.547619
vt 0.500000 0.535714
vt 0.500000 0.547619
vt 0.482143 0.511905
vt 0.488095 0.511905
vt 0.482143 0.476190
vt 0.482143 0.488095
vt 0.476190 0.488095
vt 0.482143 0.500000
vt 0.476190 0.500000
vt 0.488095 0.476190
vt 0.488095 0.488095
vt 0.488095 0.500000
vt 0.494048 0.488095
vt 0.494048 0.500000
vt 0.500000 0.488095
vt 0.500000 0.500000
vt 0.482143 0.464286
vt 0.488095 0.464286
vt 0.482143 0.428571
vt 0.482143 0.440476
vt 0.476190 0.440476
vt 0.482143 0.452381
vt 0.476190 0.452381
vt 0.488095 0.428571
vt 0.488095 0.440476
vt 0.488095 0.452381
vt 0.494048 0.440476
vt 0.494048 0.452381
vt 0.500000 0.440476
vt 0.500000 0.452381
vt 0.482143 0.416667
vt 0.488095 0.416667
vt 0.482143 0.380952
vt 0.482143 0.392857
vt 0.476190 0.392857
vt 0.482143 0.404762
vt 0.476190 0.404762
vt 0.488095 0.380952
vt 0.488095 0.392857
vt 0.488095 0.404762
vt 0.494048 0.392857
vt 0.494048 0.404762
vt 0.500000 0.392857
vt 0.500000 0.404762
vt 0.482143 0.369048
vt 0.488095 0.369048
vt 0.482143 0.333333
vt 0.482143 0.345238
vt 0.476190 0.345238
vt 0.482143 0.357143
vt 0.476190 0.357143
vt 0.488095 0.333333
vt 0.488095 0.345238
vt 0.488095 0.357143
vt 0.494048 0.345238
vt 0.494048 0.357143
vt 0.500000 0.345238
vt 0.500000 0.357143
vt 0.482143 0.321429
vt 0.488095 0.321429
vt 0.482143 0.285714
vt 0.482143 0.297619
vt 0.476190 0.297619
vt 0.482143 0.309524
vt 0.476190 0.309524
vt 0.488095 0.285714
vt 0.488095 0.297619
vt 0.488095 0.309524
vt 0.494048 0.297619
vt 0.494048 0.309524
vt 0.500000 0.297619
vt 0.500000 0.309524
vt 0.482143 0.273809
vt 0.488095 0.273809
vt 0.482143 0.238095
vt 0.482143 0.250000
vt 0.476190 0.250000
vt 0.482143 0.261905
vt 0.476190 0.261905
vt 0.488095 0.238095
vt 0.488095 0.250000
vt 0.488095 0.261905
vt 0.494048 0.250000
vt 0.494048 0.261905
vt 0.500000 0.250000
vt 0.500000 0.261905
vt 0.482143 0.226190
vt 0.488095 0.226190
vt 0.482143 0.190476
vt 0.482143 0.202381
vt 0.476190 0.202381
vt 0.482143 0.214286
vt 0.476190 0.214286
vt 0.488095 0.190476
vt 0.488095 0.202381
vt 0.488095 0.214286
vt 0.494048 0.202381
vt 0.494048 0.214286
vt 0.500000 0.202381
vt 0.500000 0.214286
vt 0.482143 0.178571
vt 0.488095 0.178571
vt 0.482143 0.142857
vt 0.482143 0.154762
vt 0.476190 0.154762
vt 0.482143 0.166667
vt 0.476190 0.166667
vt 0.488095 0.142857
vt 0.488095 0.154762
vt 0.488095 0.166667
vt 0.494048 0.154762
vt 0.494048 0.166667
vt 0.500000 0.154762
vt 0.500000 0.166667
vt 0.482143 0.130952
vt 0.488095 0.130952
vt 0.482143 0.095238
vt 0.482143 0.107143
vt 0.476191 0.107143
vt 0.482143 0.119048
vt 0.476191 0.119048
vt 0.488095 0.095238
vt 0.488095 0.107143
vt 0.488095 0.119048
vt 0.494048 0.107143
vt 0.494048 0.119048
vt 0.500000 0.107143
vt 0.500000 0.119048
vt 0.482143 0.083333
vt 0.488095 0.083333
vt 0.482143 0.047619
vt 0.482143 0.059524
vt 0.476191 0.059524
vt 0.482143 0.071429
vt 0.476191 0.071429
vt 0.488095 0.047619
vt 0.488095 0.059524
vt 0.488095 0.071429
vt 0.494048 0.059524
vt 0.494048 0.071429
vt 0.500000 0.059524
vt 0.500000 0.071429
vt 0.482143 0.035714
vt 0.488095 0.035714
vt 0.476190 0.000000
vt 0.482143 0.000000
vt 0.482143 0.011905
vt 0.476190 0.011905
vt 0.482143 0.023810
vt 0.476190 0.023810
vt 0.488095 0.000000
vt 0.488095 0.011905
vt 0.488095 0.023810
vt 0.494048 0.000000
vt 0.494048 0.011905
vt 0.494048 0.023810
vt 0.500000 0.000000
vt 0.500000 0.011905
vt 0.500000 0.023810
vt 0.458333 0.940476
vt 0.458333 0.952381
vt 0.464286 0.940476
vt 0.464286 0.952381
vt 0.458333 0.904762
vt 0.458333 0.916667
vt 0.452381 0.916667
vt 0.458333 0.928571
vt 0.452381 0.928571
vt 0.464286 0.904762
vt 0.464286 0.916667
vt 0.464286 0.928571
vt 0.470238 0.916667
vt 0.470238 0.928571
vt 0.458333 0.892857
vt 0.464286 0.892857
vt 0.458333 0.857143
vt 0.458333 0.869048
vt 0.452381 0.869048
vt 0.458333 0.880952
vt 0.452381 0.880952
vt 0.464286 0.857143
vt 0.464286 0.869048
vt 0.464286 0.880952
vt 0.470238 0.869048
vt 0.470238 0.880952
vt 0.458333 0.845238
vt 0.464286 0.845238
vt 0.458333 0.809524
vt 0.458333 0.821429
vt 0.452381 0.821429
vt 0.458333 0.833333
vt 0.452381 0.833333
vt 0.464286 0.809524
vt 0.464286 0.821429
vt 0.464286 0.833333
vt 0.470238 0.821429
vt 0.470238 0.833333
vt 0.458333 0.797619
vt 0.464286 0.797619
vt 0.458333 0.761905
vt 0.458333 0.773809
vt 0.452381 0.773810
vt 0.458333 0.785714
vt 0.452381 0.785714
vt 0.464286 0.761905
vt 0.464286 0.773809
vt 0.464286 0.785714
vt 0.470238 0.773810
vt 0.470238 0.785714
vt 0.458333 0.750000
vt 0.464286 0.750000
vt 0.458333 0.714286
vt 0.458333 0.726190
vt 0.452381 0.726190
vt 0.458333 0.738095
vt 0.452381 0.738095
vt 0.464286 0.714286
vt 0.464286 0.726190
vt 0.464286 0.738095
vt 0.470238 0.726190
vt 0.470238 0.738095
vt 0.458333 0.702381
vt 0.464286 0.702381
vt 0.458333 0.666667
vt 0.458333 0.678571
vt 0.452381 0.678571
vt 0.458333 0.690476
vt 0.452381 0.690476
vt 0.464286 0.666667
vt 0.464286 0.678571
vt 0.464286 0.690476
vt 0.470238 0.678571
vt 0.470238 0.690476
vt 0.458333 0.654762
vt 0.464286 0.654762
vt 0.458333 0.619048
vt 0.458333 0.630952
vt 0.452381 0.630952
vt 0.458333 0.642857
vt 0.452381 0.642857
vt 0.464286 0.619048
vt 0.464286 0.630952
vt 0.464286 0.642857
vt 0.470238 0.630952
vt 0.470238 0.642857
vt 0.458333 0.607143
vt 0.464286 0.607143
vt 0.458333 0.571429
vt 0.458333 0.583333
vt 0.452381 0.583333
vt 0.458333 0.595238
vt 0.452381 0.595238
vt 0.464286 0.571429
vt 0.464286 0.583333
vt 0.464286 0.595238
vt 0.470238 0.583333
vt 0.470238 0.595238
vt 0.458333 0.559524
vt 0.464286 0.559524
vt 0.458333 0.523810
vt 0.458333 0.535714
vt 0.452381 0.535714
vt 0.458333 0.547619
vt 0.452381 0.547619
vt 0.464286 0.523810
vt 0.464286 0.535714
vt 0.464286 0.547619
vt 0.470238 0.535714
vt 0.470238 0.547619
vt 0.458333 0.511905
vt 0.464286 0.511905
vt 0.458333 0.476190
vt 0.458333 0.488095
vt 0.452381 0.488095
vt 0.458333 0.500000
vt 0.452381 0.500000
vt 0.464286 0.476190
vt 0.464286 0.488095
vt 0.464286 0.500000
vt 0.470238 0.488095
vt 0.470238 0.500000
vt 0.458333 0.464286
vt 0.464286 0.464286
vt 0.458333 0.428571
vt 0.458333 0.440476
vt 0.452381 0.440476
vt 0.458333 0.452381
vt 0.452381 0.452381
vt 0.464286 0.428571
vt 0.464286 0.440476
vt 0.464286 0.452381
vt 0.470238 0.440476
vt 0.470238 0.452381
vt 0.458333 0.416667
vt 0.464286 0.416667
vt 0.458333 0.380952
vt 0.458333 0.392857
vt 0.452381 0.392857
vt 0.458333 0.404762
vt 0.452381 0.404762
vt 0.464286 0.380952
vt 0.464286 0.392857
vt 0.464286 0.404762
vt 0.470238 0.392857
vt 0.470238 0.404762
vt 0.458333 0.369048
vt 0.464286 0.369048
vt 0.458333 0.333333
vt 0.458333 0.345238
vt 0.452381 0.345238
vt 0.458333 0.357143
vt 0.452381 0.357143
vt 0.464286 0.333333
vt 0.464286 0.345238
vt 0.464286 0.357143
vt 0.470238 0.345238
vt 0.470238 0.357143
vt 0.458333 0.321429
vt 0.464286 0.321429
vt 0.458333 0.285714
vt 0.458333 0.297619
vt 0.452381 0.297619
vt 0.458333 0.309524
vt 0.452381 0.309524
vt 0.464286 0.285714
vt 0.464286 0.297619
vt 0.464286 0.309524
vt 0.470238 0.297619
vt 0.470238 0.309524
vt 0.458333 0.273809
vt 0.464286 0.273809
vt 0.458333 0.238095
vt 0.458333 0.250000
vt 0.452381 0.250000
vt 0.458333 0.261905
vt 0.452381 0.261905
vt 0.464286 0.238095
vt 0.464286 0.250000
vt 0.464286 0.261905
vt 0.470238 0.250000
vt 0.470238 0.261905
vt 0.458333 0.226190
vt 0.464286 0.226190
vt 0.458333 0.190476
vt 0.458333 0.202381
vt 0.452381 0.202381
vt 0.458333 0.214286
vt 0.452381 0.214286
vt 0.464286 0.190476
vt 0.464286 0.202381
vt 0.464286 0.214286
vt 0.470238 0.202381
vt 0.470238 0.214286
vt 0.458333 0.178571
vt 0.464286 0.178571
vt 0.458333 0.142857
vt 0.458333 0.154762
vt 0.452381 0.154762
vt 0.458333 0.166667
vt 0.452381 0.166667
vt 0.464286 0.142857
vt 0.464286 0.154762
vt 0.464286 0.166667
vt 0.470238 0.154762
vt 0.470238 0.166667
vt 0.458333 0.130952
vt 0.464286 0.130952
vt 0.458333 0.095238
vt 0.458333 0.107143
vt 0.452381 0.107143
vt 0.458333 0.119048
vt 0.452381 0.119048
vt 0.464286 0.095238
vt 0.464286 0.107143
vt 0.464286 0.119048
vt 0.470238 0.107143
vt 0.470238 0.119048
vt 0.458333 0.083333
vt 0.464286 0.083333
vt 0.458333 0.047619
vt 0.458333 0.059524
vt 0.452381 0.059524
vt 0.458333 0.071429
vt 0.452381 0.071429
vt 0.464286 0.047619
vt 0.464286 0.059524
vt 0.464286 0.071429
vt 0.470238 0.059524
vt 0.470238 0.071429
vt 0.458333 0.035714
vt 0.464286 0.035714
vt 0.452381 0.000000
vt 0.458333 0.000000
vt 0.458333 0.011905
vt 0.452381 0.011905
vt 0.458333 0.023810
vt 0.452381 0.023810
vt 0.464286 0.000000
vt 0.464286 0.011905
vt 0.464286 0.023810
vt 0.470238 0.000000
vt 0.470238 0.011905
vt 0.470238 0.023810
vt 0.434524 0.940476
vt 0.434524 0.952381
vt 0.440476 0.940476
vt 0.440476 0.952381
vt 0.434524 0.904762
vt 0.434524 0.916667
vt 0.428571 0.916667
vt 0.434524 0.928571
vt 0.428571 0.928571
vt 0.440476 0.904762
vt 0.440476 0.916667
vt 0.440476 0.928571
vt 0.446429 0.916667
vt 0.446429 0.928571
vt 0.434524 0.892857
vt 0.440476 0.892857
vt 0.434524 0.857143
vt 0.434524 0.869048
vt 0.428571 0.869048
vt 0.434524 0.880952
vt 0.428571 0.880952
vt 0.440476 0.857143
vt 0.440476 0.869048
vt 0.440476 0.880952
vt 0.446429 0.869048
vt 0.446429 0.880952
vt 0.434524 0.845238
vt 0.440476 0.845238
vt 0.434524 0.809524
vt 0.434524 0.821429
vt 0.428571 0.821429
vt 0.434524 0.833333
vt 0.428571 0.833333
vt 0.440476 0.809524
vt 0.440476 0.821429
vt 0.440476 0.833333
vt 0.446429 0.821429
vt 0.446429 0.833333
vt 0.434524 0.797619
vt 0.440476 0.797619
vt 0.434524 0.761905
vt 0.434524 0.773809
vt 0.428571 0.773810
vt 0.434524 0.785714
vt 0.428571 0.785714
vt 0.440476 0.761905
vt 0.440476 0.773809
vt 0.440476 0.785714
vt 0.446429 0.773810
vt 0.446429 0.785714
vt 0.434524 0.750000
vt 0.440476 0.750000
vt 0.434524 0.714286
vt 0.434524 0.726190
vt 0.428571 0.726190
vt 0.434524 0.738095
vt 0.428571 0.738095
vt 0.440476 0.714286
vt 0.440476 0.726190
vt 0.440476 0.738095
vt 0.446429 0.726190
vt 0.446429 0.738095
vt 0.434524 0.702381
vt 0.440476 0.702381
vt 0.434524 0.666667
vt 0.434524 0.678571
vt 0.428571 0.678571
vt 0.434524 0.690476
vt 0.428571 0.690476
vt 0.440476 0.666667
vt 0.440476 0.678571
vt 0.440476 0.690476
vt 0.446429 0.678571
vt 0.446429 0.690476
vt 0.434524 0.654762
vt 0.440476 0.654762
vt 0.434524 0.619048
vt 0.434524 0.630952
vt 0.428571 0.630952
vt 0.434524 0.642857
vt 0.428571 0.642857
vt 0.440476 0.619048
vt 0.440476 0.630952
vt 0.440476 0.642857
vt 0.446429 0.630952
vt 0.446429 0.642857
vt 0.434524 0.607143
vt 0.440476 0.607143
vt 0.434524 0.571429
vt 0.434524 0.583333
vt 0.428571 0.583333
vt 0.434524 0.595238
vt 0.428571 0.595238
vt 0.440476 0.571429
vt 0.440476 0.583333
vt 0.440476 0.595238
vt 0.446429 0.583333
vt 0.446429 0.595238
vt 0.434524 0.559524
vt 0.440476 0.559524
vt 0.434524 0.523810
vt 0.434524 0.535714
vt 0.428571 0.535714
vt 0.434524 0.547619
vt 0.428571 0.547619
vt 0.440476 0.523810
vt 0.440476 0.535714
vt 0.440476 0.547619
vt 0.446429 0.535714
vt 0.446429 0.547619
vt 0.434524 0.511905
vt 0.440476 0.511905
vt 0.434524 0.476190
vt 0.434524 0.488095
vt 0.428571 0.488095
vt 0.434524 0.500000
vt 0.428571 0.500000
vt 0.440476 0.476190
vt 0.440476 0.488095
vt 0.440476 0.500000
vt 0.446429 0.488095
vt 0.446429 0.500000
vt 0.434524 0.464286
vt 0.440476 0.464286
vt 0.434524 0.428571
vt 0.434524 0.440476
vt 0.428571 0.440476
vt 0.434524 0.452381
vt 0.428571 0.452381
vt 0.440476 0.428571
vt 0.440476 0.440476
vt 0.440476 0.452381
vt 0.446429 0.440476
vt 0.446429 0.452381
vt 0.434524 0.416667
vt 0.440476 0.416667
vt 0.434524 0.380952
vt 0.434524 0.392857
vt 0.428571 0.392857
vt 0.434524 0.404762
vt 0.428571 0.404762
vt 0.440476 0.380952
vt 0.440476 0.392857
vt 0.440476 0.404762
vt 0.446429 0.392857
vt 0.446429 0.404762
vt 0.434524 0.369048
vt 0.440476 0.369048
vt 0.434524 0.333333
vt 0.434524 0.345238
vt 0.428571 0.345238
vt 0.434524 0.357143
vt 0.428571 0.357143
vt 0.440476 0.333333
vt 0.440476 0.345238
vt 0.440476 0.357143
vt 0.446429 0.345238
vt 0.446429 0.357143
vt 0.434524 0.321429
vt 0.440476 0.321429
vt 0.434524 0.285714
vt 0.434524 0.297619
vt 0.428571 0.297619
vt 0.434524 0.309524
vt 0.428571 0.309524
vt 0.440476 0.285714
vt 0.440476 0.297619
vt 0.440476 0.309524
vt 0.446429 0.297619
vt 0.446429 0.309524
vt 0.434524 0.273809
vt 0.440476 0.273809
vt 0.434524 0.238095
vt 0.434524 0.250000
vt 0.428571 0.250000
vt 0.434524 0.261905
vt 0.428571 0.261905
vt 0.440476 0.238095
vt 0.440476 0.250000
vt 0.440476 0.261905
vt 0.446429 0.250000
vt 0.446429 0.261905
vt 0.434524 0.226190
vt 0.440476 0.226190
vt 0.434524 0.190476
vt 0.434524 0.202381
vt 0.428571 0.202381
vt 0.434524 0.214286
vt 0.428571 0.214286
vt 0.440476 0.190476
vt 0.440476 0.202381
vt 0.440476 0.214286
vt 0.446429 0.202381
vt 0.446429 0.214286
vt 0.434524 0.178571
vt 0.440476 0.178571
vt 0.434524 0.142857
vt 0.434524 0.154762
vt 0.428571 0.154762
vt 0.434524 0.166667
vt 0.428571 0.166667
vt 0.440476 0.142857
vt 0.440476 0.154762
vt 0.440476 0.166667
vt 0.446429 0.154762
vt 0.446429 0.166667
vt 0.434524 0.130952
vt 0.440476 0.130952
vt 0.434524 0.095238
vt 0.434524 0.107143
vt 0.428571 0.107143
vt 0.434524 0.119048
vt 0.428571 0.119048
vt 0.440476 0.095238
vt 0.440476 0.107143
vt 0.440476 0.119048
vt 0.446429 0.107143
vt 0.446429 0.119048
vt 0.434524 0.083333
vt 0.440476 0.083333
vt 0.434524 0.047619
vt 0.434524 0.059524
vt 0.428571 0.059524
vt 0.434524 0.071429
vt 0.428571 0.071429
vt 0.440476 0.047619
vt 0.440476 0.059524
vt 0.440476 0.071429
vt 0.446429 0.059524
vt 0.446429 0.071429
vt 0.434524 0.035714
vt 0.440476 0.035714
vt 0.428571 0.000000
vt 0.434524 0.000000
vt 0.434524 0.011905
vt 0.428571 0.011905
vt 0.434524 0.023810
vt 0.428571 0.023810
vt 0.440476 0.000000
vt 0.440476 0.011905
vt 0.440476 0.023810
vt 0.446429 0.000000
vt 0.446429 0.011905
vt 0.446429 0.023810
vt 0.410714 0.940476
vt 0.410714 0.952381
vt 0.416667 0.940476
vt 0.416667 0.952381
vt 0.410714 0.904762
vt 0.410714 0.916667
vt 0.404762 0.916667
vt 0.410714 0.928571
vt 0.404762 0.928571
vt 0.416667 0.904762
vt 0.416667 0.916667
vt 0.416667 0.928571
vt 0.422619 0.916667
vt 0.422619 0.928571
vt 0.410714 0.892857
vt 0.416667 0.892857
vt 0.410714 0.857143
vt 0.410714 0.869048
vt 0.404762 0.869048
vt 0.410714 0.880952
vt 0.404762 0.880952
vt 0.416667 0.857143
vt 0.416667 0.869048
vt 0.416667 0.880952
vt 0.422619 0.869048
vt 0.422619 0.880952
vt 0.410714 0.845238
vt 0.416667 0.845238
vt 0.410714 0.809524
vt 0.410714 0.821429
vt 0.404762 0.821429
vt 0.410714 0.833333
vt 0.404762 0.833333
vt 0.416667 0.809524
vt 0.416667 0.821429
vt 0.416667 0.833333
vt 0.422619 0.821429
vt 0.422619 0.833333
vt 0.410714 0.797619
vt 0.416667 0.797619
vt 0.410714 0.761905
vt 0.410714 0.773809
vt 0.404762 0.773810
vt 0.410714 0.785714
vt 0.404762 0.785714
vt 0.416667 0.761905
vt 0.416667 0.773809
vt 0.416667 0.785714
vt 0.422619 0.773810
vt 0.422619 0.785714
vt 0.410714 0.750000
vt 0.416667 0.750000
vt 0.410714 0.714286
vt 0.410714 0.726190
vt 0.404762 0.726190
vt 0.410714 0.738095
vt 0.404762 0.738095
vt 0.416667 0.714286
vt 0.416667 0.726190
vt 0.416667 0.738095
vt 0.422619 0.726190
vt 0.422619 0.738095
vt 0.410714 0.702381
vt 0.416667 0.702381
vt 0.410714 0.666667
vt 0.410714 0.678571
vt 0.404762 0.678571
vt 0.410714 0.690476
vt 0.404762 0.690476
vt 0.416667 0.666667
vt 0.416667 0.678571
vt 0.416667 0.690476
vt 0.422619 0.678571
vt 0.422619 0.690476
vt 0.410714 0.654762
vt 0.416667 0.654762
vt 0.410714 0.619048
vt 0.410714 0.630952
vt 0.404762 0.630952
vt 0.410714 0.642857
vt 0.404762 0.642857
vt 0.416667 0.619048
vt 0.416667 0.630952
vt 0.416667 0.642857
vt 0.422619 0.630952
vt 0.422619 0.642857
vt 0.410714 0.607143
vt 0.416667 0.607143
vt 0.410714 0.571429
vt 0.410714 0.583333
vt 0.404762 0.583333
vt 0.410714 0.595238
vt 0.404762 0.595238
vt 0.416667 0.571429
vt 0.416667 0.583333
vt 0.416667 0.595238
vt 0.422619 0.583333
vt 0.422619 0.595238
vt 0.410714 0.559524
vt 0.416667 0.559524
vt 0.410714 0.523810
vt 0.410714 0.535714
vt 0.404762 0.535714
vt 0.410714 0.547619
vt 0.404762 0.547619
vt 0.416667 0.523810
vt 0.416667 0.535714
vt 0.416667 0.547619
vt 0.422619 0.535714
vt 0.422619 0.547619
vt 0.410714 0.511905
vt 0.416667 0.511905
vt 0.410714 0.476190
vt 0.410714 0.488095
vt 0.404762 0.488095
vt 0.410714 0.500000
vt 0.404762 0.500000
vt 0.416667 0.476190
vt 0.416667 0.488095
vt 0.416667 0.500000
vt 0.422619 0.488095
vt 0.422619 0.500000
vt 0.410714 0.464286
vt 0.416667 0.464286
vt 0.410714 0.428571
vt 0.410714 0.440476
vt 0.404762 0.440476
vt 0.410714 0.452381
vt 0.404762 0.452381
vt 0.416667 0.428571
vt 0.416667 0.440476
vt 0.416667 0.452381
vt 0.422619 0.440476
vt 0.422619 0.452381
vt 0.410714 0.416667
vt 0.416667 0.416667
vt 0.410714 0.380952
vt 0.410714 0.392857
vt 0.404762 0.392857
vt 0.410714 0.404762
vt 0.404762 0.404762
vt 0.416667 0.380952
vt 0.416667 0.392857
vt 0.416667 0.404762
vt 0.422619 0.392857
vt 0.422619 0.404762
vt 0.410714 0.369048
vt 0.416667 0.369048
vt 0.410714 0.333333
vt 0.410714 0.345238
vt 0.404762 0.345238
vt 0.410714 0.357143
vt 0.404762 0.357143
vt 0.416667 0.333333
vt 0.416667 0.345238
vt 0.416667 0.357143
vt 0.422619 0.345238
vt 0.422619 0.357143
vt 0.410714 0.321429
vt 0.416667 0.321429
vt 0.410714 0.285714
vt 0.410714 0.297619
vt 0.404762 0.297619
vt 0.410714 0.309524
vt 0.404762 0.309524
vt 0.416667 0.285714
vt 0.416667 0.297619
vt 0.416667 0.309524
vt 0.422619 0.297619
vt 0.422619 0.309524
vt 0.410714 0.273809
vt 0.416667 0.273809
vt 0.410714 0.238095
vt 0.410714 0.250000
vt 0.404762 0.250000
vt 0.410714 0.261905
vt 0.404762 0.261905
vt 0.416667 0.238095
vt 0.416667 0.250000
vt 0.416667 0.261905
vt 0.422619 0.250000
vt 0.422619 0.261905
vt 0.410714 0.226190
vt 0.416667 0.226190
vt 0.410714 0.190476
vt 0.410714 0.202381
vt 0.404762 0.202381
vt 0.410714 0.214286
vt 0.404762 0.214286
vt 0.416667 0.190476
vt 0.416667 0.202381
vt 0.416667 0.214286
vt 0.422619 0.202381
vt 0.422619 0.214286
vt 0.410714 0.178571
vt 0.416667 0.178571
vt 0.410714 0.142857
vt 0.410714 0.154762
vt 0.404762 0.154762
vt 0.410714 0.166667
vt 0.404762 0.166667
vt 0.416667 0.142857
vt 0.416667 0.154762
vt 0.416667 0.166667
vt 0.422619 0.154762
vt 0.422619 0.166667
vt 0.410714 0.130952
vt 0.416667 0.130952
vt 0.410714 0.095238
vt 0.410714 0.107143
vt 0.404762 0.107143
vt 0.410714 0.119048
vt 0.404762 0.119048
vt 0.416667 0.095238
vt 0.416667 0.107143
vt 0.416667 0.119048
vt 0.422619 0.107143
vt 0.422619 0.119048
vt 0.410714 0.083333
vt 0.416667 0.083333
vt 0.410714 0.047619
vt 0.410714 0.059524
vt 0.404762 0.059524
vt 0.410714 0.071429
vt 0.404762 0.071429
vt 0.416667 0.047619
vt 0.416667 0.059524
vt 0.416667 0.071429
vt 0.422619 0.059524
vt 0.422619 0.071429
vt 0.410714 0.035714
vt 0.416667 0.035714
vt 0.404762 0.000000
vt 0.410714 0.000000
vt 0.410714 0.011905
vt 0.404762 0.011905
vt 0.410714 0.023810
vt 0.404762 0.023810
vt 0.416667 0.000000
vt 0.416667 0.011905
vt 0.416667 0.023810
vt 0.422619 0.000000
vt 0.422619 0.011905
vt 0.422619 0.023810
vt 0.386905 0.940476
vt 0.386905 0.952381
vt 0.392857 0.940476
vt 0.392857 0.952381
vt 0.386905 0.904762
vt 0.386905 0.916667
vt 0.380952 0.916667
vt 0.386905 0.928571
vt 0.380952 0.928571
vt 0.392857 0.904762
vt 0.392857 0.916667
vt 0.392857 0.928571
vt 0.398810 0.916667
vt 0.398809 0.928571
vt 0.386905 0.892857
vt 0.392857 0.892857
vt 0.386905 0.857143
vt 0.386905 0.869048
vt 0.380952 0.869048
vt 0.386905 0.880952
vt 0.380952 0.880952
vt 0.392857 0.857143
vt 0.392857 0.869048
vt 0.392857 0.880952
vt 0.398810 0.869048
vt 0.398809 0.880952
vt 0.386905 0.845238
vt 0.392857 0.845238
vt 0.386905 0.809524
vt 0.386905 0.821429
vt 0.380952 0.821429
vt 0.386905 0.833333
vt 0.380952 0.833333
vt 0.392857 0.809524
vt 0.392857 0.821429
vt 0.392857 0.833333
vt 0.398810 0.821429
vt 0.398809 0.833333
vt 0.386905 0.797619
vt 0.392857 0.797619
vt 0.386905 0.761905
vt 0.386905 0.773809
vt 0.380952 0.773810
vt 0.386905 0.785714
vt 0.380952 0.785714
vt 0.392857 0.761905
vt 0.392857 0.773809
vt 0.392857 0.785714
vt 0.398810 0.773810
vt 0.398809 0.785714
vt 0.386905 0.750000
vt 0.392857 0.750000
vt 0.386905 0.714286
vt 0.386905 0.726190
vt 0.380952 0.726190
vt 0.386905 0.738095
vt 0.380952 0.738095
vt 0.392857 0.714286
vt 0.392857 0.726190
vt 0.392857 0.738095
vt 0.398810 0.726190
vt 0.398810 0.738095
vt 0.386905 0.702381
vt 0.392857 0.702381
vt 0.386905 0.666667
vt 0.386905 0.678571
vt 0.380952 0.678571
vt 0.386905 0.690476
vt 0.380952 0.690476
vt 0.392857 0.666667
vt 0.392857 0.678571
vt 0.392857 0.690476
vt 0.398810 0.678571
vt 0.398810 0.690476
vt 0.386905 0.654762
vt 0.392857 0.654762
vt 0.386905 0.619048
vt 0.386905 0.630952
vt 0.380952 0.630952
vt 0.386905 0.642857
vt 0.380952 0.642857
vt 0.392857 0.619048
vt 0.392857 0.630952
vt 0.392857 0.642857
vt 0.398810 0.630952
vt 0.398810 0.642857
vt 0.386905 0.607143
vt 0.392857 0.607143
vt 0.386905 0.571429
vt 0.386905 0.583333
vt 0.380952 0.583333
vt 0.386905 0.595238
vt 0.380952 0.595238
vt 0.392857 0.571429
vt 0.392857 0.583333
vt 0.392857 0.595238
vt 0.398810 0.583333
vt 0.398809 0.595238
vt 0.386905 0.559524
vt 0.392857 0.559524
vt 0.386905 0.523810
vt 0.386905 0.535714
vt 0.380952 0.535714
vt 0.386905 0.547619
vt 0.380952 0.547619
vt 0.392857 0.523810
vt 0.392857 0.535714
vt 0.392857 0.547619
vt 0.398810 0.535714
vt 0.398809 0.547619
vt 0.386905 0.511905
vt 0.392857 0.511905
vt 0.386905 0.476190
vt 0.386905 0.488095
vt 0.380952 0.488095
vt 0.386905 0.500000
vt 0.380952 0.500000
vt 0.392857 0.476190
vt 0.392857 0.488095
vt 0.392857 0.500000
vt 0.398810 0.488095
vt 0.398810 0.500000
vt 0.386905 0.464286
vt 0.392857 0.464286
vt 0.386905 0.428571
vt 0.386905 0.440476
vt 0.380952 0.440476
vt 0.386905 0.452381
vt 0.380952 0.452381
vt 0.392857 0.428571
vt 0.392857 0.440476
vt 0.392857 0.452381
vt 0.398810 0.440476
vt 0.398810 0.452381
vt 0.386905 0.416667
vt 0.392857 0.416667
vt 0.386905 0.380952
vt 0.386905 0.392857
vt 0.380952 0.392857
vt 0.386905 0.404762
vt 0.380952 0.404762
vt 0.392857 0.380952
vt 0.392857 0.392857
vt 0.392857 0.404762
vt 0.398810 0.392857
vt 0.398810 0.404762
vt 0.386905 0.369048
vt 0.392857 0.369048
vt 0.386905 0.333333
vt 0.386905 0.345238
vt 0.380952 0.345238
vt 0.386905 0.357143
vt 0.380952 0.357143
vt 0.392857 0.333333
vt 0.392857 0.345238
vt 0.392857 0.357143
vt 0.398810 0.345238
vt 0.398810 0.357143
vt 0.386905 0.321429
vt 0.392857 0.321429
vt 0.386905 0.285714
vt 0.386905 0.297619
vt 0.380952 0.297619
vt 0.386905 0.309524
vt 0.380952 0.309524
vt 0.392857 0.285714
vt 0.392857 0.297619
vt 0.392857 0.309524
vt 0.398810 0.297619
vt 0.398810 0.309524
vt 0.386905 0.273809
vt 0.392857 0.273809
vt 0.386905 0.238095
vt 0.386905 0.250000
vt 0.380952 0.250000
vt 0.386905 0.261905
vt 0.380952 0.261905
vt 0.392857 0.238095
vt 0.392857 0.250000
vt 0.392857 0.261905
vt 0.398810 0.250000
vt 0.398810 0.261905
vt 0.386905 0.226190
vt 0.392857 0.226190
vt 0.386905 0.190476
vt 0.386905 0.202381
vt 0.380952 0.202381
vt 0.386905 0.214286
vt 0.380952 0.214286
vt 0.392857 0.190476
vt 0.392857 0.202381
vt 0.392857 0.214286
vt 0.398810 0.202381
vt 0.398810 0.214286
vt 0.386905 0.178571
vt 0.392857 0.178571
vt 0.386905 0.142857
vt 0.386905 0.154762
vt 0.380952 0.154762
vt 0.386905 0.166667
vt 0.380952 0.166667
vt 0.392857 0.142857
vt 0.392857 0.154762
vt 0.392857 0.166667
vt 0.398810 0.154762
vt 0.398810 0.166667
vt 0.386905 0.130952
vt 0.392857 0.130952
vt 0.386905 0.095238
vt 0.386905 0.107143
vt 0.380952 0.107143
vt 0.386905 0.119048
vt 0.380952 0.119048
vt 0.392857 0.095238
vt 0.392857 0.107143
vt 0.392857 0.119048
vt 0.398810 0.107143
vt 0.398809 0.119048
vt 0.386905 0.083333
vt 0.392857 0.083333
vt 0.386905 0.047619
vt 0.386905 0.059524
vt 0.380952 0.059524
vt 0.386905 0.071429
vt 0.380952 0.071429
vt 0.392857 0.047619
vt 0.392857 0.059524
vt 0.392857 0.071429
vt 0.398810 0.059524
vt 0.398809 0.071429
vt 0.386905 0.035714
vt 0.392857 0.035714
vt 0.380952 0.000000
vt 0.386905 0.000000
vt 0.386905 0.011905
vt 0.380952 0.011905
vt 0.386905 0.023810
vt 0.380952 0.023810
vt 0.392857 0.000000
vt 0.392857 0.011905
vt 0.392857 0.023810
vt 0.398810 0.000000
vt 0.398810 0.011905
vt 0.398809 0.023810
vt 0.363095 0.940476
vt 0.363095 0.952381
vt 0.369048 0.940476
vt 0.369048 0.952381
vt 0.363095 0.904762
vt 0.363095 0.916667
vt 0.357143 0.916667
vt 0.363095 0.928571
vt 0.357143 0.928571
vt 0.369048 0.904762
vt 0.369048 0.916667
vt 0.369048 0.928571
vt 0.375000 0.916667
vt 0.375000 0.928571
vt 0.363095 0.892857
vt 0.369048 0.892857
vt 0.363095 0.857143
vt 0.363095 0.869048
vt 0.357143 0.869048
vt 0.363095 0.880952
vt 0.357143 0.880952
vt 0.369048 0.857143
vt 0.369048 0.869048
vt 0.369048 0.880952
vt 0.375000 0.869048
vt 0.375000 0.880952
vt 0.363095 0.845238
vt 0.369048 0.845238
vt 0.363095 0.809524
vt 0.363095 0.821429
vt 0.357143 0.821429
vt 0.363095 0.833333
vt 0.357143 0.833333
vt 0.369048 0.809524
vt 0.369048 0.821429
vt 0.369048 0.833333
vt 0.375000 0.821429
vt 0.375000 0.833333
vt 0.363095 0.797619
vt 0.369048 0.797619
vt 0.363095 0.761905
vt 0.363095 0.773809
vt 0.357143 0.773810
vt 0.363095 0.785714
vt 0.357143 0.785714
vt 0.369048 0.761905
vt 0.369048 0.773809
vt 0.369048 0.785714
vt 0.375000 0.773810
vt 0.375000 0.785714
vt 0.363095 0.750000
vt 0.369048 0.750000
vt 0.363095 0.714286
vt 0.363095 0.726190
vt 0.357143 0.726190
vt 0.363095 0.738095
vt 0.357143 0.738095
vt 0.369048 0.714286
vt 0.369048 0.726190
vt 0.369048 0.738095
vt 0.375000 0.726190
vt 0.375000 0.738095
vt 0.363095 0.702381
vt 0.369048 0.702381
vt 0.363095 0.666667
vt 0.363095 0.678571
vt 0.357143 0.678571
vt 0.363095 0.690476
vt 0.357143 0.690476
vt 0.369048 0.666667
vt 0.369048 0.678571
vt 0.369048 0.690476
vt 0.375000 0.678571
vt 0.375000 0.690476
vt 0.363095 0.654762
vt 0.369048 0.654762
vt 0.363095 0.619048
vt 0.363095 0.630952
vt 0.357143 0.630952
vt 0.363095 0.642857
vt 0.357143 0.642857
vt 0.369048 0.619048
vt 0.369048 0.630952
vt 0.369048 0.642857
vt 0.375000 0.630952
vt 0.375000 0.642857
vt 0.363095 0.607143
vt 0.369048 0.607143
vt 0.363095 0.571429
vt 0.363095 0.583333
vt 0.357143 0.583333
vt 0.363095 0.595238
vt 0.357143 0.595238
vt 0.369048 0.571429
vt 0.369048 0.583333
vt 0.369048 0.595238
vt 0.375000 0.583333
vt 0.375000 0.595238
vt 0.363095 0.559524
vt 0.369048 0.559524
vt 0.363095 0.523810
vt 0.363095 0.535714
vt 0.357143 0.535714
vt 0.363095 0.547619
vt 0.357143 0.547619
vt 0.369048 0.523810
vt 0.369048 0.535714
vt 0.369048 0.547619
vt 0.375000 0.535714
vt 0.375000 0.547619
vt 0.363095 0.511905
vt 0.369048 0.511905
vt 0.363095 0.476190
vt 0.363095 0.488095
vt 0.357143 0.488095
vt 0.363095 0.500000
vt 0.357143 0.500000
vt 0.369048 0.476190
vt 0.369048 0.488095
vt 0.369048 0.500000
vt 0.375000 0.488095
vt 0.375000 0.500000
vt 0.363095 0.464286
vt 0.369048 0.464286
vt 0.363095 0.428571
vt 0.363095 0.440476
vt 0.357143 0.440476
vt 0.363095 0.452381
vt 0.357143 0.452381
vt 0.369048 0.428571
vt 0.369048 0.440476
vt 0.369048 0.452381
vt 0.375000 0.440476
vt 0.375000 0.452381
vt 0.363095 0.416667
vt 0.369048 0.416667
vt 0.363095 0.380952
vt 0.363095 0.392857
vt 0.357143 0.392857
vt 0.363095 0.404762
vt 0.357143 0.404762
vt 0.369048 0.380952
vt 0.369048 0.392857
vt 0.369048 0.404762
vt 0.375000 0.392857
vt 0.375000 0.404762
vt 0.363095 0.369048
vt 0.369048 0.369048
vt 0.363095 0.333333
vt 0.363095 0.345238
vt 0.357143 0.345238
vt 0.363095 0.357143
vt 0.357143 0.357143
vt 0.369048 0.333333
vt 0.369048 0.345238
vt 0.369048 0.357143
vt 0.375000 0.345238
vt 0.375000 0.357143
vt 0.363095 0.321429
vt 0.369048 0.321429
vt 0.363095 0.285714
vt 0.363095 0.297619
vt 0.357143 0.297619
vt 0.363095 0.309524
vt 0.357143 0.309524
vt 0.369048 0.285714
vt 0.369048 0.297619
vt 0.369048 0.309524
vt 0.375000 0.297619
vt 0.375000 0.309524
vt 0.363095 0.273809
vt 0.369048 0.273809
vt 0.363095 0.238095
vt 0.363095 0.250000
vt 0.357143 0.250000
vt 0.363095 0.261905
vt 0.357143 0.261905
vt 0.369048 0.238095
vt 0.369048 0.250000
vt 0.369048 0.261905
vt 0.375000 0.250000
vt 0.375000 0.261905
vt 0.363095 0.226190
vt 0.369048 0.226190
vt 0.363095 0.190476
vt 0.363095 0.202381
vt 0.357143 0.202381
vt 0.363095 0.214286
vt 0.357143 0.214286
vt 0.369048 0.190476
vt 0.369048 0.202381
vt 0.369048 0.214286
vt 0.375000 0.202381
vt 0.375000 0.214286
vt 0.363095 0.178571
vt 0.369048 0.178571
vt 0.363095 0.142857
vt 0.363095 0.154762
vt 0.357143 0.154762
vt 0.363095 0.166667
vt 0.357143 0.166667
vt 0.369048 0.142857
vt 0.369048 0.154762
vt 0.369048 0.166667
vt 0.375000 0.154762
vt 0.375000 0.166667
vt 0.363095 0.130952
vt 0.369048 0.130952
vt 0.363095 0.095238
vt 0.363095 0.107143
vt 0.357143 0.107143
vt 0.363095 0.119048
vt 0.357143 0.119048
vt 0.369048 0.095238
vt 0.369048 0.107143
vt 0.369048 0.119048
vt 0.375000 0.107143
vt 0.375000 0.119048
vt 0.363095 0.083333
vt 0.369048 0.083333
vt 0.363095 0.047619
vt 0.363095 0.059524
vt 0.357143 0.059524
vt 0.363095 0.071429
vt 0.357143 0.071429
vt 0.369048 0.047619
vt 0.369048 0.059524
vt 0.369048 0.071429
vt 0.375000 0.059524
vt 0.375000 0.071429
vt 0.363095 0.035714
vt 0.369048 0.035714
vt 0.357143 0.000000
vt 0.363095 0.000000
vt 0.363095 0.011905
vt 0.357143 0.011905
vt 0.363095 0.023810
vt 0.357143 0.023810
vt 0.369048 0.000000
vt 0.369048 0.011905
vt 0.369048 0.023810
vt 0.375000 0.000000
vt 0.375000 0.011905
vt 0.375000 0.023810
vt 0.339286 0.940476
vt 0.339286 0.952381
vt 0.345238 0.940476
vt 0.345238 0.952381
vt 0.339286 0.904762
vt 0.339286 0.916667
vt 0.333333 0.916667
vt 0.339286 0.928571
vt 0.333333 0.928571
vt 0.345238 0.904762
vt 0.345238 0.916667
vt 0.345238 0.928571
vt 0.351190 0.916667
vt 0.351190 0.928571
vt 0.339286 0.892857
vt 0.345238 0.892857
vt 0.339286 0.857143
vt 0.339286 0.869048
vt 0.333333 0.869048
vt 0.339286 0.880952
vt 0.333333 0.880952
vt 0.345238 0.857143
vt 0.345238 0.869048
vt 0.345238 0.880952
vt 0.351190 0.869048
vt 0.351190 0.880952
vt 0.339286 0.845238
vt 0.345238 0.845238
vt 0.339286 0.809524
vt 0.339286 0.821429
vt 0.333333 0.821429
vt 0.339286 0.833333
vt 0.333333 0.833333
vt 0.345238 0.809524
vt 0.345238 0.821429
vt 0.345238 0.833333
vt 0.351190 0.821429
vt 0.351190 0.833333
vt 0.339286 0.797619
vt 0.345238 0.797619
vt 0.339286 0.761905
vt 0.339286 0.773809
vt 0.333333 0.773810
vt 0.339286 0.785714
vt 0.333333 0.785714
vt 0.345238 0.761905
vt 0.345238 0.773809
vt 0.345238 0.785714
vt 0.351190 0.773810
vt 0.351190 0.785714
vt 0.339286 0.750000
vt 0.345238 0.750000
vt 0.339286 0.714286
vt 0.339286 0.726190
vt 0.333333 0.726190
vt 0.339286 0.738095
vt 0.333333 0.738095
vt 0.345238 0.714286
vt 0.345238 0.726190
vt 0.345238 0.738095
vt 0.351190 0.726190
vt 0.351190 0.738095
vt 0.339286 0.702381
vt 0.345238 0.702381
vt 0.339286 0.666667
vt 0.339286 0.678571
vt 0.333333 0.678571
vt 0.339286 0.690476
vt 0.333333 0.690476
vt 0.345238 0.666667
vt 0.345238 0.678571
vt 0.345238 0.690476
vt 0.351190 0.678571
vt 0.351190 0.690476
vt 0.339286 0.654762
vt 0.345238 0.654762
vt 0.339286 0.619048
vt 0.339286 0.630952
vt 0.333333 0.630952
vt 0.339286 0.642857
vt 0.333333 0.642857
vt 0.345238 0.619048
vt 0.345238 0.630952
vt 0.345238 0.642857
vt 0.351190 0.630952
vt 0.351190 0.642857
vt 0.339286 0.607143
vt 0.345238 0.607143
vt 0.339286 0.571429
vt 0.339286 0.583333
vt 0.333333 0.583333
vt 0.339286 0.595238
vt 0.333333 0.595238
vt 0.345238 0.571429
vt 0.345238 0.583333
vt 0.345238 0.595238
vt 0.351190 0.583333
vt 0.351190 0.595238
vt 0.339286 0.559524
vt 0.345238 0.559524
vt 0.339286 0.523810
vt 0.339286 0.535714
vt 0.333333 0.535714
vt 0.339286 0.547619
vt 0.333333 0.547619
vt 0.345238 0.523810
vt 0.345238 0.535714
vt 0.345238 0.547619
vt 0.351190 0.535714
vt 0.351190 0.547619
vt 0.339286 0.511905
vt 0.345238 0.511905
vt 0.339286 0.476190
vt 0.339286 0.488095
vt 0.333333 0.488095
vt 0.339286 0.500000
vt 0.333333 0.500000
vt 0.345238 0.476190
vt 0.345238 0.488095
vt 0.345238 0.500000
vt 0.351190 0.488095
vt 0.351190 0.500000
vt 0.339286 0.464286
vt 0.345238 0.464286
vt 0.339286 0.428571
vt 0.339286 0.440476
vt 0.333333 0.440476
vt 0.339286 0.452381
vt 0.333333 0.452381
vt 0.345238 0.428571
vt 0.345238 0.440476
vt 0.345238 0.452381
vt 0.351190 0.440476
vt 0.351190 0.452381
vt 0.339286 0.416667
vt 0.345238 0.416667
vt 0.339286 0.380952
vt 0.339286 0.392857
vt 0.333333 0.392857
vt 0.339286 0.404762
vt 0.333333 0.404762
vt 0.345238 0.380952
vt 0.345238 0.392857
vt 0.345238 0.404762
vt 0.351190 0.392857
vt 0.351190 0.404762
vt 0.339286 0.369048
vt 0.345238 0.369048
vt 0.339286 0.333333
vt 0.339286 0.345238
vt 0.333333 0.345238
vt 0.339286 0.357143
vt 0.333333 0.357143
vt 0.345238 0.333333
vt 0.345238 0.345238
vt 0.345238 0.357143
vt 0.351190 0.345238
vt 0.351190 0.357143
vt 0.339286 0.321429
vt 0.345238 0.321429
vt 0.339286 0.285714
vt 0.339286 0.297619
vt 0.333333 0.297619
vt 0.339286 0.309524
vt 0.333333 0.309524
vt 0.345238 0.285714
vt 0.345238 0.297619
vt 0.345238 0.309524
vt 0.351190 0.297619
vt 0.351190 0.309524
vt 0.339286 0.273809
vt 0.345238 0.273809
vt 0.339286 0.238095
vt 0.339286 0.250000
vt 0.333333 0.250000
vt 0.339286 0.261905
vt 0.333333 0.261905
vt 0.345238 0.238095
vt 0.345238 0.250000
vt 0.345238 0.261905
vt 0.351190 0.250000
vt 0.351190 0.261905
vt 0.339286 0.226190
vt 0.345238 0.226190
vt 0.339286 0.190476
vt 0.339286 0.202381
vt 0.333333 0.202381
vt 0.339286 0.214286
vt 0.333333 0.214286
vt 0.345238 0.190476
vt 0.345238 0.202381
vt 0.345238 0.214286
vt 0.351190 0.202381
vt 0.351190 0.214286
vt 0.339286 0.178571
vt 0.345238 0.178571
vt 0.339286 0.142857
vt 0.339286 0.154762
vt 0.333333 0.154762
vt 0.339286 0.166667
vt 0.333333 0.166667
vt 0.345238 0.142857
vt 0.345238 0.154762
vt 0.345238 0.166667
vt 0.351190 0.154762
vt 0.351190 0.166667
vt 0.339286 0.130952
vt 0.345238 0.130952
vt 0.339286 0.095238
vt 0.339286 0.107143
vt 0.333333 0.107143
vt 0.339286 0.119048
vt 0.333333 0.119048
vt 0.345238 0.095238
vt 0.345238 0.107143
vt 0.345238 0.119048
vt 0.351190 0.107143
vt 0.351190 0.119048
vt 0.339286 0.083333
vt 0.345238 0.083333
vt 0.339286 0.047619
vt 0.339286 0.059524
vt 0.333333 0.059524
vt 0.339286 0.071429
vt 0.333333 0.071429
vt 0.345238 0.047619
vt 0.345238 0.059524
vt 0.345238 0.071429
vt 0.351190 0.059524
vt 0.351190 0.071429
vt 0.339286 0.035714
vt 0.345238 0.035714
vt 0.333333 0.000000
vt 0.339286 0.000000
vt 0.339286 0.011905
vt 0.333333 0.011905
vt 0.339286 0.023810
vt 0.333333 0.023810
vt 0.345238 0.000000
vt 0.345238 0.011905
vt 0.345238 0.023810
vt 0.351190 0.000000
vt 0.351190 0.011905
vt 0.351190 0.023810
vt 0.315476 0.940476
vt 0.315476 0.952381
vt 0.321429 0.940476
vt 0.321429 0.952381
vt 0.315476 0.904762
vt 0.315476 0.916667
vt 0.309524 0.916667
vt 0.315476 0.928571
vt 0.309524 0.928571
vt 0.321429 0.904762
vt 0.321429 0.916667
vt 0.321429 0.928571
vt 0.327381 0.916667
vt 0.327381 0.928571
vt 0.315476 0.892857
vt 0.321429 0.892857
vt 0.315476 0.857143
vt 0.315476 0.869048
vt 0.309524 0.869048
vt 0.315476 0.880952
vt 0.309524 0.880952
vt 0.321429 0.857143
vt 0.321429 0.869048
vt 0.321429 0.880952
vt 0.327381 0.869048
vt 0.327381 0.880952
vt 0.315476 0.845238
vt 0.321429 0.845238
vt 0.315476 0.809524
vt 0.315476 0.821429
vt 0.309524 0.821429
vt 0.315476 0.833333
vt 0.309524 0.833333
vt 0.321429 0.809524
vt 0.321429 0.821429
vt 0.321429 0.833333
vt 0.327381 0.821429
vt 0.327381 0.833333
vt 0.315476 0.797619
vt 0.321429 0.797619
vt 0.315476 0.761905
vt 0.315476 0.773809
vt 0.309524 0.773810
vt 0.315476 0.785714
vt 0.309524 0.785714
vt 0.321429 0.761905
vt 0.321429 0.773809
vt 0.321429 0.785714
vt 0.327381 0.773810
vt 0.327381 0.785714
vt 0.315476 0.750000
vt 0.321429 0.750000
vt 0.315476 0.714286
vt 0.315476 0.726190
vt 0.309524 0.726190
vt 0.315476 0.738095
vt 0.309524 0.738095
vt 0.321429 0.714286
vt 0.321429 0.726190
vt 0.321429 0.738095
vt 0.327381 0.726190
vt 0.327381 0.738095
vt 0.315476 0.702381
vt 0.321429 0.702381
vt 0.315476 0.666667
vt 0.315476 0.678571
vt 0.309524 0.678571
vt 0.315476 0.690476
vt 0.309524 0.690476
vt 0.321429 0.666667
vt 0.321429 0.678571
vt 0.321429 0.690476
vt 0.327381 0.678571
vt 0.327381 0.690476
vt 0.315476 0.654762
vt 0.321429 0.654762
vt 0.315476 0.619048
vt 0.315476 0.630952
vt 0.309524 0.630952
vt 0.315476 0.642857
vt 0.309524 0.642857
vt 0.321429 0.619048
vt 0.321429 0.630952
vt 0.321429 0.642857
vt 0.327381 0.630952
vt 0.327381 0.642857
vt 0.315476 0.607143
vt 0.321429 0.607143
vt 0.315476 0.571429
vt 0.315476 0.583333
vt 0.309524 0.583333
vt 0.315476 0.595238
vt 0.309524 0.595238
vt 0.321429 0.571429
vt 0.321429 0.583333
vt 0.321429 0.595238
vt 0.327381 0.583333
vt 0.327381 0.595238
vt 0.315476 0.559524
vt 0.321429 0.559524
vt 0.315476 0.523810
vt 0.315476 0.535714
vt 0.309524 0.535714
vt 0.315476 0.547619
vt 0.309524 0.547619
vt 0.321429 0.523810
vt 0.321429 0.535714
vt 0.321429 0.547619
vt 0.327381 0.535714
vt 0.327381 0.547619
vt 0.315476 0.511905
vt 0.321429 0.511905
vt 0.315476 0.476190
vt 0.315476 0.488095
vt 0.309524 0.488095
vt 0.315476 0.500000
vt 0.309524 0.500000
vt 0.321429 0.476190
vt 0.321429 0.488095
vt 0.321429 0.500000
vt 0.327381 0.488095
vt 0.327381 0.500000
vt 0.315476 0.464286
vt 0.321429 0.464286
vt 0.315476 0.428571
vt 0.315476 0.440476
vt 0.309524 0.440476
vt 0.315476 0.452381
vt 0.309524 0.452381
vt 0.321429 0.428571
vt 0.321429 0.440476
vt 0.321429 0.452381
vt 0.327381 0.440476
vt 0.327381 0.452381
vt 0.315476 0.416667
vt 0.321429 0.416667
vt 0.315476 0.380952
vt 0.315476 0.392857
vt 0.309524 0.392857
vt 0.315476 0.404762
vt 0.309524 0.404762
vt 0.321429 0.380952
vt 0.321429 0.392857
vt 0.321429 0.404762
vt 0.327381 0.392857
vt 0.327381 0.404762
vt 0.315476 0.369048
vt 0.321429 0.369048
vt 0.315476 0.333333
vt 0.315476 0.345238
vt 0.309524 0.345238
vt 0.315476 0.357143
vt 0.309524 0.357143
vt 0.321429 0.333333
vt 0.321429 0.345238
vt 0.321429 0.357143
vt 0.327381 0.345238
vt 0.327381 0.357143
vt 0.315476 0.321429
vt 0.321429 0.321429
vt 0.315476 0.285714
vt 0.315476 0.297619
vt 0.309524 0.297619
vt 0.315476 0.309524
vt 0.309524 0.309524
vt 0.321429 0.285714
vt 0.321429 0.297619
vt 0.321429 0.309524
vt 0.327381 0.297619
vt 0.327381 0.309524
vt 0.315476 0.273809
vt 0.321429 0.273809
vt 0.315476 0.238095
vt 0.315476 0.250000
vt 0.309524 0.250000
vt 0.315476 0.261905
vt 0.309524 0.261905
vt 0.321429 0.238095
vt 0.321429 0.250000
vt 0.321429 0.261905
vt 0.327381 0.250000
vt 0.327381 0.261905
vt 0.315476 0.226190
vt 0.321429 0.226190
vt 0.315476 0.190476
vt 0.315476 0.202381
vt 0.309524 0.202381
vt 0.315476 0.214286
vt 0.309524 0.214286
vt 0.321429 0.190476
vt 0.321429 0.202381
vt 0.321429 0.214286
vt 0.327381 0.202381
vt 0.327381 0.214286
vt 0.315476 0.178571
vt 0.321429 0.178571
vt 0.315476 0.142857
vt 0.315476 0.154762
vt 0.309524 0.154762
vt 0.315476 0.166667
vt 0.309524 0.166667
vt 0.321429 0.142857
vt 0.321429 0.154762
vt 0.321429 0.166667
vt 0.327381 0.154762
vt 0.327381 0.166667
vt 0.315476 0.130952
vt 0.321429 0.130952
vt 0.315476 0.095238
vt 0.315476 0.107143
vt 0.309524 0.107143
vt 0.315476 0.119048
vt 0.309524 0.119048
vt 0.321429 0.095238
vt 0.321429 0.107143
vt 0.321429 0.119048
vt 0.327381 0.107143
vt 0.327381 0.119048
vt 0.315476 0.083333
vt 0.321429 0.083333
vt 0.315476 0.047619
vt 0.315476 0.059524
vt 0.309524 0.059524
vt 0.315476 0.071429
vt 0.309524 0.071429
vt 0.321429 0.047619
vt 0.321429 0.059524
vt 0.321429 0.071429
vt 0.327381 0.059524
vt 0.327381 0.071429
vt 0.315476 0.035714
vt 0.321429 0.035714
vt 0.309524 0.000000
vt 0.315476 0.000000
vt 0.315476 0.011905
vt 0.309524 0.011905
vt 0.315476 0.023810
vt 0.309524 0.023810
vt 0.321429 0.000000
vt 0.321429 0.011905
vt 0.321429 0.023810
vt 0.327381 0.000000
vt 0.327381 0.011905
vt 0.327381 0.023810
vt 0.291667 0.940476
vt 0.291667 0.952381
vt 0.297619 0.940476
vt 0.297619 0.952381
vt 0.291667 0.904762
vt 0.291667 0.916667
vt 0.285714 0.916667
vt 0.291667 0.928571
vt 0.285714 0.928571
vt 0.297619 0.904762
vt 0.297619 0.916667
vt 0.297619 0.928571
vt 0.303571 0.916667
vt 0.303571 0.928571
vt 0.291667 0.892857
vt 0.297619 0.892857
vt 0.291667 0.857143
vt 0.291667 0.869048
vt 0.285714 0.869048
vt 0.291667 0.880952
vt 0.285714 0.880952
vt 0.297619 0.857143
vt 0.297619 0.869048
vt 0.297619 0.880952
vt 0.303571 0.869048
vt 0.303571 0.880952
vt 0.291667 0.845238
vt 0.297619 0.845238
vt 0.291667 0.809524
vt 0.291667 0.821429
vt 0.285714 0.821429
vt 0.291667 0.833333
vt 0.285714 0.833333
vt 0.297619 0.809524
vt 0.297619 0.821429
vt 0.297619 0.833333
vt 0.303571 0.821429
vt 0.303571 0.833333
vt 0.291667 0.797619
vt 0.297619 0.797619
vt 0.291667 0.761905
vt 0.291667 0.773809
vt 0.285714 0.773810
vt 0.291667 0.785714
vt 0.285714 0.785714
vt 0.297619 0.761905
vt 0.297619 0.773809
vt 0.297619 0.785714
vt 0.303571 0.773810
vt 0.303571 0.785714
vt 0.291667 0.750000
vt 0.297619 0.750000
vt 0.291667 0.714286
vt 0.291667 0.726190
vt 0.285714 0.726190
vt 0.291667 0.738095
vt 0.285714 0.738095
vt 0.297619 0.714286
vt 0.297619 0.726190
vt 0.297619 0.738095
vt 0.303571 0.726190
vt 0.303571 0.738095
vt 0.291667 0.702381
vt 0.297619 0.702381
vt 0.291667 0.666667
vt 0.291667 0.678571
vt 0.285714 0.678571
vt 0.291667 0.690476
vt 0.285714 0.690476
vt 0.297619 0.666667
vt 0.297619 0.678571
vt 0.297619 0.690476
vt 0.303571 0.678571
vt 0.303571 0.690476
vt 0.291667 0.654762
vt 0.297619 0.654762
vt 0.291667 0.619048
vt 0.291667 0.630952
vt 0.285714 0.630952
vt 0.291667 0.642857
vt 0.285714 0.642857
vt 0.297619 0.619048
vt 0.297619 0.630952
vt 0.297619 0.642857
vt 0.303571 0.630952
vt 0.303571 0.642857
vt 0.291667 0.607143
vt 0.297619 0.607143
vt 0.291667 0.571429
vt 0.291667 0.583333
vt 0.285714 0.583333
vt 0.291667 0.595238
vt 0.285714 0.595238
vt 0.297619 0.571429
vt 0.297619 0.583333
vt 0.297619 0.595238
vt 0.303571 0.583333
vt 0.303571 0.595238
vt 0.291667 0.559524
vt 0.297619 0.559524
vt 0.291667 0.523810
vt 0.291667 0.535714
vt 0.285714 0.535714
vt 0.291667 0.547619
vt 0.285714 0.547619
vt 0.297619 0.523810
vt 0.297619 0.535714
vt 0.297619 0.547619
vt 0.303571 0.535714
vt 0.303571 0.547619
vt 0.291667 0.511905
vt 0.297619 0.511905
vt 0.291667 0.476190
vt 0.291667 0.488095
vt 0.285714 0.488095
vt 0.291667 0.500000
vt 0.285714 0.500000
vt 0.297619 0.476190
vt 0.297619 0.488095
vt 0.297619 0.500000
vt 0.303571 0.488095
vt 0.303571 0.500000
vt 0.291667 0.464286
vt 0.297619 0.464286
vt 0.291667 0.428571
vt 0.291667 0.440476
vt 0.285714 0.440476
vt 0.291667 0.452381
vt 0.285714 0.452381
vt 0.297619 0.428571
vt 0.297619 0.440476
vt 0.297619 0.452381
vt 0.303571 0.440476
vt 0.303571 0.452381
vt 0.291667 0.416667
vt 0.297619 0.416667
vt 0.291667 0.380952
vt 0.291667 0.392857
vt 0.285714 0.392857
vt 0.291667 0.404762
vt 0.285714 0.404762
vt 0.297619 0.380952
vt 0.297619 0.392857
vt 0.297619 0.404762
vt 0.303571 0.392857
vt 0.303571 0.404762
vt 0.291667 0.369048
vt 0.297619 0.369048
vt 0.291667 0.333333
vt 0.291667 0.345238
vt 0.285714 0.345238
vt 0.291667 0.357143
vt 0.285714 0.357143
vt 0.297619 0.333333
vt 0.297619 0.345238
vt 0.297619 0.357143
vt 0.303571 0.345238
vt 0.303571 0.357143
vt 0.291667 0.321429
vt 0.297619 0.321429
vt 0.291667 0.285714
vt 0.291667 0.297619
vt 0.285714 0.297619
vt 0.291667 0.309524
vt 0.285714 0.309524
vt 0.297619 0.285714
vt 0.297619 0.297619
vt 0.297619 0.309524
vt 0.303571 0.297619
vt 0.303571 0.309524
vt 0.291667 0.273809
vt 0.297619 0.273809
vt 0.291667 0.238095
vt 0.291667 0.250000
vt 0.285714 0.250000
vt 0.291667 0.261905
vt 0.285714 0.261905
vt 0.297619 0.238095
vt 0.297619 0.250000
vt 0.297619 0.261905
vt 0.303571 0.250000
vt 0.303571 0.261905
vt 0.291667 0.226190
vt 0.297619 0.226190
vt 0.291667 0.190476
vt 0.291667 0.202381
vt 0.285714 0.202381
vt 0.291667 0.214286
vt 0.285714 0.214286
vt 0.297619 0.190476
vt 0.297619 0.202381
vt 0.297619 0.214286
vt 0.303571 0.202381
vt 0.303571 0.214286
vt 0.291667 0.178571
vt 0.297619 0.178571
vt 0.291667 0.142857
vt 0.291667 0.154762
vt 0.285714 0.154762
vt 0.291667 0.166667
vt 0.285714 0.166667
vt 0.297619 0.142857
vt 0.297619 0.154762
vt 0.297619 0.166667
vt 0.303571 0.154762
vt 0.303571 0.166667
vt 0.291667 0.130952
vt 0.297619 0.130952
vt 0.291667 0.095238
vt 0.291667 0.107143
vt 0.285714 0.107143
vt 0.291667 0.119048
vt 0.285714 0.119048
vt 0.297619 0.095238
vt 0.297619 0.107143
vt 0.297619 0.119048
vt 0.303571 0.107143
vt 0.303571 0.119048
vt 0.291667 0.083333
vt 0.297619 0.083333
vt 0.291667 0.047619
vt 0.291667 0.059524
vt 0.285714 0.059524
vt 0.291667 0.071429
vt 0.285714 0.071429
vt 0.297619 0.047619
vt 0.297619 0.059524
vt 0.297619 0.071429
vt 0.303571 0.059524
vt 0.303571 0.071429
vt 0.291667 0.035714
vt 0.297619 0.035714
vt 0.285714 0.000000
vt 0.291667 0.000000
vt 0.291667 0.011905
vt 0.285714 0.011905
vt 0.291667 0.023810
vt 0.285714 0.023810
vt 0.297619 0.000000
vt 0.297619 0.011905
vt 0.297619 0.023810
vt 0.303571 0.000000
vt 0.303571 0.011905
vt 0.303571 0.023810
vt 0.267857 0.940476
vt 0.267857 0.952381
vt 0.273810 0.940476
vt 0.273810 0.952381
vt 0.267857 0.904762
vt 0.267857 0.916667
vt 0.261905 0.916667
vt 0.267857 0.928571
vt 0.261905 0.928571
vt 0.273810 0.904762
vt 0.273810 0.916667
vt 0.273810 0.928571
vt 0.279762 0.916667
vt 0.279762 0.928571
vt 0.267857 0.892857
vt 0.273810 0.892857
vt 0.267857 0.857143
vt 0.267857 0.869048
vt 0.261905 0.869048
vt 0.267857 0.880952
vt 0.261905 0.880952
vt 0.273810 0.857143
vt 0.273810 0.869048
vt 0.273810 0.880952
vt 0.279762 0.869048
vt 0.279762 0.880952
vt 0.267857 0.845238
vt 0.273810 0.845238
vt 0.267857 0.809524
vt 0.267857 0.821429
vt 0.261905 0.821429
vt 0.267857 0.833333
vt 0.261905 0.833333
vt 0.273810 0.809524
vt 0.273810 0.821429
vt 0.273810 0.833333
vt 0.279762 0.821429
vt 0.279762 0.833333
vt 0.267857 0.797619
vt 0.273810 0.797619
vt 0.267857 0.761905
vt 0.267857 0.773809
vt 0.261905 0.773810
vt 0.267857 0.785714
vt 0.261905 0.785714
vt 0.273810 0.761905
vt 0.273810 0.773809
vt 0.273810 0.785714
vt 0.279762 0.773810
vt 0.279762 0.785714
vt 0.267857 0.750000
vt 0.273810 0.750000
vt 0.267857 0.714286
vt 0.267857 0.726190
vt 0.261905 0.726190
vt 0.267857 0.738095
vt 0.261905 0.738095
vt 0.273810 0.714286
vt 0.273810 0.726190
vt 0.273810 0.738095
vt 0.279762 0.726190
vt 0.279762 0.738095
vt 0.267857 0.702381
vt 0.273810 0.702381
vt 0.267857 0.666667
vt 0.267857 0.678571
vt 0.261905 0.678571
vt 0.267857 0.690476
vt 0.261905 0.690476
vt 0.273810 0.666667
vt 0.273810 0.678571
vt 0.273810 0.690476
vt 0.279762 0.678571
vt 0.279762 0.690476
vt 0.267857 0.654762
vt 0.273810 0.654762
vt 0.267857 0.619048
vt 0.267857 0.630952
vt 0.261905 0.630952
vt 0.267857 0.642857
vt 0.261905 0.642857
vt 0.273810 0.619048
vt 0.273810 0.630952
vt 0.273810 0.642857
vt 0.279762 0.630952
vt 0.279762 0.642857
vt 0.267857 0.607143
vt 0.273810 0.607143
vt 0.267857 0.571429
vt 0.267857 0.583333
vt 0.261905 0.583333
vt 0.267857 0.595238
vt 0.261905 0.595238
vt 0.273810 0.571429
vt 0.273810 0.583333
vt 0.273810 0.595238
vt 0.279762 0.583333
vt 0.279762 0.595238
vt 0.267857 0.559524
vt 0.273810 0.559524
vt 0.267857 0.523810
vt 0.267857 0.535714
vt 0.261905 0.535714
vt 0.267857 0.547619
vt 0.261905 0.547619
vt 0.273810 0.523810
vt 0.273810 0.535714
vt 0.273810 0.547619
vt 0.279762 0.535714
vt 0.279762 0.547619
vt 0.267857 0.511905
vt 0.273810 0.511905
vt 0.267857 0.476190
vt 0.267857 0.488095
vt 0.261905 0.488095
vt 0.267857 0.500000
vt 0.261905 0.500000
vt 0.273810 0.476190
vt 0.273810 0.488095
vt 0.273810 0.500000
vt 0.279762 0.488095
vt 0.279762 0.500000
vt 0.267857 0.464286
vt 0.273810 0.464286
vt 0.267857 0.428571
vt 0.267857 0.440476
vt 0.261905 0.440476
vt 0.267857 0.452381
vt 0.261905 0.452381
vt 0.273810 0.428571
vt 0.273810 0.440476
vt 0.273810 0.452381
vt 0.279762 0.440476
vt 0.279762 0.452381
vt 0.267857 0.416667
vt 0.273810 0.416667
vt 0.267857 0.380952
vt 0.267857 0.392857
vt 0.261905 0.392857
vt 0.267857 0.404762
vt 0.261905 0.404762
vt 0.273810 0.380952
vt 0.273810 0.392857
vt 0.273810 0.404762
vt 0.279762 0.392857
vt 0.279762 0.404762
vt 0.267857 0.369048
vt 0.273810 0.369048
vt 0.267857 0.333333
vt 0.267857 0.345238
vt 0.261905 0.345238
vt 0.267857 0.357143
vt 0.261905 0.357143
vt 0.273810 0.333333
vt 0.273810 0.345238
vt 0.273810 0.357143
vt 0.279762 0.345238
vt 0.279762 0.357143
vt 0.267857 0.321429
vt 0.273810 0.321429
vt 0.267857 0.285714
vt 0.267857 0.297619
vt 0.261905 0.297619
vt 0.267857 0.309524
vt 0.261905 0.309524
vt 0.273810 0.285714
vt 0.273810 0.297619
vt 0.273810 0.309524
vt 0.279762 0.297619
vt 0.279762 0.309524
vt 0.267857 0.273809
vt 0.273810 0.273809
vt 0.267857 0.238095
vt 0.267857 0.250000
vt 0.261905 0.250000
vt 0.267857 0.261905
vt 0.261905 0.261905
vt 0.273810 0.238095
vt 0.273810 0.250000
vt 0.273810 0.261905
vt 0.279762 0.250000
vt 0.279762 0.261905
vt 0.267857 0.226190
vt 0.273810 0.226190
vt 0.267857 0.190476
vt 0.267857 0.202381
vt 0.261905 0.202381
vt 0.267857 0.214286
vt 0.261905 0.214286
vt 0.273810 0.190476
vt 0.273810 0.202381
vt 0.273810 0.214286
vt 0.279762 0.202381
vt 0.279762 0.214286
vt 0.267857 0.178571
vt 0.273810 0.178571
vt 0.267857 0.142857
vt 0.267857 0.154762
vt 0.261905 0.154762
vt 0.267857 0.166667
vt 0.261905 0.166667
vt 0.273810 0.142857
vt 0.273810 0.154762
vt 0.273810 0.166667
vt 0.279762 0.154762
vt 0.279762 0.166667
vt 0.267857 0.130952
vt 0.273810 0.130952
vt 0.267857 0.095238
vt 0.267857 0.107143
vt 0.261905 0.107143
vt 0.267857 0.119048
vt 0.261905 0.119048
vt 0.273810 0.095238
vt 0.273810 0.107143
vt 0.273810 0.119048
vt 0.279762 0.107143
vt 0.279762 0.119048
vt 0.267857 0.083333
vt 0.273810 0.083333
vt 0.267857 0.047619
vt 0.267857 0.059524
vt 0.261905 0.059524
vt 0.267857 0.071429
vt 0.261905 0.071429
vt 0.273810 0.047619
vt 0.273810 0.059524
vt 0.273810 0.071429
vt 0.279762 0.059524
vt 0.279762 0.071429
vt 0.267857 0.035714
vt 0.273809 0.035714
vt 0.261905 0.000000
vt 0.267857 0.000000
vt 0.267857 0.011905
vt 0.261905 0.011905
vt 0.267857 0.023810
vt 0.261905 0.023810
vt 0.273809 0.000000
vt 0.273809 0.011905
vt 0.273809 0.023810
vt 0.279762 0.000000
vt 0.279762 0.011905
vt 0.279762 0.023810
vt 0.244048 0.940476
vt 0.244048 0.952381
vt 0.250000 0.940476
vt 0.250000 0.952381
vt 0.244048 0.904762
vt 0.244048 0.916667
vt 0.238095 0.916667
vt 0.244048 0.928571
vt 0.238095 0.928571
vt 0.250000 0.904762
vt 0.250000 0.916667
vt 0.250000 0.928571
vt 0.255952 0.916667
vt 0.255952 0.928571
vt 0.244048 0.892857
vt 0.250000 0.892857
vt 0.244048 0.857143
vt 0.244048 0.869048
vt 0.238095 0.869048
vt 0.244048 0.880952
vt 0.238095 0.880952
vt 0.250000 0.857143
vt 0.250000 0.869048
vt 0.250000 0.880952
vt 0.255952 0.869048
vt 0.255952 0.880952
vt 0.244048 0.845238
vt 0.250000 0.845238
vt 0.244048 0.809524
vt 0.244048 0.821429
vt 0.238095 0.821429
vt 0.244048 0.833333
vt 0.238095 0.833333
vt 0.250000 0.809524
vt 0.250000 0.821429
vt 0.250000 0.833333
vt 0.255952 0.821429
vt 0.255952 0.833333
vt 0.244048 0.797619
vt 0.250000 0.797619
vt 0.244048 0.761905
vt 0.244048 0.773809
vt 0.238095 0.773810
vt 0.244048 0.785714
vt 0.238095 0.785714
vt 0.250000 0.761905
vt 0.250000 0.773809
vt 0.250000 0.785714
vt 0.255952 0.773810
vt 0.255952 0.785714
vt 0.244048 0.750000
vt 0.250000 0.750000
vt 0.244048 0.714286
vt 0.244048 0.726190
vt 0.238095 0.726190
vt 0.244048 0.738095
vt 0.238095 0.738095
vt 0.250000 0.714286
vt 0.250000 0.726190
vt 0.250000 0.738095
vt 0.255952 0.726190
vt 0.255952 0.738095
vt 0.244048 0.702381
vt 0.250000 0.702381
vt 0.244048 0.666667
vt 0.244048 0.678571
vt 0.238095 0.678571
vt 0.244048 0.690476
vt 0.238095 0.690476
vt 0.250000 0.666667
vt 0.250000 0.678571
vt 0.250000 0.690476
vt 0.255952 0.678571
vt 0.255952 0.690476
vt 0.244048 0.654762
vt 0.250000 0.654762
vt 0.244048 0.619048
vt 0.244048 0.630952
vt 0.238095 0.630952
vt 0.244048 0.642857
vt 0.238095 0.642857
vt 0.250000 0.619048
vt 0.250000 0.630952
vt 0.250000 0.642857
vt 0.255952 0.630952
vt 0.255952 0.642857
vt 0.244048 0.607143
vt 0.250000 0.607143
vt 0.244048 0.571429
vt 0.244048 0.583333
vt 0.238095 0.583333
vt 0.244048 0.595238
vt 0.238095 0.595238
vt 0.250000 0.571429
vt 0.250000 0.583333
vt 0.250000 0.595238
vt 0.255952 0.583333
vt 0.255952 0.595238
vt 0.244048 0.559524
vt 0.250000 0.559524
vt 0.244048 0.523810
vt 0.244048 0.535714
vt 0.238095 0.535714
vt 0.244048 0.547619
vt 0.238095 0.547619
vt 0.250000 0.523810
vt 0.250000 0.535714
vt 0.250000 0.547619
vt 0.255952 0.535714
vt 0.255952 0.547619
vt 0.244048 0.511905
vt 0.250000 0.511905
vt 0.244048 0.476190
vt 0.244048 0.488095
vt 0.238095 0.488095
vt 0.244048 0.500000
vt 0.238095 0.500000
vt 0.250000 0.476190
vt 0.250000 0.488095
vt 0.250000 0.500000
vt 0.255952 0.488095
vt 0.255952 0.500000
vt 0.244048 0.464286
vt 0.250000 0.464286
vt 0.244048 0.428571
vt 0.244048 0.440476
vt 0.238095 0.440476
vt 0.244048 0.452381
vt 0.238095 0.452381
vt 0.250000 0.428571
vt 0.250000 0.440476
vt 0.250000 0.452381
vt 0.255952 0.440476
vt 0.255952 0.452381
vt 0.244048 0.416667
vt 0.250000 0.416667
vt 0.244048 0.380952
vt 0.244048 0.392857
vt 0.238095 0.392857
vt 0.244048 0.404762
vt 0.238095 0.404762
vt 0.250000 0.380952
vt 0.250000 0.392857
vt 0.250000 0.404762
vt 0.255952 0.392857
vt 0.255952 0.404762
vt 0.244048 0.369048
vt 0.250000 0.369048
vt 0.244048 0.333333
vt 0.244048 0.345238
vt 0.238095 0.345238
vt 0.244048 0.357143
vt 0.238095 0.357143
vt 0.250000 0.333333
vt 0.250000 0.345238
vt 0.250000 0.357143
vt 0.255952 0.345238
vt 0.255952 0.357143
vt 0.244048 0.321429
vt 0.250000 0.321429
vt 0.244048 0.285714
vt 0.244048 0.297619
vt 0.238095 0.297619
vt 0.244048 0.309524
vt 0.238095 0.309524
vt 0.250000 0.285714
vt 0.250000 0.297619
vt 0.250000 0.309524
vt 0.255952 0.297619
vt 0.255952 0.309524
vt 0.244048 0.273809
vt 0.250000 0.273809
vt 0.244048 0.238095
vt 0.244048 0.250000
vt 0.238095 0.250000
vt 0.244048 0.261905
vt 0.238095 0.261905
vt 0.250000 0.238095
vt 0.250000 0.250000
vt 0.250000 0.261905
vt 0.255952 0.250000
vt 0.255952 0.261905
vt 0.244048 0.226190
vt 0.250000 0.226190
vt 0.244048 0.190476
vt 0.244048 0.202381
vt 0.238095 0.202381
vt 0.244048 0.214286
vt 0.238095 0.214286
vt 0.250000 0.190476
vt 0.250000 0.202381
vt 0.250000 0.214286
vt 0.255952 0.202381
vt 0.255952 0.214286
vt 0.244048 0.178571
vt 0.250000 0.178571
vt 0.244048 0.142857
vt 0.244048 0.154762
vt 0.238095 0.154762
vt 0.244048 0.166667
vt 0.238095 0.166667
vt 0.250000 0.142857
vt 0.250000 0.154762
vt 0.250000 0.166667
vt 0.255952 0.154762
vt 0.255952 0.166667
vt 0.244048 0.130952
vt 0.250000 0.130952
vt 0.244048 0.095238
vt 0.244048 0.107143
vt 0.238095 0.107143
vt 0.244048 0.119048
vt 0.238095 0.119048
vt 0.250000 0.095238
vt 0.250000 0.107143
vt 0.250000 0.119048
vt 0.255952 0.107143
vt 0.255952 0.119048
vt 0.244048 0.083333
vt 0.250000 0.083333
vt 0.244048 0.047619
vt 0.244048 0.059524
vt 0.238095 0.059524
vt 0.244048 0.071429
vt 0.238095 0.071429
vt 0.250000 0.047619
vt 0.250000 0.059524
vt 0.250000 0.071429
vt 0.255952 0.059524
vt 0.255952 0.071429
vt 0.244048 0.035714
vt 0.250000 0.035714
vt 0.238095 0.000000
vt 0.244048 0.000000
vt 0.244048 0.011905
vt 0.238095 0.011905
vt 0.244048 0.023810
vt 0.238095 0.023810
vt 0.250000 0.000000
vt 0.250000 0.011905
vt 0.250000 0.023810
vt 0.255952 0.000000
vt 0.255952 0.011905
vt 0.255952 0.023810
vt 0.220238 0.940476
vt 0.220238 0.952381
vt 0.226190 0.940476
vt 0.226190 0.952381
vt 0.220238 0.904762
vt 0.220238 0.916667
vt 0.214286 0.916667
vt 0.220238 0.928571
vt 0.214286 0.928571
vt 0.226190 0.904762
vt 0.226190 0.916667
vt 0.226190 0.928571
vt 0.232143 0.916667
vt 0.232143 0.928571
vt 0.220238 0.892857
vt 0.226190 0.892857
vt 0.220238 0.857143
vt 0.220238 0.869048
vt 0.214286 0.869048
vt 0.220238 0.880952
vt 0.214286 0.880952
vt 0.226190 0.857143
vt 0.226190 0.869048
vt 0.226190 0.880952
vt 0.232143 0.869048
vt 0.232143 0.880952
vt 0.220238 0.845238
vt 0.226190 0.845238
vt 0.220238 0.809524
vt 0.220238 0.821429
vt 0.214286 0.821429
vt 0.220238 0.833333
vt 0.214286 0.833333
vt 0.226190 0.809524
vt 0.226190 0.821429
vt 0.226190 0.833333
vt 0.232143 0.821429
vt 0.232143 0.833333
vt 0.220238 0.797619
vt 0.226190 0.797619
vt 0.220238 0.761905
vt 0.220238 0.773809
vt 0.214286 0.773810
vt 0.220238 0.785714
vt 0.214286 0.785714
vt 0.226190 0.761905
vt 0.226190 0.773809
vt 0.226190 0.785714
vt 0.232143 0.773810
vt 0.232143 0.785714
vt 0.220238 0.750000
vt 0.226190 0.750000
vt 0.220238 0.714286
vt 0.220238 0.726190
vt 0.214286 0.726190
vt 0.220238 0.738095
vt 0.214286 0.738095
vt 0.226190 0.714286
vt 0.226190 0.726190
vt 0.226190 0.738095
vt 0.232143 0.726190
vt 0.232143 0.738095
vt 0.220238 0.702381
vt 0.226190 0.702381
vt 0.220238 0.666667
vt 0.220238 0.678571
vt 0.214286 0.678571
vt 0.220238 0.690476
vt 0.214286 0.690476
vt 0.226190 0.666667
vt 0.226190 0.678571
vt 0.226190 0.690476
vt 0.232143 0.678571
vt 0.232143 0.690476
vt 0.220238 0.654762
vt 0.226190 0.654762
vt 0.220238 0.619048
vt 0.220238 0.630952
vt 0.214286 0.630952
vt 0.220238 0.642857
vt 0.214286 0.642857
vt 0.226190 0.619048
vt 0.226190 0.630952
vt 0.226190 0.642857
vt 0.232143 0.630952
vt 0.232143 0.642857
vt 0.220238 0.607143
vt 0.226190 0.607143
vt 0.220238 0.571429
vt 0.220238 0.583333
vt 0.214286 0.583333
vt 0.220238 0.595238
vt 0.214286 0.595238
vt 0.226190 0.571429
vt 0.226190 0.583333
vt 0.226190 0.595238
vt 0.232143 0.583333
vt 0.232143 0.595238
vt 0.220238 0.559524
vt 0.226190 0.559524
vt 0.220238 0.523810
vt 0.220238 0.535714
vt 0.214286 0.535714
vt 0.220238 0.547619
vt 0.214286 0.547619
vt 0.226190 0.523810
vt 0.226190 0.535714
vt 0.226190 0.547619
vt 0.232143 0.535714
vt 0.232143 0.547619
vt 0.220238 0.511905
vt 0.226190 0.511905
vt 0.220238 0.476190
vt 0.220238 0.488095
vt 0.214286 0.488095
vt 0.220238 0.500000
vt 0.214286 0.500000
vt 0.226190 0.476190
vt 0.226190 0.488095
vt 0.226190 0.500000
vt 0.232143 0.488095
vt 0.232143 0.500000
vt 0.220238 0.464286
vt 0.226190 0.464286
vt 0.220238 0.428571
vt 0.220238 0.440476
vt 0.214286 0.440476
vt 0.220238 0.452381
vt 0.214286 0.452381
vt 0.226190 0.428571
vt 0.226190 0.440476
vt 0.226190 0.452381
vt 0.232143 0.440476
vt 0.232143 0.452381
vt 0.220238 0.416667
vt 0.226190 0.416667
vt 0.220238 0.380952
vt 0.220238 0.392857
vt 0.214286 0.392857
vt 0.220238 0.404762
vt 0.214286 0.404762
vt 0.226190 0.380952
vt 0.226190 0.392857
vt 0.226190 0.404762
vt 0.232143 0.392857
vt 0.232143 0.404762
vt 0.220238 0.369048
vt 0.226190 0.369048
vt 0.220238 0.333333
vt 0.220238 0.345238
vt 0.214286 0.345238
vt 0.220238 0.357143
vt 0.214286 0.357143
vt 0.226190 0.333333
vt 0.226190 0.345238
vt 0.226190 0.357143
vt 0.232143 0.345238
vt 0.232143 0.357143
vt 0.220238 0.321429
vt 0.226190 0.321429
vt 0.220238 0.285714
vt 0.220238 0.297619
vt 0.214286 0.297619
vt 0.220238 0.309524
vt 0.214286 0.309524
vt 0.226190 0.285714
vt 0.226190 0.297619
vt 0.226190 0.309524
vt 0.232143 0.297619
vt 0.232143 0.309524
vt 0.220238 0.273809
vt 0.226190 0.273809
vt 0.220238 0.238095
vt 0.220238 0.250000
vt 0.214286 0.250000
vt 0.220238 0.261905
vt 0.214286 0.261905
vt 0.226190 0.238095
vt 0.226190 0.250000
vt 0.226190 0.261905
vt 0.232143 0.250000
vt 0.232143 0.261905
vt 0.220238 0.226190
vt 0.226190 0.226190
vt 0.220238 0.190476
vt 0.220238 0.202381
vt 0.214286 0.202381
vt 0.220238 0.214286
vt 0.214286 0.214286
vt 0.226190 0.190476
vt 0.226190 0.202381
vt 0.226190 0.214286
vt 0.232143 0.202381
vt 0.232143 0.214286
vt 0.220238 0.178571
vt 0.226190 0.178571
vt 0.220238 0.142857
vt 0.220238 0.154762
vt 0.214286 0.154762
vt 0.220238 0.166667
vt 0.214286 0.166667
vt 0.226190 0.142857
vt 0.226190 0.154762
vt 0.226190 0.166667
vt 0.232143 0.154762
vt 0.232143 0.166667
vt 0.220238 0.130952
vt 0.226190 0.130952
vt 0.220238 0.095238
vt 0.220238 0.107143
vt 0.214286 0.107143
vt 0.220238 0.119048
vt 0.214286 0.119048
vt 0.226190 0.095238
vt 0.226190 0.107143
vt 0.226190 0.119048
vt 0.232143 0.107143
vt 0.232143 0.119048
vt 0.220238 0.083333
vt 0.226190 0.083333
vt 0.220238 0.047619
vt 0.220238 0.059524
vt 0.214286 0.059524
vt 0.220238 0.071429
vt 0.214286 0.071429
vt 0.226190 0.047619
vt 0.226190 0.059524
vt 0.226190 0.071429
vt 0.232143 0.059524
vt 0.232143 0.071429
vt 0.220238 0.035714
vt 0.226190 0.035714
vt 0.214286 0.000000
vt 0.220238 0.000000
vt 0.220238 0.011905
vt 0.214286 0.011905
vt 0.220238 0.023810
vt 0.214286 0.023810
vt 0.226190 0.000000
vt 0.226190 0.011905
vt 0.226190 0.023810
vt 0.232143 0.000000
vt 0.232143 0.011905
vt 0.232143 0.023810
vt 0.196429 0.940476
vt 0.196429 0.952381
vt 0.202381 0.940476
vt 0.202381 0.952381
vt 0.196429 0.904762
vt 0.196429 0.916667
vt 0.190476 0.916667
vt 0.196429 0.928571
vt 0.190476 0.928571
vt 0.202381 0.904762
vt 0.202381 0.916667
vt 0.202381 0.928571
vt 0.208333 0.916667
vt 0.208333 0.928571
vt 0.196429 0.892857
vt 0.202381 0.892857
vt 0.196429 0.857143
vt 0.196429 0.869048
vt 0.190476 0.869048
vt 0.196429 0.880952
vt 0.190476 0.880952
vt 0.202381 0.857143
vt 0.202381 0.869048
vt 0.202381 0.880952
vt 0.208333 0.869048
vt 0.208333 0.880952
vt 0.196429 0.845238
vt 0.202381 0.845238
vt 0.196429 0.809524
vt 0.196429 0.821429
vt 0.190476 0.821429
vt 0.196429 0.833333
vt 0.190476 0.833333
vt 0.202381 0.809524
vt 0.202381 0.821429
vt 0.202381 0.833333
vt 0.208333 0.821429
vt 0.208333 0.833333
vt 0.196429 0.797619
vt 0.202381 0.797619
vt 0.196429 0.761905
vt 0.196429 0.773809
vt 0.190476 0.773810
vt 0.196429 0.785714
vt 0.190476 0.785714
vt 0.202381 0.761905
vt 0.202381 0.773809
vt 0.202381 0.785714
vt 0.208333 0.773810
vt 0.208333 0.785714
vt 0.196429 0.750000
vt 0.202381 0.750000
vt 0.196429 0.714286
vt 0.196429 0.726190
vt 0.190476 0.726190
vt 0.196429 0.738095
vt 0.190476 0.738095
vt 0.202381 0.714286
vt 0.202381 0.726190
vt 0.202381 0.738095
vt 0.208333 0.726190
vt 0.208333 0.738095
vt 0.196429 0.702381
vt 0.202381 0.702381
vt 0.196429 0.666667
vt 0.196429 0.678571
vt 0.190476 0.678571
vt 0.196429 0.690476
vt 0.190476 0.690476
vt 0.202381 0.666667
vt 0.202381 0.678571
vt 0.202381 0.690476
vt 0.208333 0.678571
vt 0.208333 0.690476
vt 0.196429 0.654762
vt 0.202381 0.654762
vt 0.196429 0.619048
vt 0.196429 0.630952
vt 0.190476 0.630952
vt 0.196429 0.642857
vt 0.190476 0.642857
vt 0.202381 0.619048
vt 0.202381 0.630952
vt 0.202381 0.642857
vt 0.208333 0.630952
vt 0.208333 0.642857
vt 0.196429 0.607143
vt 0.202381 0.607143
vt 0.196429 0.571429
vt 0.196429 0.583333
vt 0.190476 0.583333
vt 0.196429 0.595238
vt 0.190476 0.595238
vt 0.202381 0.571429
vt 0.202381 0.583333
vt 0.202381 0.595238
vt 0.208333 0.583333
vt 0.208333 0.595238
vt 0.196429 0.559524
vt 0.202381 0.559524
vt 0.196429 0.523810
vt 0.196429 0.535714
vt 0.190476 0.535714
vt 0.196429 0.547619
vt 0.190476 0.547619
vt 0.202381 0.523810
vt 0.202381 0.535714
vt 0.202381 0.547619
vt 0.208333 0.535714
vt 0.208333 0.547619
vt 0.196429 0.511905
vt 0.202381 0.511905
vt 0.196429 0.476190
vt 0.196429 0.488095
vt 0.190476 0.488095
vt 0.196429 0.500000
vt 0.190476 0.500000
vt 0.202381 0.476190
vt 0.202381 0.488095
vt 0.202381 0.500000
vt 0.208333 0.488095
vt 0.208333 0.500000
vt 0.196429 0.464286
vt 0.202381 0.464286
vt 0.196429 0.428571
vt 0.196429 0.440476
vt 0.190476 0.440476
vt 0.196429 0.452381
vt 0.190476 0.452381
vt 0.202381 0.428571
vt 0.202381 0.440476
vt 0.202381 0.452381
vt 0.208333 0.440476
vt 0.208333 0.452381
vt 0.196429 0.416667
vt 0.202381 0.416667
vt 0.196429 0.380952
vt 0.196429 0.392857
vt 0.190476 0.392857
vt 0.196429 0.404762
vt 0.190476 0.404762
vt 0.202381 0.380952
vt 0.202381 0.392857
vt 0.202381 0.404762
vt 0.208333 0.392857
vt 0.208333 0.404762
vt 0.196429 0.369048
vt 0.202381 0.369048
vt 0.196429 0.333333
vt 0.196429 0.345238
vt 0.190476 0.345238
vt 0.196429 0.357143
vt 0.190476 0.357143
vt 0.202381 0.333333
vt 0.202381 0.345238
vt 0.202381 0.357143
vt 0.208333 0.345238
vt 0.208333 0.357143
vt 0.196429 0.321429
vt 0.202381 0.321429
vt 0.196429 0.285714
vt 0.196429 0.297619
vt 0.190476 0.297619
vt 0.196429 0.309524
vt 0.190476 0.309524
vt 0.202381 0.285714
vt 0.202381 0.297619
vt 0.202381 0.309524
vt 0.208333 0.297619
vt 0.208333 0.309524
vt 0.196429 0.273809
vt 0.202381 0.273809
vt 0.196429 0.238095
vt 0.196429 0.250000
vt 0.190476 0.250000
vt 0.196429 0.261905
vt 0.190476 0.261905
vt 0.202381 0.238095
vt 0.202381 0.250000
vt 0.202381 0.261905
vt 0.208333 0.250000
vt 0.208333 0.261905
vt 0.196429 0.226190
vt 0.202381 0.226190
vt 0.196429 0.190476
vt 0.196429 0.202381
vt 0.190476 0.202381
vt 0.196429 0.214286
vt 0.190476 0.214286
vt 0.202381 0.190476
vt 0.202381 0.202381
vt 0.202381 0.214286
vt 0.208333 0.202381
vt 0.208333 0.214286
vt 0.196429 0.178571
vt 0.202381 0.178571
vt 0.196429 0.142857
vt 0.196429 0.154762
vt 0.190476 0.154762
vt 0.196429 0.166667
vt 0.190476 0.166667
vt 0.202381 0.142857
vt 0.202381 0.154762
vt 0.202381 0.166667
vt 0.208333 0.154762
vt 0.208333 0.166667
vt 0.196429 0.130952
vt 0.202381 0.130952
vt 0.196429 0.095238
vt 0.196429 0.107143
vt 0.190476 0.107143
vt 0.196429 0.119048
vt 0.190476 0.119048
vt 0.202381 0.095238
vt 0.202381 0.107143
vt 0.202381 0.119048
vt 0.208333 0.107143
vt 0.208333 0.119048
vt 0.196429 0.083333
vt 0.202381 0.083333
vt 0.196429 0.047619
vt 0.196429 0.059524
vt 0.190476 0.059524
vt 0.196429 0.071429
vt 0.190476 0.071429
vt 0.202381 0.047619
vt 0.202381 0.059524
vt 0.202381 0.071429
vt 0.208333 0.059524
vt 0.208333 0.071429
vt 0.196429 0.035714
vt 0.202381 0.035714
vt 0.190476 0.000000
vt 0.196429 0.000000
vt 0.196429 0.011905
vt 0.190476 0.011905
vt 0.196429 0.023810
vt 0.190476 0.023810
vt 0.202381 0.000000
vt 0.202381 0.011905
vt 0.202381 0.023810
vt 0.208333 0.000000
vt 0.208333 0.011905
vt 0.208333 0.023810
vt 0.172619 0.940476
vt 0.172619 0.952381
vt 0.178571 0.940476
vt 0.178571 0.952381
vt 0.172619 0.904762
vt 0.172619 0.916667
vt 0.166667 0.916667
vt 0.172619 0.928571
vt 0.166667 0.928571
vt 0.178571 0.904762
vt 0.178571 0.916667
vt 0.178571 0.928571
vt 0.184524 0.916667
vt 0.184524 0.928571
vt 0.172619 0.892857
vt 0.178571 0.892857
vt 0.172619 0.857143
vt 0.172619 0.869048
vt 0.166667 0.869048
vt 0.172619 0.880952
vt 0.166667 0.880952
vt 0.178571 0.857143
vt 0.178571 0.869048
vt 0.178571 0.880952
vt 0.184524 0.869048
vt 0.184524 0.880952
vt 0.172619 0.845238
vt 0.178571 0.845238
vt 0.172619 0.809524
vt 0.172619 0.821429
vt 0.166667 0.821429
vt 0.172619 0.833333
vt 0.166667 0.833333
vt 0.178571 0.809524
vt 0.178571 0.821429
vt 0.178571 0.833333
vt 0.184524 0.821429
vt 0.184524 0.833333
vt 0.172619 0.797619
vt 0.178571 0.797619
vt 0.172619 0.761905
vt 0.172619 0.773809
vt 0.166667 0.773810
vt 0.172619 0.785714
vt 0.166667 0.785714
vt 0.178571 0.761905
vt 0.178571 0.773809
vt 0.178571 0.785714
vt 0.184524 0.773810
vt 0.184524 0.785714
vt 0.172619 0.750000
vt 0.178571 0.750000
vt 0.172619 0.714286
vt 0.172619 0.726190
vt 0.166667 0.726190
vt 0.172619 0.738095
vt 0.166667 0.738095
vt 0.178571 0.714286
vt 0.178571 0.726190
vt 0.178571 0.738095
vt 0.184524 0.726190
vt 0.184524 0.738095
vt 0.172619 0.702381
vt 0.178571 0.702381
vt 0.172619 0.666667
vt 0.172619 0.678571
vt 0.166667 0.678571
vt 0.172619 0.690476
vt 0.166667 0.690476
vt 0.178571 0.666667
vt 0.178571 0.678571
vt 0.178571 0.690476
vt 0.184524 0.678571
vt 0.184524 0.690476
vt 0.172619 0.654762
vt 0.178571 0.654762
vt 0.172619 0.619048
vt 0.172619 0.630952
vt 0.166667 0.630952
vt 0.172619 0.642857
vt 0.166667 0.642857
vt 0.178571 0.619048
vt 0.178571 0.630952
vt 0.178571 0.642857
vt 0.184524 0.630952
vt 0.184524 0.642857
vt 0.172619 0.607143
vt 0.178571 0.607143
vt 0.172619 0.571429
vt 0.172619 0.583333
vt 0.166667 0.583333
vt 0.172619 0.595238
vt 0.166667 0.595238
vt 0.178571 0.571429
vt 0.178571 0.583333
vt 0.178571 0.595238
vt 0.184524 0.583333
vt 0.184524 0.595238
vt 0.172619 0.559524
vt 0.178571 0.559524
vt 0.172619 0.523810
vt 0.172619 0.535714
vt 0.166667 0.535714
vt 0.172619 0.547619
vt 0.166667 0.547619
vt 0.178571 0.523810
vt 0.178571 0.535714
vt 0.178571 0.547619
vt 0.184524 0.535714
vt 0.184524 0.547619
vt 0.172619 0.511905
vt 0.178571 0.511905
vt 0.172619 0.476190
vt 0.172619 0.488095
vt 0.166667 0.488095
vt 0.172619 0.500000
vt 0.166667 0.500000
vt 0.178571 0.476190
vt 0.178571 0.488095
vt 0.178571 0.500000
vt 0.184524 0.488095
vt 0.184524 0.500000
vt 0.172619 0.464286
vt 0.178571 0.464286
vt 0.172619 0.428571
vt 0.172619 0.440476
vt 0.166667 0.440476
vt 0.172619 0.452381
vt 0.166667 0.452381
vt 0.178571 0.428571
vt 0.178571 0.440476
vt 0.178571 0.452381
vt 0.184524 0.440476
vt 0.184524 0.452381
vt 0.172619 0.416667
vt 0.178571 0.416667
vt 0.172619 0.380952
vt 0.172619 0.392857
vt 0.166667 0.392857
vt 0.172619 0.404762
vt 0.166667 0.404762
vt 0.178571 0.380952
vt 0.178571 0.392857
vt 0.178571 0.404762
vt 0.184524 0.392857
vt 0.184524 0.404762
vt 0.172619 0.369048
vt 0.178571 0.369048
vt 0.172619 0.333333
vt 0.172619 0.345238
vt 0.166667 0.345238
vt 0.172619 0.357143
vt 0.166667 0.357143
vt 0.178571 0.333333
vt 0.178571 0.345238
vt 0.178571 0.357143
vt 0.184524 0.345238
vt 0.184524 0.357143
vt 0.172619 0.321429
vt 0.178571 0.321429
vt 0.172619 0.285714
vt 0.172619 0.297619
vt 0.166667 0.297619
vt 0.172619 0.309524
vt 0.166667 0.309524
vt 0.178571 0.285714
vt 0.178571 0.297619
vt 0.178571 0.309524
vt 0.184524 0.297619
vt 0.184524 0.309524
vt 0.172619 0.273809
vt 0.178571 0.273809
vt 0.172619 0.238095
vt 0.172619 0.250000
vt 0.166667 0.250000
vt 0.172619 0.261905
vt 0.166667 0.261905
vt 0.178571 0.238095
vt 0.178571 0.250000
vt 0.178571 0.261905
vt 0.184524 0.250000
vt 0.184524 0.261905
vt 0.172619 0.226190
vt 0.178571 0.226190
vt 0.172619 0.190476
vt 0.172619 0.202381
vt 0.166667 0.202381
vt 0.172619 0.214286
vt 0.166667 0.214286
vt 0.178571 0.190476
vt 0.178571 0.202381
vt 0.178571 0.214286
vt 0.184524 0.202381
vt 0.184524 0.214286
vt 0.172619 0.178571
vt 0.178571 0.178571
vt 0.172619 0.142857
vt 0.172619 0.154762
vt 0.166667 0.154762
vt 0.172619 0.166667
vt 0.166667 0.166667
vt 0.178571 0.142857
vt 0.178571 0.154762
vt 0.178571 0.166667
vt 0.184524 0.154762
vt 0.184524 0.166667
vt 0.172619 0.130952
vt 0.178571 0.130952
vt 0.172619 0.095238
vt 0.172619 0.107143
vt 0.166667 0.107143
vt 0.172619 0.119048
vt 0.166667 0.119048
vt 0.178571 0.095238
vt 0.178571 0.107143
vt 0.178571 0.119048
vt 0.184524 0.107143
vt 0.184524 0.119048
vt 0.172619 0.083333
vt 0.178571 0.083333
vt 0.172619 0.047619
vt 0.172619 0.059524
vt 0.166667 0.059524
vt 0.172619 0.071429
vt 0.166667 0.071429
vt 0.178571 0.047619
vt 0.178571 0.059524
vt 0.178571 0.071429
vt 0.184524 0.059524
vt 0.184524 0.071429
vt 0.172619 0.035714
vt 0.178571 0.035714
vt 0.166667 0.000000
vt 0.172619 0.000000
vt 0.172619 0.011905
vt 0.166667 0.011905
vt 0.172619 0.023810
vt 0.166667 0.023810
vt 0.178571 0.000000
vt 0.178571 0.011905
vt 0.178571 0.023810
vt 0.184524 0.000000
vt 0.184524 0.011905
vt 0.184524 0.023810
vt 0.148810 0.940476
vt 0.148810 0.952381
vt 0.154762 0.940476
vt 0.154762 0.952381
vt 0.148810 0.904762
vt 0.148810 0.916667
vt 0.142857 0.916667
vt 0.148810 0.928571
vt 0.142857 0.928571
vt 0.154762 0.904762
vt 0.154762 0.916667
vt 0.154762 0.928571
vt 0.160714 0.916667
vt 0.160714 0.928571
vt 0.148810 0.892857
vt 0.154762 0.892857
vt 0.148810 0.857143
vt 0.148810 0.869048
vt 0.142857 0.869048
vt 0.148810 0.880952
vt 0.142857 0.880952
vt 0.154762 0.857143
vt 0.154762 0.869048
vt 0.154762 0.880952
vt 0.160714 0.869048
vt 0.160714 0.880952
vt 0.148810 0.845238
vt 0.154762 0.845238
vt 0.148810 0.809524
vt 0.148810 0.821429
vt 0.142857 0.821429
vt 0.148810 0.833333
vt 0.142857 0.833333
vt 0.154762 0.809524
vt 0.154762 0.821429
vt 0.154762 0.833333
vt 0.160714 0.821429
vt 0.160714 0.833333
vt 0.148810 0.797619
vt 0.154762 0.797619
vt 0.148810 0.761905
vt 0.148810 0.773809
vt 0.142857 0.773810
vt 0.148810 0.785714
vt 0.142857 0.785714
vt 0.154762 0.761905
vt 0.154762 0.773809
vt 0.154762 0.785714
vt 0.160714 0.773810
vt 0.160714 0.785714
vt 0.148810 0.750000
vt 0.154762 0.750000
vt 0.148810 0.714286
vt 0.148810 0.726190
vt 0.142857 0.726190
vt 0.148810 0.738095
vt 0.142857 0.738095
vt 0.154762 0.714286
vt 0.154762 0.726190
vt 0.154762 0.738095
vt 0.160714 0.726190
vt 0.160714 0.738095
vt 0.148810 0.702381
vt 0.154762 0.702381
vt 0.148810 0.666667
vt 0.148810 0.678571
vt 0.142857 0.678571
vt 0.148810 0.690476
vt 0.142857 0.690476
vt 0.154762 0.666667
vt 0.154762 0.678571
vt 0.154762 0.690476
vt 0.160714 0.678571
vt 0.160714 0.690476
vt 0.148810 0.654762
vt 0.154762 0.654762
vt 0.148810 0.619048
vt 0.148810 0.630952
vt 0.142857 0.630952
vt 0.148810 0.642857
vt 0.142857 0.642857
vt 0.154762 0.619048
vt 0.154762 0.630952
vt 0.154762 0.642857
vt 0.160714 0.630952
vt 0.160714 0.642857
vt 0.148810 0.607143
vt 0.154762 0.607143
vt 0.148810 0.571429
vt 0.148810 0.583333
vt 0.142857 0.583333
vt 0.148810 0.595238
vt 0.142857 0.595238
vt 0.154762 0.571429
vt 0.154762 0.583333
vt 0.154762 0.595238
vt 0.160714 0.583333
vt 0.160714 0.595238
vt 0.148810 0.559524
vt 0.154762 0.559524
vt 0.148810 0.523810
vt 0.148810 0.535714
vt 0.142857 0.535714
vt 0.148810 0.547619
vt 0.142857 0.547619
vt 0.154762 0.523810
vt 0.154762 0.535714
vt 0.154762 0.547619
vt 0.160714 0.535714
vt 0.160714 0.547619
vt 0.148810 0.511905
vt 0.154762 0.511905
vt 0.148810 0.476190
vt 0.148810 0.488095
vt 0.142857 0.488095
vt 0.148810 0.500000
vt 0.142857 0.500000
vt 0.154762 0.476190
vt 0.154762 0.488095
vt 0.154762 0.500000
vt 0.160714 0.488095
vt 0.160714 0.500000
vt 0.148810 0.464286
vt 0.154762 0.464286
vt 0.148810 0.428571
vt 0.148810 0.440476
vt 0.142857 0.440476
vt 0.148810 0.452381
vt 0.142857 0.452381
vt 0.154762 0.428571
vt 0.154762 0.440476
vt 0.154762 0.452381
vt 0.160714 0.440476
vt 0.160714 0.452381
vt 0.148810 0.416667
vt 0.154762 0.416667
vt 0.148810 0.380952
vt 0.148810 0.392857
vt 0.142857 0.392857
vt 0.148810 0.404762
vt 0.142857 0.404762
vt 0.154762 0.380952
vt 0.154762 0.392857
vt 0.154762 0.404762
vt 0.160714 0.392857
vt 0.160714 0.404762
vt 0.148810 0.369048
vt 0.154762 0.369048
vt 0.148810 0.333333
vt 0.148810 0.345238
vt 0.142857 0.345238
vt 0.148810 0.357143
vt 0.142857 0.357143
vt 0.154762 0.333333
vt 0.154762 0.345238
vt 0.154762 0.357143
vt 0.160714 0.345238
vt 0.160714 0.357143
vt 0.148810 0.321429
vt 0.154762 0.321429
vt 0.148810 0.285714
vt 0.148810 0.297619
vt 0.142857 0.297619
vt 0.148810 0.309524
vt 0.142857 0.309524
vt 0.154762 0.285714
vt 0.154762 0.297619
vt 0.154762 0.309524
vt 0.160714 0.297619
vt 0.160714 0.309524
vt 0.148810 0.273809
vt 0.154762 0.273809
vt 0.148810 0.238095
vt 0.148810 0.250000
vt 0.142857 0.250000
vt 0.148810 0.261905
vt 0.142857 0.261905
vt 0.154762 0.238095
vt 0.154762 0.250000
vt 0.154762 0.261905
vt 0.160714 0.250000
vt 0.160714 0.261905
vt 0.148810 0.226190
vt 0.154762 0.226190
vt 0.148810 0.190476
vt 0.148810 0.202381
vt 0.142857 0.202381
vt 0.148810 0.214286
vt 0.142857 0.214286
vt 0.154762 0.190476
vt 0.154762 0.202381
vt 0.154762 0.214286
vt 0.160714 0.202381
vt 0.160714 0.214286
vt 0.148810 0.178571
vt 0.154762 0.178571
vt 0.148810 0.142857
vt 0.148810 0.154762
vt 0.142857 0.154762
vt 0.148810 0.166667
vt 0.142857 0.166667
vt 0.154762 0.142857
vt 0.154762 0.154762
vt 0.154762 0.166667
vt 0.160714 0.154762
vt 0.160714 0.166667
vt 0.148810 0.130952
vt 0.154762 0.130952
vt 0.148810 0.095238
vt 0.148810 0.107143
vt 0.142857 0.107143
vt 0.148810 0.119048
vt 0.142857 0.119048
vt 0.154762 0.095238
vt 0.154762 0.107143
vt 0.154762 0.119048
vt 0.160714 0.107143
vt 0.160714 0.119048
vt 0.148810 0.083333
vt 0.154762 0.083333
vt 0.148810 0.047619
vt 0.148810 0.059524
vt 0.142857 0.059524
vt 0.148810 0.071429
vt 0.142857 0.071429
vt 0.154762 0.047619
vt 0.154762 0.059524
vt 0.154762 0.071429
vt 0.160714 0.059524
vt 0.160714 0.071429
vt 0.148810 0.035714
vt 0.154762 0.035714
vt 0.142857 0.000000
vt 0.148810 0.000000
vt 0.148810 0.011905
vt 0.142857 0.011905
vt 0.148810 0.023810
vt 0.142857 0.023810
vt 0.154762 0.000000
vt 0.154762 0.011905
vt 0.154762 0.023810
vt 0.160714 0.000000
vt 0.160714 0.011905
vt 0.160714 0.023810
vt 0.125000 0.940476
vt 0.125000 0.952381
vt 0.130952 0.940476
vt 0.130952 0.952381
vt 0.125000 0.904762
vt 0.125000 0.916667
vt 0.119048 0.916667
vt 0.125000 0.928571
vt 0.119048 0.928571
vt 0.130952 0.904762
vt 0.130952 0.916667
vt 0.130952 0.928571
vt 0.136905 0.916667
vt 0.136905 0.928571
vt 0.125000 0.892857
vt 0.130952 0.892857
vt 0.125000 0.857143
vt 0.125000 0.869048
vt 0.119048 0.869048
vt 0.125000 0.880952
vt 0.119048 0.880952
vt 0.130952 0.857143
vt 0.130952 0.869048
vt 0.130952 0.880952
vt 0.136905 0.869048
vt 0.136905 0.880952
vt 0.125000 0.845238
vt 0.130952 0.845238
vt 0.125000 0.809524
vt 0.125000 0.821429
vt 0.119048 0.821429
vt 0.125000 0.833333
vt 0.119048 0.833333
vt 0.130952 0.809524
vt 0.130952 0.821429
vt 0.130952 0.833333
vt 0.136905 0.821429
vt 0.136905 0.833333
vt 0.125000 0.797619
vt 0.130952 0.797619
vt 0.125000 0.761905
vt 0.125000 0.773809
vt 0.119048 0.773810
vt 0.125000 0.785714
vt 0.119048 0.785714
vt 0.130952 0.761905
vt 0.130952 0.773809
vt 0.130952 0.785714
vt 0.136905 0.773810
vt 0.136905 0.785714
vt 0.125000 0.750000
vt 0.130952 0.750000
vt 0.125000 0.714286
vt 0.125000 0.726190
vt 0.119048 0.726190
vt 0.125000 0.738095
vt 0.119048 0.738095
vt 0.130952 0.714286
vt 0.130952 0.726190
vt 0.130952 0.738095
vt 0.136905 0.726190
vt 0.136905 0.738095
vt 0.125000 0.702381
vt 0.130952 0.702381
vt 0.125000 0.666667
vt 0.125000 0.678571
vt 0.119048 0.678571
vt 0.125000 0.690476
vt 0.119048 0.690476
vt 0.130952 0.666667
vt 0.130952 0.678571
vt 0.130952 0.690476
vt 0.136905 0.678571
vt 0.136905 0.690476
vt 0.125000 0.654762
vt 0.130952 0.654762
vt 0.125000 0.619048
vt 0.125000 0.630952
vt 0.119048 0.630952
vt 0.125000 0.642857
vt 0.119048 0.642857
vt 0.130952 0.619048
vt 0.130952 0.630952
vt 0.130952 0.642857
vt 0.136905 0.630952
vt 0.136905 0.642857
vt 0.125000 0.607143
vt 0.130952 0.607143
vt 0.125000 0.571429
vt 0.125000 0.583333
vt 0.119048 0.583333
vt 0.125000 0.595238
vt 0.119048 0.595238
vt 0.130952 0.571429
vt 0.130952 0.583333
vt 0.130952 0.595238
vt 0.136905 0.583333
vt 0.136905 0.595238
vt 0.125000 0.559524
vt 0.130952 0.559524
vt 0.125000 0.523810
vt 0.125000 0.535714
vt 0.119048 0.535714
vt 0.125000 0.547619
vt 0.119048 0.547619
vt 0.130952 0.523810
vt 0.130952 0.535714
vt 0.130952 0.547619
vt 0.136905 0.535714
vt 0.136905 0.547619
vt 0.125000 0.511905
vt 0.130952 0.511905
vt 0.125000 0.476190
vt 0.125000 0.488095
vt 0.119048 0.488095
vt 0.125000 0.500000
vt 0.119048 0.500000
vt 0.130952 0.476190
vt 0.130952 0.488095
vt 0.130952 0.500000
vt 0.136905 0.488095
vt 0.136905 0.500000
vt 0.125000 0.464286
vt 0.130952 0.464286
vt 0.125000 0.428571
vt 0.125000 0.440476
vt 0.119048 0.440476
vt 0.125000 0.452381
vt 0.119048 0.452381
vt 0.130952 0.428571
vt 0.130952 0.440476
vt 0.130952 0.452381
vt 0.136905 0.440476
vt 0.136905 0.452381
vt 0.125000 0.416667
vt 0.130952 0.416667
vt 0.125000 0.380952
vt 0.125000 0.392857
vt 0.119048 0.392857
vt 0.125000 0.404762
vt 0.119048 0.404762
vt 0.130952 0.380952
vt 0.130952 0.392857
vt 0.130952 0.404762
vt 0.136905 0.392857
vt 0.136905 0.404762
vt 0.125000 0.369048
vt 0.130952 0.369048
vt 0.125000 0.333333
vt 0.125000 0.345238
vt 0.119048 0.345238
vt 0.125000 0.357143
vt 0.119048 0.357143
vt 0.130952 0.333333
vt 0.130952 0.345238
vt 0.130952 0.357143
vt 0.136905 0.345238
vt 0.136905 0.357143
vt 0.125000 0.321429
vt 0.130952 0.321429
vt 0.125000 0.285714
vt 0.125000 0.297619
vt 0.119048 0.297619
vt 0.125000 0.309524
vt 0.119048 0.309524
vt 0.130952 0.285714
vt 0.130952 0.297619
vt 0.130952 0.309524
vt 0.136905 0.297619
vt 0.136905 0.309524
vt 0.125000 0.273809
vt 0.130952 0.273809
vt 0.125000 0.238095
vt 0.125000 0.250000
vt 0.119048 0.250000
vt 0.125000 0.261905
vt 0.119048 0.261905
vt 0.130952 0.238095
vt 0.130952 0.250000
vt 0.130952 0.261905
vt 0.136905 0.250000
vt 0.136905 0.261905
vt 0.125000 0.226190
vt 0.130952 0.226190
vt 0.125000 0.190476
vt 0.125000 0.202381
vt 0.119048 0.202381
vt 0.125000 0.214286
vt 0.119048 0.214286
vt 0.130952 0.190476
vt 0.130952 0.202381
vt 0.130952 0.214286
vt 0.136905 0.202381
vt 0.136905 0.214286
vt 0.125000 0.178571
vt 0.130952 0.178571
vt 0.125000 0.142857
vt 0.125000 0.154762
vt 0.119048 0.154762
vt 0.125000 0.166667
vt 0.119048 0.166667
vt 0.130952 0.142857
vt 0.130952 0.154762
vt 0.130952 0.166667
vt 0.136905 0.154762
vt 0.136905 0.166667
vt 0.125000 0.130952
vt 0.130952 0.130952
vt 0.125000 0.095238
vt 0.125000 0.107143
vt 0.119048 0.107143
vt 0.125000 0.119048
vt 0.119048 0.119048
vt 0.130952 0.095238
vt 0.130952 0.107143
vt 0.130952 0.119048
vt 0.136905 0.107143
vt 0.136905 0.119048
vt 0.125000 0.083333
vt 0.130952 0.083333
vt 0.125000 0.047619
vt 0.125000 0.059524
vt 0.119048 0.059524
vt 0.125000 0.071429
vt 0.119048 0.071429
vt 0.130952 0.047619
vt 0.130952 0.059524
vt 0.130952 0.071429
vt 0.136905 0.059524
vt 0.136905 0.071429
vt 0.125000 0.035714
vt 0.130952 0.035714
vt 0.119048 0.000000
vt 0.125000 0.000000
vt 0.125000 0.011905
vt 0.119048 0.011905
vt 0.125000 0.023810
vt 0.119048 0.023810
vt 0.130952 0.000000
vt 0.130952 0.011905
vt 0.130952 0.023810
vt 0.136905 0.000000
vt 0.136905 0.011905
vt 0.136905 0.023810
vt 0.101190 0.940476
vt 0.101190 0.952381
vt 0.107143 0.940476
vt 0.107143 0.952381
vt 0.101190 0.904762
vt 0.101190 0.916667
vt 0.095238 0.916667
vt 0.101190 0.928571
vt 0.095238 0.928571
vt 0.107143 0.904762
vt 0.107143 0.916667
vt 0.107143 0.928571
vt 0.113095 0.916667
vt 0.113095 0.928571
vt 0.101190 0.892857
vt 0.107143 0.892857
vt 0.101190 0.857143
vt 0.101190 0.869048
vt 0.095238 0.869048
vt 0.101190 0.880952
vt 0.095238 0.880952
vt 0.107143 0.857143
vt 0.107143 0.869048
vt 0.107143 0.880952
vt 0.113095 0.869048
vt 0.113095 0.880952
vt 0.101190 0.845238
vt 0.107143 0.845238
vt 0.101190 0.809524
vt 0.101190 0.821429
vt 0.095238 0.821429
vt 0.101190 0.833333
vt 0.095238 0.833333
vt 0.107143 0.809524
vt 0.107143 0.821429
vt 0.107143 0.833333
vt 0.113095 0.821429
vt 0.113095 0.833333
vt 0.101190 0.797619
vt 0.107143 0.797619
vt 0.101190 0.761905
vt 0.101190 0.773809
vt 0.095238 0.773810
vt 0.101190 0.785714
vt 0.095238 0.785714
vt 0.107143 0.761905
vt 0.107143 0.773809
vt 0.107143 0.785714
vt 0.113095 0.773810
vt 0.113095 0.785714
vt 0.101190 0.750000
vt 0.107143 0.750000
vt 0.101190 0.714286
vt 0.101190 0.726190
vt 0.095238 0.726190
vt 0.101190 0.738095
vt 0.095238 0.738095
vt 0.107143 0.714286
vt 0.107143 0.726190
vt 0.107143 0.738095
vt 0.113095 0.726190
vt 0.113095 0.738095
vt 0.101190 0.702381
vt 0.107143 0.702381
vt 0.101190 0.666667
vt 0.101190 0.678571
vt 0.095238 0.678571
vt 0.101190 0.690476
vt 0.095238 0.690476
vt 0.107143 0.666667
vt 0.107143 0.678571
vt 0.107143 0.690476
vt 0.113095 0.678571
vt 0.113095 0.690476
vt 0.101190 0.654762
vt 0.107143 0.654762
vt 0.101190 0.619048
vt 0.101190 0.630952
vt 0.095238 0.630952
vt 0.101190 0.642857
vt 0.095238 0.642857
vt 0.107143 0.619048
vt 0.107143 0.630952
vt 0.107143 0.642857
vt 0.113095 0.630952
vt 0.113095 0.642857
vt 0.101190 0.607143
vt 0.107143 0.607143
vt 0.101190 0.571429
vt 0.101190 0.583333
vt 0.095238 0.583333
vt 0.101190 0.595238
vt 0.095238 0.595238
vt 0.107143 0.571429
vt 0.107143 0.583333
vt 0.107143 0.595238
vt 0.113095 0.583333
vt 0.113095 0.595238
vt 0.101190 0.559524
vt 0.107143 0.559524
vt 0.101190 0.523810
vt 0.101190 0.535714
vt 0.095238 0.535714
vt 0.101190 0.547619
vt 0.095238 0.547619
vt 0.107143 0.523810
vt 0.107143 0.535714
vt 0.107143 0.547619
vt 0.113095 0.535714
vt 0.113095 0.547619
vt 0.101190 0.511905
vt 0.107143 0.511905
vt 0.101190 0.476190
vt 0.101190 0.488095
vt 0.095238 0.488095
vt 0.101190 0.500000
vt 0.095238 0.500000
vt 0.107143 0.476190
vt 0.107143 0.488095
vt 0.107143 0.500000
vt 0.113095 0.488095
vt 0.113095 0.500000
vt 0.101190 0.464286
vt 0.107143 0.464286
vt 0.101190 0.428571
vt 0.101190 0.440476
vt 0.095238 0.440476
vt 0.101190 0.452381
vt 0.095238 0.452381
vt 0.107143 0.428571
vt 0.107143 0.440476
vt 0.107143 0.452381
vt 0.113095 0.440476
vt 0.113095 0.452381
vt 0.101190 0.416667
vt 0.107143 0.416667
vt 0.101190 0.380952
vt 0.101190 0.392857
vt 0.095238 0.392857
vt 0.101190 0.404762
vt 0.095238 0.404762
vt 0.107143 0.380952
vt 0.107143 0.392857
vt 0.107143 0.404762
vt 0.113095 0.392857
vt 0.113095 0.404762
vt 0.101190 0.369048
vt 0.107143 0.369048
vt 0.101190 0.333333
vt 0.101190 0.345238
vt 0.095238 0.345238
vt 0.101190 0.357143
vt 0.095238 0.357143
vt 0.107143 0.333333
vt 0.107143 0.345238
vt 0.107143 0.357143
vt 0.113095 0.345238
vt 0.113095 0.357143
vt 0.101190 0.321429
vt 0.107143 0.321429
vt 0.101190 0.285714
vt 0.101190 0.297619
vt 0.095238 0.297619
vt 0.101190 0.309524
vt 0.095238 0.309524
vt 0.107143 0.285714
vt 0.107143 0.297619
vt 0.107143 0.309524
vt 0.113095 0.297619
vt 0.113095 0.309524
vt 0.101190 0.273809
vt 0.107143 0.273809
vt 0.101190 0.238095
vt 0.101190 0.250000
vt 0.095238 0.250000
vt 0.101190 0.261905
vt 0.095238 0.261905
vt 0.107143 0.238095
vt 0.107143 0.250000
vt 0.107143 0.261905
vt 0.113095 0.250000
vt 0.113095 0.261905
vt 0.101190 0.226190
vt 0.107143 0.226190
vt 0.101190 0.190476
vt 0.101190 0.202381
vt 0.095238 0.202381
vt 0.101190 0.214286
vt 0.095238 0.214286
vt 0.107143 0.190476
vt 0.107143 0.202381
vt 0.107143 0.214286
vt 0.113095 0.202381
vt 0.113095 0.214286
vt 0.101190 0.178571
vt 0.107143 0.178571
vt 0.101190 0.142857
vt 0.101190 0.154762
vt 0.095238 0.154762
vt 0.101190 0.166667
vt 0.095238 0.166667
vt 0.107143 0.142857
vt 0.107143 0.154762
vt 0.107143 0.166667
vt 0.113095 0.154762
vt 0.113095 0.166667
vt 0.101190 0.130952
vt 0.107143 0.130952
vt 0.101190 0.095238
vt 0.101190 0.107143
vt 0.095238 0.107143
vt 0.101190 0.119048
vt 0.095238 0.119048
vt 0.107143 0.095238
vt 0.107143 0.107143
vt 0.107143 0.119048
vt 0.113095 0.107143
vt 0.113095 0.119048
vt 0.101190 0.083333
vt 0.107143 0.083333
vt 0.101190 0.047619
vt 0.101190 0.059524
vt 0.095238 0.059524
vt 0.101190 0.071429
vt 0.095238 0.071429
vt 0.107143 0.047619
vt 0.107143 0.059524
vt 0.107143 0.071429
vt 0.113095 0.059524
vt 0.113095 0.071429
vt 0.101190 0.035714
vt 0.107143 0.035714
vt 0.095238 0.000000
vt 0.101190 0.000000
vt 0.101190 0.011905
vt 0.095238 0.011905
vt 0.101190 0.023810
vt 0.095238 0.023810
vt 0.107143 0.000000
vt 0.107143 0.011905
vt 0.107143 0.023810
vt 0.113095 0.000000
vt 0.113095 0.011905
vt 0.113095 0.023810
vt 0.077381 0.940476
vt 0.077381 0.952381
vt 0.083333 0.940476
vt 0.083333 0.952381
vt 0.077381 0.904762
vt 0.077381 0.916667
vt 0.071429 0.916667
vt 0.077381 0.928571
vt 0.071429 0.928571
vt 0.083333 0.904762
vt 0.083333 0.916667
vt 0.083333 0.928571
vt 0.089286 0.916667
vt 0.089286 0.928571
vt 0.077381 0.892857
vt 0.083333 0.892857
vt 0.077381 0.857143
vt 0.077381 0.869048
vt 0.071429 0.869048
vt 0.077381 0.880952
vt 0.071429 0.880952
vt 0.083333 0.857143
vt 0.083333 0.869048
vt 0.083333 0.880952
vt 0.089286 0.869048
vt 0.089286 0.880952
vt 0.077381 0.845238
vt 0.083333 0.845238
vt 0.077381 0.809524
vt 0.077381 0.821429
vt 0.071429 0.821429
vt 0.077381 0.833333
vt 0.071429 0.833333
vt 0.083333 0.809524
vt 0.083333 0.821429
vt 0.083333 0.833333
vt 0.089286 0.821429
vt 0.089286 0.833333
vt 0.077381 0.797619
vt 0.083333 0.797619
vt 0.077381 0.761905
vt 0.077381 0.773809
vt 0.071429 0.773810
vt 0.077381 0.785714
vt 0.071429 0.785714
vt 0.083333 0.761905
vt 0.083333 0.773809
vt 0.083333 0.785714
vt 0.089286 0.773810
vt 0.089286 0.785714
vt 0.077381 0.750000
vt 0.083333 0.750000
vt 0.077381 0.714286
vt 0.077381 0.726190
vt 0.071429 0.726190
vt 0.077381 0.738095
vt 0.071429 0.738095
vt 0.083333 0.714286
vt 0.083333 0.726190
vt 0.083333 0.738095
vt 0.089286 0.726190
vt 0.089286 0.738095
vt 0.077381 0.702381
vt 0.083333 0.702381
vt 0.077381 0.666667
vt 0.077381 0.678571
vt 0.071429 0.678571
vt 0.077381 0.690476
vt 0.071429 0.690476
vt 0.083333 0.666667
vt 0.083333 0.678571
vt 0.083333 0.690476
vt 0.089286 0.678571
vt 0.089286 0.690476
vt 0.077381 0.654762
vt 0.083333 0.654762
vt 0.077381 0.619048
vt 0.077381 0.630952
vt 0.071429 0.630952
vt 0.077381 0.642857
vt 0.071429 0.642857
vt 0.083333 0.619048
vt 0.083333 0.630952
vt 0.083333 0.642857
vt 0.089286 0.630952
vt 0.089286 0.642857
vt 0.077381 0.607143
vt 0.083333 0.607143
vt 0.077381 0.571429
vt 0.077381 0.583333
vt 0.071429 0.583333
vt 0.077381 0.595238
vt 0.071429 0.595238
vt 0.083333 0.571429
vt 0.083333 0.583333
vt 0.083333 0.595238
vt 0.089286 0.583333
vt 0.089286 0.595238
vt 0.077381 0.559524
vt 0.083333 0.559524
vt 0.077381 0.523810
vt 0.077381 0.535714
vt 0.071429 0.535714
vt 0.077381 0.547619
vt 0.071429 0.547619
vt 0.083333 0.523810
vt 0.083333 0.535714
vt 0.083333 0.547619
vt 0.089286 0.535714
vt 0.089286 0.547619
vt 0.077381 0.511905
vt 0.083333 0.511905
vt 0.077381 0.476190
vt 0.077381 0.488095
vt 0.071429 0.488095
vt 0.077381 0.500000
vt 0.071429 0.500000
vt 0.083333 0.476190
vt 0.083333 0.488095
vt 0.083333 0.500000
vt 0.089286 0.488095
vt 0.089286 0.500000
vt 0.077381 0.464286
vt 0.083333 0.464286
vt 0.077381 0.428571
vt 0.077381 0.440476
vt 0.071429 0.440476
vt 0.077381 0.452381
vt 0.071429 0.452381
vt 0.083333 0.428571
vt 0.083333 0.440476
vt 0.083333 0.452381
vt 0.089286 0.440476
vt 0.089286 0.452381
vt 0.077381 0.416667
vt 0.083333 0.416667
vt 0.077381 0.380952
vt 0.077381 0.392857
vt 0.071429 0.392857
vt 0.077381 0.404762
vt 0.071429 0.404762
vt 0.083333 0.380952
vt 0.083333 0.392857
vt 0.083333 0.404762
vt 0.089286 0.392857
vt 0.089286 0.404762
vt 0.077381 0.369048
vt 0.083333 0.369048
vt 0.077381 0.333333
vt 0.077381 0.345238
vt 0.071429 0.345238
vt 0.077381 0.357143
vt 0.071429 0.357143
vt 0.083333 0.333333
vt 0.083333 0.345238
vt 0.083333 0.357143
vt 0.089286 0.345238
vt 0.089286 0.357143
vt 0.077381 0.321429
vt 0.083333 0.321429
vt 0.077381 0.285714
vt 0.077381 0.297619
vt 0.071429 0.297619
vt 0.077381 0.309524
vt 0.071429 0.309524
vt 0.083333 0.285714
vt 0.083333 0.297619
vt 0.083333 0.309524
vt 0.089286 0.297619
vt 0.089286 0.309524
vt 0.077381 0.273809
vt 0.083333 0.273809
vt 0.077381 0.238095
vt 0.077381 0.250000
vt 0.071429 0.250000
vt 0.077381 0.261905
vt 0.071429 0.261905
vt 0.083333 0.238095
vt 0.083333 0.250000
vt 0.083333 0.261905
vt 0.089286 0.250000
vt 0.089286 0.261905
vt 0.077381 0.226190
vt 0.083333 0.226190
vt 0.077381 0.190476
vt 0.077381 0.202381
vt 0.071429 0.202381
vt 0.077381 0.214286
vt 0.071429 0.214286
vt 0.083333 0.190476
vt 0.083333 0.202381
vt 0.083333 0.214286
vt 0.089286 0.202381
vt 0.089286 0.214286
vt 0.077381 0.178571
vt 0.083333 0.178571
vt 0.077381 0.142857
vt 0.077381 0.154762
vt 0.071429 0.154762
vt 0.077381 0.166667
vt 0.071429 0.166667
vt 0.083333 0.142857
vt 0.083333 0.154762
vt 0.083333 0.166667
vt 0.089286 0.154762
vt 0.089286 0.166667
vt 0.077381 0.130952
vt 0.083333 0.130952
vt 0.077381 0.095238
vt 0.077381 0.107143
vt 0.071429 0.107143
vt 0.077381 0.119048
vt 0.071429 0.119048
vt 0.083333 0.095238
vt 0.083333 0.107143
vt 0.083333 0.119048
vt 0.089286 0.107143
vt 0.089286 0.119048
vt 0.077381 0.083333
vt 0.083333 0.083333
vt 0.077381 0.047619
vt 0.077381 0.059524
vt 0.071429 0.059524
vt 0.077381 0.071429
vt 0.071429 0.071429
vt 0.083333 0.047619
vt 0.083333 0.059524
vt 0.083333 0.071429
vt 0.089286 0.059524
vt 0.089286 0.071429
vt 0.077381 0.035714
vt 0.083333 0.035714
vt 0.071429 0.000000
vt 0.077381 0.000000
vt 0.077381 0.011905
vt 0.071429 0.011905
vt 0.077381 0.023810
vt 0.071429 0.023810
vt 0.083333 0.000000
vt 0.083333 0.011905
vt 0.083333 0.023810
vt 0.089286 0.000000
vt 0.089286 0.011905
vt 0.089286 0.023810
vt 0.053571 0.940476
vt 0.053571 0.952381
vt 0.059524 0.940476
vt 0.059524 0.952381
vt 0.053571 0.904762
vt 0.053571 0.916667
vt 0.047619 0.916667
vt 0.053571 0.928571
vt 0.047619 0.928571
vt 0.059524 0.904762
vt 0.059524 0.916667
vt 0.059524 0.928571
vt 0.065476 0.916667
vt 0.065476 0.928571
vt 0.053571 0.892857
vt 0.059524 0.892857
vt 0.053571 0.857143
vt 0.053571 0.869048
vt 0.047619 0.869048
vt 0.053571 0.880952
vt 0.047619 0.880952
vt 0.059524 0.857143
vt 0.059524 0.869048
vt 0.059524 0.880952
vt 0.065476 0.869048
vt 0.065476 0.880952
vt 0.053571 0.845238
vt 0.059524 0.845238
vt 0.053571 0.809524
vt 0.053571 0.821429
vt 0.047619 0.821429
vt 0.053571 0.833333
vt 0.047619 0.833333
vt 0.059524 0.809524
vt 0.059524 0.821429
vt 0.059524 0.833333
vt 0.065476 0.821429
vt 0.065476 0.833333
vt 0.053571 0.797619
vt 0.059524 0.797619
vt 0.053571 0.761905
vt 0.053571 0.773809
vt 0.047619 0.773810
vt 0.053571 0.785714
vt 0.047619 0.785714
vt 0.059524 0.761905
vt 0.059524 0.773809
vt 0.059524 0.785714
vt 0.065476 0.773810
vt 0.065476 0.785714
vt 0.053571 0.750000
vt 0.059524 0.750000
vt 0.053571 0.714286
vt 0.053571 0.726190
vt 0.047619 0.726190
vt 0.053571 0.738095
vt 0.047619 0.738095
vt 0.059524 0.714286
vt 0.059524 0.726190
vt 0.059524 0.738095
vt 0.065476 0.726190
vt 0.065476 0.738095
vt 0.053571 0.702381
vt 0.059524 0.702381
vt 0.053571 0.666667
vt 0.053571 0.678571
vt 0.047619 0.678571
vt 0.053571 0.690476
vt 0.047619 0.690476
vt 0.059524 0.666667
vt 0.059524 0.678571
vt 0.059524 0.690476
vt 0.065476 0.678571
vt 0.065476 0.690476
vt 0.053571 0.654762
vt 0.059524 0.654762
vt 0.053571 0.619048
vt 0.053571 0.630952
vt 0.047619 0.630952
vt 0.053571 0.642857
vt 0.047619 0.642857
vt 0.059524 0.619048
vt 0.059524 0.630952
vt 0.059524 0.642857
vt 0.065476 0.630952
vt 0.065476 0.642857
vt 0.053571 0.607143
vt 0.059524 0.607143
vt 0.053571 0.571429
vt 0.053571 0.583333
vt 0.047619 0.583333
vt 0.053571 0.595238
vt 0.047619 0.595238
vt 0.059524 0.571429
vt 0.059524 0.583333
vt 0.059524 0.595238
vt 0.065476 0.583333
vt 0.065476 0.595238
vt 0.053571 0.559524
vt 0.059524 0.559524
vt 0.053571 0.523810
vt 0.053571 0.535714
vt 0.047619 0.535714
vt 0.053571 0.547619
vt 0.047619 0.547619
vt 0.059524 0.523810
vt 0.059524 0.535714
vt 0.059524 0.547619
vt 0.065476 0.535714
vt 0.065476 0.547619
vt 0.053571 0.511905
vt 0.059524 0.511905
vt 0.053571 0.476190
vt 0.053571 0.488095
vt 0.047619 0.488095
vt 0.053571 0.500000
vt 0.047619 0.500000
vt 0.059524 0.476190
vt 0.059524 0.488095
vt 0.059524 0.500000
vt 0.065476 0.488095
vt 0.065476 0.500000
vt 0.053571 0.464286
vt 0.059524 0.464286
vt 0.053571 0.428571
vt 0.053571 0.440476
vt 0.047619 0.440476
vt 0.053571 0.452381
vt 0.047619 0.452381
vt 0.059524 0.428571
vt 0.059524 0.440476
vt 0.059524 0.452381
vt 0.065476 0.440476
vt 0.065476 0.452381
vt 0.053571 0.416667
vt 0.059524 0.416667
vt 0.053571 0.380952
vt 0.053571 0.392857
vt 0.047619 0.392857
vt 0.053571 0.404762
vt 0.047619 0.404762
vt 0.059524 0.380952
vt 0.059524 0.392857
vt 0.059524 0.404762
vt 0.065476 0.392857
vt 0.065476 0.404762
vt 0.053571 0.369048
vt 0.059524 0.369048
vt 0.053571 0.333333
vt 0.053571 0.345238
vt 0.047619 0.345238
vt 0.053571 0.357143
vt 0.047619 0.357143
vt 0.059524 0.333333
vt 0.059524 0.345238
vt 0.059524 0.357143
vt 0.065476 0.345238
vt 0.065476 0.357143
vt 0.053571 0.321429
vt 0.059524 0.321429
vt 0.053571 0.285714
vt 0.053571 0.297619
vt 0.047619 0.297619
vt 0.053571 0.309524
vt 0.047619 0.309524
vt 0.059524 0.285714
vt 0.059524 0.297619
vt 0.059524 0.309524
vt 0.065476 0.297619
vt 0.065476 0.309524
vt 0.053571 0.273809
vt 0.059524 0.273809
vt 0.053571 0.238095
vt 0.053571 0.250000
vt 0.047619 0.250000
vt 0.053571 0.261905
vt 0.047619 0.261905
vt 0.059524 0.238095
vt 0.059524 0.250000
vt 0.059524 0.261905
vt 0.065476 0.250000
vt 0.065476 0.261905
vt 0.053571 0.226190
vt 0.059524 0.226190
vt 0.053571 0.190476
vt 0.053571 0.202381
vt 0.047619 0.202381
vt 0.053571 0.214286
vt 0.047619 0.214286
vt 0.059524 0.190476
vt 0.059524 0.202381
vt 0.059524 0.214286
vt 0.065476 0.202381
vt 0.065476 0.214286
vt 0.053571 0.178571
vt 0.059524 0.178571
vt 0.053571 0.142857
vt 0.053571 0.154762
vt 0.047619 0.154762
vt 0.053571 0.166667
vt 0.047619 0.166667
vt 0.059524 0.142857
vt 0.059524 0.154762
vt 0.059524 0.166667
vt 0.065476 0.154762
vt 0.065476 0.166667
vt 0.053571 0.130952
vt 0.059524 0.130952
vt 0.053571 0.095238
vt 0.053571 0.107143
vt 0.047619 0.107143
vt 0.053571 0.119048
vt 0.047619 0.119048
vt 0.059524 0.095238
vt 0.059524 0.107143
vt 0.059524 0.119048
vt 0.065476 0.107143
vt 0.065476 0.119048
vt 0.053571 0.083333
vt 0.059524 0.083333
vt 0.053571 0.047619
vt 0.053571 0.059524
vt 0.047619 0.059524
vt 0.053571 0.071429
vt 0.047619 0.071429
vt 0.059524 0.047619
vt 0.059524 0.059524
vt 0.059524 0.071429
vt 0.065476 0.059524
vt 0.065476 0.071429
vt 0.053571 0.035714
vt 0.059524 0.035714
vt 0.047619 0.000000
vt 0.053571 0.000000
vt 0.053571 0.011905
vt 0.047619 0.011905
vt 0.053571 0.023810
vt 0.047619 0.023810
vt 0.059524 0.000000
vt 0.059524 0.011905
vt 0.059524 0.023810
vt 0.065476 0.000000
vt 0.065476 0.011905
vt 0.065476 0.023810
vt 0.029762 0.940476
vt 0.029762 0.952381
vt 0.035714 0.940476
vt 0.035714 0.952381
vt 0.029762 0.904762
vt 0.029762 0.916667
vt 0.023810 0.916667
vt 0.029762 0.928571
vt 0.023810 0.928571
vt 0.035714 0.904762
vt 0.035714 0.916667
vt 0.035714 0.928571
vt 0.041667 0.916667
vt 0.041667 0.928571
vt 0.029762 0.892857
vt 0.035714 0.892857
vt 0.029762 0.857143
vt 0.029762 0.869048
vt 0.023810 0.869048
vt 0.029762 0.880952
vt 0.023810 0.880952
vt 0.035714 0.857143
vt 0.035714 0.869048
vt 0.035714 0.880952
vt 0.041667 0.869048
vt 0.041667 0.880952
vt 0.029762 0.845238
vt 0.035714 0.845238
vt 0.029762 0.809524
vt 0.029762 0.821429
vt 0.023810 0.821429
vt 0.029762 0.833333
vt 0.023810 0.833333
vt 0.035714 0.809524
vt 0.035714 0.821429
vt 0.035714 0.833333
vt 0.041667 0.821429
vt 0.041667 0.833333
vt 0.029762 0.797619
vt 0.035714 0.797619
vt 0.029762 0.761905
vt 0.029762 0.773809
vt 0.023810 0.773810
vt 0.029762 0.785714
vt 0.023810 0.785714
vt 0.035714 0.761905
vt 0.035714 0.773809
vt 0.035714 0.785714
vt 0.041667 0.773810
vt 0.041667 0.785714
vt 0.029762 0.750000
vt 0.035714 0.750000
vt 0.029762 0.714286
vt 0.029762 0.726190
vt 0.023810 0.726190
vt 0.029762 0.738095
vt 0.023810 0.738095
vt 0.035714 0.714286
vt 0.035714 0.726190
vt 0.035714 0.738095
vt 0.041667 0.726190
vt 0.041667 0.738095
vt 0.029762 0.702381
vt 0.035714 0.702381
vt 0.029762 0.666667
vt 0.029762 0.678571
vt 0.023810 0.678571
vt 0.029762 0.690476
vt 0.023810 0.690476
vt 0.035714 0.666667
vt 0.035714 0.678571
vt 0.035714 0.690476
vt 0.041667 0.678571
vt 0.041667 0.690476
vt 0.029762 0.654762
vt 0.035714 0.654762
vt 0.029762 0.619048
vt 0.029762 0.630952
vt 0.023810 0.630952
vt 0.029762 0.642857
vt 0.023810 0.642857
vt 0.035714 0.619048
vt 0.035714 0.630952
vt 0.035714 0.642857
vt 0.041667 0.630952
vt 0.041667 0.642857
vt 0.029762 0.607143
vt 0.035714 0.607143
vt 0.029762 0.571429
vt 0.029762 0.583333
vt 0.023810 0.583333
vt 0.029762 0.595238
vt 0.023810 0.595238
vt 0.035714 0.571429
vt 0.035714 0.583333
vt 0.035714 0.595238
vt 0.041667 0.583333
vt 0.041667 0.595238
vt 0.029762 0.559524
vt 0.035714 0.559524
vt 0.029762 0.523810
vt 0.029762 0.535714
vt 0.023810 0.535714
vt 0.029762 0.547619
vt 0.023810 0.547619
vt 0.035714 0.523810
vt 0.035714 0.535714
vt 0.035714 0.547619
vt 0.041667 0.535714
vt 0.041667 0.547619
vt 0.029762 0.511905
vt 0.035714 0.511905
vt 0.029762 0.476190
vt 0.029762 0.488095
vt 0.023810 0.488095
vt 0.029762 0.500000
vt 0.023810 0.500000
vt 0.035714 0.476190
vt 0.035714 0.488095
vt 0.035714 0.500000
vt 0.041667 0.488095
vt 0.041667 0.500000
vt 0.029762 0.464286
vt 0.035714 0.464286
vt 0.029762 0.428571
vt 0.029762 0.440476
vt 0.023810 0.440476
vt 0.029762 0.452381
vt 0.023810 0.452381
vt 0.035714 0.428571
vt 0.035714 0.440476
vt 0.035714 0.452381
vt 0.041667 0.440476
vt 0.041667 0.452381
vt 0.029762 0.416667
vt 0.035714 0.416667
vt 0.029762 0.380952
vt 0.029762 0.392857
vt 0.023810 0.392857
vt 0.029762 0.404762
vt 0.023810 0.404762
vt 0.035714 0.380952
vt 0.035714 0.392857
vt 0.035714 0.404762
vt 0.041667 0.392857
vt 0.041667 0.404762
vt 0.029762 0.369048
vt 0.035714 0.369048
vt 0.029762 0.333333
vt 0.029762 0.345238
vt 0.023810 0.345238
vt 0.029762 0.357143
vt 0.023810 0.357143
vt 0.035714 0.333333
vt 0.035714 0.345238
vt 0.035714 0.357143
vt 0.041667 0.345238
vt 0.041667 0.357143
vt 0.029762 0.321429
vt 0.035714 0.321429
vt 0.029762 0.285714
vt 0.029762 0.297619
vt 0.023810 0.297619
vt 0.029762 0.309524
vt 0.023810 0.309524
vt 0.035714 0.285714
vt 0.035714 0.297619
vt 0.035714 0.309524
vt 0.041667 0.297619
vt 0.041667 0.309524
vt 0.029762 0.273809
vt 0.035714 0.273809
vt 0.029762 0.238095
vt 0.029762 0.250000
vt 0.023810 0.250000
vt 0.029762 0.261905
vt 0.023810 0.261905
vt 0.035714 0.238095
vt 0.035714 0.250000
vt 0.035714 0.261905
vt 0.041667 0.250000
vt 0.041667 0.261905
vt 0.029762 0.226190
vt 0.035714 0.226190
vt 0.029762 0.190476
vt 0.029762 0.202381
vt 0.023810 0.202381
vt 0.029762 0.214286
vt 0.023810 0.214286
vt 0.035714 0.190476
vt 0.035714 0.202381
vt 0.035714 0.214286
vt 0.041667 0.202381
vt 0.041667 0.214286
vt 0.029762 0.178571
vt 0.035714 0.178571
vt 0.029762 0.142857
vt 0.029762 0.154762
vt 0.023810 0.154762
vt 0.029762 0.166667
vt 0.023810 0.166667
vt 0.035714 0.142857
vt 0.035714 0.154762
vt 0.035714 0.166667
vt 0.041667 0.154762
vt 0.041667 0.166667
vt 0.029762 0.130952
vt 0.035714 0.130952
vt 0.029762 0.095238
vt 0.029762 0.107143
vt 0.023810 0.107143
vt 0.029762 0.119048
vt 0.023810 0.119048
vt 0.035714 0.095238
vt 0.035714 0.107143
vt 0.035714 0.119048
vt 0.041667 0.107143
vt 0.041667 0.119048
vt 0.029762 0.083333
vt 0.035714 0.083333
vt 0.029762 0.047619
vt 0.029762 0.059524
vt 0.023810 0.059524
vt 0.029762 0.071429
vt 0.023810 0.071429
vt 0.035714 0.047619
vt 0.035714 0.059524
vt 0.035714 0.071429
vt 0.041667 0.059524
vt 0.041667 0.071429
vt 0.029762 0.035714
vt 0.035714 0.035714
vt 0.023810 0.000000
vt 0.029762 0.000000
vt 0.029762 0.011905
vt 0.023810 0.011905
vt 0.029762 0.023810
vt 0.023810 0.023810
vt 0.035714 0.000000
vt 0.035714 0.011905
vt 0.035714 0.023810
vt 0.041667 0.000000
vt 0.041667 0.011905
vt 0.041667 0.023810
vt 0.000000 0.940476
vt 0.005952 0.940476
vt 0.005952 0.952381
vt 0.000000 0.952381
vt 0.011905 0.940476
vt 0.011905 0.952381
vt 0.000000 0.904762
vt 0.005952 0.904762
vt 0.005952 0.916667
vt 0.000000 0.916667
vt 0.005952 0.928571
vt 0.000000 0.928571
vt 0.011905 0.904762
vt 0.011905 0.916667
vt 0.011905 0.928571
vt 0.017857 0.916667
vt 0.017857 0.928571
vt 0.000000 0.892857
vt 0.005952 0.892857
vt 0.011905 0.892857
vt 0.000000 0.857143
vt 0.005952 0.857143
vt 0.005952 0.869048
vt 0.000000 0.869048
vt 0.005952 0.880952
vt 0.000000 0.880952
vt 0.011905 0.857143
vt 0.011905 0.869048
vt 0.011905 0.880952
vt 0.017857 0.869048
vt 0.017857 0.880952
vt 0.000000 0.845238
vt 0.005952 0.845238
vt 0.011905 0.845238
vt 0.000000 0.809524
vt 0.005952 0.809524
vt 0.005952 0.821429
vt 0.000000 0.821429
vt 0.005952 0.833333
vt 0.000000 0.833333
vt 0.011905 0.809524
vt 0.011905 0.821429
vt 0.011905 0.833333
vt 0.017857 0.821429
vt 0.017857 0.833333
vt 0.000000 0.797619
vt 0.005952 0.797619
vt 0.011905 0.797619
vt 0.000000 0.761905
vt 0.005952 0.761905
vt 0.005952 0.773809
vt 0.000000 0.773810
vt 0.005952 0.785714
vt 0.000000 0.785714
vt 0.011905 0.761905
vt 0.011905 0.773809
vt 0.011905 0.785714
vt 0.017857 0.773810
vt 0.017857 0.785714
vt 0.000000 0.750000
vt 0.005952 0.750000
vt 0.011905 0.750000
vt 0.000000 0.714286
vt 0.005952 0.714286
vt 0.005952 0.726190
vt 0.000000 0.726190
vt 0.005952 0.738095
vt 0.000000 0.738095
vt 0.011905 0.714286
vt 0.011905 0.726190
vt 0.011905 0.738095
vt 0.017857 0.726190
vt 0.017857 0.738095
vt 0.000000 0.702381
vt 0.005952 0.702381
vt 0.011905 0.702381
vt 0.000000 0.666667
vt 0.005952 0.666667
vt 0.005952 0.678571
vt 0.000000 0.678571
vt 0.005952 0.690476
vt 0.000000 0.690476
vt 0.011905 0.666667
vt 0.011905 0.678571
vt 0.011905 0.690476
vt 0.017857 0.678571
vt 0.017857 0.690476
vt 0.000000 0.654762
vt 0.005952 0.654762
vt 0.011905 0.654762
vt 0.000000 0.619048
vt 0.005952 0.619048
vt 0.005952 0.630952
vt 0.000000 0.630952
vt 0.005952 0.642857
vt 0.000000 0.642857
vt 0.011905 0.619048
vt 0.011905 0.630952
vt 0.011905 0.642857
vt 0.017857 0.630952
vt 0.017857 0.642857
vt 0.000000 0.607143
vt 0.005952 0.607143
vt 0.011905 0.607143
vt 0.000000 0.571429
vt 0.005952 0.571429
vt 0.005952 0.583333
vt 0.000000 0.583333
vt 0.005952 0.595238
vt 0.000000 0.595238
vt 0.011905 0.571429
vt 0.011905 0.583333
vt 0.011905 0.595238
vt 0.017857 0.583333
vt 0.017857 0.595238
vt 0.000000 0.559524
vt 0.005952 0.559524
vt 0.011905 0.559524
vt 0.000000 0.523810
vt 0.005952 0.523810
vt 0.005952 0.535714
vt 0.000000 0.535714
vt 0.005952 0.547619
vt 0.000000 0.547619
vt 0.011905 0.523810
vt 0.011905 0.535714
vt 0.011905 0.547619
vt 0.017857 0.535714
vt 0.017857 0.547619
vt 0.000000 0.511905
vt 0.005952 0.511905
vt 0.011905 0.511905
vt 0.000000 0.476190
vt 0.005952 0.476190
vt 0.005952 0.488095
vt 0.000000 0.488095
vt 0.005952 0.500000
vt 0.000000 0.500000
vt 0.011905 0.476190
vt 0.011905 0.488095
vt 0.011905 0.500000
vt 0.017857 0.488095
vt 0.017857 0.500000
vt 0.000000 0.464286
vt 0.005952 0.464286
vt 0.011905 0.464286
vt 0.000000 0.428571
vt 0.005952 0.428571
vt 0.005952 0.440476
vt 0.000000 0.440476
vt 0.005952 0.452381
vt 0.000000 0.452381
vt 0.011905 0.428571
vt 0.011905 0.440476
vt 0.011905 0.452381
vt 0.017857 0.440476
vt 0.017857 0.452381
vt 0.000000 0.416667
vt 0.005952 0.416667
vt 0.011905 0.416667
vt 0.000000 0.380952
vt 0.005952 0.380952
vt 0.005952 0.392857
vt 0.000000 0.392857
vt 0.005952 0.404762
vt 0.000000 0.404762
vt 0.011905 0.380952
vt 0.011905 0.392857
vt 0.011905 0.404762
vt 0.017857 0.392857
vt 0.017857 0.404762
vt 0.000000 0.369048
vt 0.005952 0.369048
vt 0.011905 0.369048
vt 0.000000 0.333333
vt 0.005952 0.333333
vt 0.005952 0.345238
vt 0.000000 0.345238
vt 0.005952 0.357143
vt 0.000000 0.357143
vt 0.011905 0.333333
vt 0.011905 0.345238
vt 0.011905 0.357143
vt 0.017857 0.345238
vt 0.017857 0.357143
vt 0.000000 0.321429
vt 0.005952 0.321429
vt 0.011905 0.321429
vt 0.000000 0.285714
vt 0.005952 0.285714
vt 0.005952 0.297619
vt 0.000000 0.297619
vt 0.005952 0.309524
vt 0.000000 0.309524
vt 0.011905 0.285714
vt 0.011905 0.297619
vt 0.011905 0.309524
vt 0.017857 0.297619
vt 0.017857 0.309524
vt 0.000000 0.273810
vt 0.005952 0.273809
vt 0.011905 0.273809
vt 0.000000 0.238095
vt 0.005952 0.238095
vt 0.005952 0.250000
vt 0.000000 0.250000
vt 0.005952 0.261905
vt 0.000000 0.261905
vt 0.011905 0.238095
vt 0.011905 0.250000
vt 0.011905 0.261905
vt 0.017857 0.250000
vt 0.017857 0.261905
vt 0.000000 0.226190
vt 0.005952 0.226190
vt 0.011905 0.226190
vt 0.000000 0.190476
vt 0.005952 0.190476
vt 0.005952 0.202381
vt 0.000000 0.202381
vt 0.005952 0.214286
vt 0.000000 0.214286
vt 0.011905 0.190476
vt 0.011905 0.202381
vt 0.011905 0.214286
vt 0.017857 0.202381
vt 0.017857 0.214286
vt 0.000000 0.178571
vt 0.005952 0.178571
vt 0.011905 0.178571
vt 0.000000 0.142857
vt 0.005952 0.142857
vt 0.005952 0.154762
vt 0.000000 0.154762
vt 0.005952 0.166667
vt 0.000000 0.166667
vt 0.011905 0.142857
vt 0.011905 0.154762
vt 0.011905 0.166667
vt 0.017857 0.154762
vt 0.017857 0.166667
vt 0.000000 0.130952
vt 0.005952 0.130952
vt 0.011905 0.130952
vt 0.000000 0.095238
vt 0.005952 0.095238
vt 0.005952 0.107143
vt 0.000000 0.107143
vt 0.005952 0.119048
vt 0.000000 0.119048
vt 0.011905 0.095238
vt 0.011905 0.107143
vt 0.011905 0.119048
vt 0.017857 0.107143
vt 0.017857 0.119048
vt 0.000000 0.083333
vt 0.005952 0.083333
vt 0.011905 0.083333
vt 0.000000 0.047619
vt 0.005952 0.047619
vt 0.005952 0.059524
vt 0.000000 0.059524
vt 0.005952 0.071429
vt 0.000000 0.071429
vt 0.011905 0.047619
vt 0.011905 0.059524
vt 0.011905 0.071429
vt 0.017857 0.059524
vt 0.017857 0.071429
vt 0.000000 0.035714
vt 0.005952 0.035714
vt 0.011905 0.035714
vt 0.000000 0.000000
vt 0.005952 0.000000
vt 0.005952 0.011905
vt 0.000000 0.011905
vt 0.005952 0.023810
vt 0.000000 0.023810
vt 0.011905 0.000000
vt 0.011905 0.011905
vt 0.011905 0.023810
vt 0.017857 0.000000
vt 0.017857 0.011905
vt 0.017857 0.023810
vt 0.458333 0.988095
vt 0.458333 1.000000
vt 0.464286 0.988095
vt 0.464286 1.000000
vt 0.458333 0.964286
vt 0.452381 0.964286
vt 0.458333 0.976190
vt 0.452381 0.976190
vt 0.464286 0.964286
vt 0.464286 0.976190
vt 0.470238 0.964286
vt 0.470238 0.976190
vt 0.476190 0.964286
vt 0.476190 0.976190
vt 0.434524 0.988095
vt 0.434524 1.000000
vt 0.440476 0.988095
vt 0.440476 1.000000
vt 0.434524 0.964286
vt 0.428571 0.964286
vt 0.434524 0.976190
vt 0.428571 0.976190
vt 0.440476 0.964286
vt 0.440476 0.976190
vt 0.446429 0.964286
vt 0.446429 0.976190
vt 0.410714 0.988095
vt 0.410714 1.000000
vt 0.416667 0.988095
vt 0.416667 1.000000
vt 0.410714 0.964286
vt 0.404762 0.964286
vt 0.410714 0.976190
vt 0.404762 0.976190
vt 0.416667 0.964286
vt 0.416667 0.976190
vt 0.422619 0.964286
vt 0.422619 0.976190
vt 0.386905 0.988095
vt 0.386905 1.000000
vt 0.392857 0.988095
vt 0.392857 1.000000
vt 0.386905 0.964286
vt 0.380952 0.964286
vt 0.386905 0.976190
vt 0.380952 0.976190
vt 0.392857 0.964286
vt 0.392857 0.976190
vt 0.398810 0.964286
vt 0.398809 0.976190
vt 0.363095 0.988095
vt 0.363095 1.000000
vt 0.369048 0.988095
vt 0.369048 1.000000
vt 0.363095 0.964286
vt 0.357143 0.964286
vt 0.363095 0.976190
vt 0.357143 0.976190
vt 0.369048 0.964286
vt 0.369048 0.976190
vt 0.375000 0.964286
vt 0.375000 0.976190
vt 0.339286 0.988095
vt 0.339286 1.000000
vt 0.345238 0.988095
vt 0.345238 1.000000
vt 0.339286 0.964286
vt 0.333333 0.964286
vt 0.339286 0.976190
vt 0.333333 0.976190
vt 0.345238 0.964286
vt 0.345238 0.976190
vt 0.351190 0.964286
vt 0.351190 0.976190
vt 0.315476 0.988095
vt 0.315476 1.000000
vt 0.321429 0.988095
vt 0.321429 1.000000
vt 0.315476 0.964286
vt 0.309524 0.964286
vt 0.315476 0.976190
vt 0.309524 0.976190
vt 0.321429 0.964286
vt 0.321429 0.976190
vt 0.327381 0.964286
vt 0.327381 0.976190
vt 0.291667 0.988095
vt 0.291667 1.000000
vt 0.297619 0.988095
vt 0.297619 1.000000
vt 0.291667 0.964286
vt 0.285714 0.964286
vt 0.291667 0.976190
vt 0.285714 0.976190
vt 0.297619 0.964286
vt 0.297619 0.976190
vt 0.303571 0.964286
vt 0.303571 0.976190
vt 0.267857 0.988095
vt 0.267857 1.000000
vt 0.273810 0.988095
vt 0.273810 1.000000
vt 0.267857 0.964286
vt 0.261905 0.964286
vt 0.267857 0.976190
vt 0.261905 0.976190
vt 0.273810 0.964286
vt 0.273810 0.976190
vt 0.279762 0.964286
vt 0.279762 0.976190
vt 0.244048 0.988095
vt 0.244048 1.000000
vt 0.250000 0.988095
vt 0.250000 1.000000
vt 0.244048 0.964286
vt 0.238095 0.964286
vt 0.244048 0.976190
vt 0.238095 0.976190
vt 0.250000 0.964286
vt 0.250000 0.976190
vt 0.255952 0.964286
vt 0.255952 0.976190
vt 0.220238 0.988095
vt 0.220238 1.000000
vt 0.226190 0.988095
vt 0.226190 1.000000
vt 0.220238 0.964286
vt 0.214286 0.964286
vt 0.220238 0.976190
vt 0.214286 0.976190
vt 0.226190 0.964286
vt 0.226190 0.976190
vt 0.232143 0.964286
vt 0.232143 0.976190
vt 0.196429 0.988095
vt 0.196429 1.000000
vt 0.202381 0.988095
vt 0.202381 1.000000
vt 0.196429 0.964286
vt 0.190476 0.964286
vt 0.196429 0.976190
vt 0.190476 0.976190
vt 0.202381 0.964286
vt 0.202381 0.976190
vt 0.208333 0.964286
vt 0.208333 0.976190
vt 0.172619 0.988095
vt 0.172619 1.000000
vt 0.178571 0.988095
vt 0.178571 1.000000
vt 0.172619 0.964286
vt 0.166667 0.964286
vt 0.172619 0.976190
vt 0.166667 0.976190
vt 0.178571 0.964286
vt 0.178571 0.976190
vt 0.184524 0.964286
vt 0.184524 0.976190
vt 0.148810 0.988095
vt 0.148810 1.000000
vt 0.154762 0.988095
vt 0.154762 1.000000
vt 0.148810 0.964286
vt 0.142857 0.964286
vt 0.148810 0.976190
vt 0.142857 0.976190
vt 0.154762 0.964286
vt 0.154762 0.976190
vt 0.160714 0.964286
vt 0.160714 0.976190
vt 0.125000 0.988095
vt 0.125000 1.000000
vt 0.130952 0.988095
vt 0.130952 1.000000
vt 0.125000 0.964286
vt 0.119048 0.964286
vt 0.125000 0.976190
vt 0.119048 0.976190
vt 0.130952 0.964286
vt 0.130952 0.976190
vt 0.136905 0.964286
vt 0.136905 0.976190
vt 0.101190 0.988095
vt 0.101190 1.000000
vt 0.107143 0.988095
vt 0.107143 1.000000
vt 0.101190 0.964286
vt 0.095238 0.964286
vt 0.101190 0.976190
vt 0.095238 0.976190
vt 0.107143 0.964286
vt 0.107143 0.976190
vt 0.113095 0.964286
vt 0.113095 0.976190
vt 0.077381 0.988095
vt 0.077381 1.000000
vt 0.083333 0.988095
vt 0.083333 1.000000
vt 0.077381 0.964286
vt 0.071429 0.964286
vt 0.077381 0.976190
vt 0.071429 0.976190
vt 0.083333 0.964286
vt 0.083333 0.976190
vt 0.089286 0.964286
vt 0.089286 0.976190
vt 0.053571 0.988095
vt 0.053571 1.000000
vt 0.059524 0.988095
vt 0.059524 1.000000
vt 0.053571 0.964286
vt 0.047619 0.964286
vt 0.053571 0.976190
vt 0.047619 0.976190
vt 0.059524 0.964286
vt 0.059524 0.976190
vt 0.065476 0.964286
vt 0.065476 0.976190
vt 0.029762 0.988095
vt 0.029762 1.000000
vt 0.035714 0.988095
vt 0.035714 1.000000
vt 0.029762 0.964286
vt 0.023810 0.964286
vt 0.029762 0.976190
vt 0.023810 0.976190
vt 0.035714 0.964286
vt 0.035714 0.976190
vt 0.041667 0.964286
vt 0.041667 0.976190
vt 0.000000 0.988095
vt 0.005952 0.988095
vt 0.005952 1.000000
vt 0.000000 1.000000
vt 0.011905 0.988095
vt 0.011905 1.000000
vt 0.005952 0.964286
vt 0.000000 0.964286
vt 0.005952 0.976190
vt 0.000000 0.976190
vt 0.011905 0.964286
vt 0.011905 0.976190
vt 0.017857 0.964286
vt 0.017857 0.976190
vt 0.482143 0.988095
vt 0.482143 1.000000
vt 0.488095 0.988095
vt 0.488095 1.000000
vt 0.482143 0.964286
vt 0.482143 0.976190
vt 0.488095 0.964286
vt 0.488095 0.976190
vt 0.494048 0.964286
vt 0.494048 0.976190
vt 0.500000 0.964286
vt 0.500000 0.976190
vn -0.7051 -0.6979 0.1254
vn 0.6527 -0.6942 0.3035
vn 0.5846 -0.6940 0.4203
vn 0.5168 -0.6939 0.5014
vn 0.4490 -0.6939 0.5630
vn 0.3811 -0.6939 0.6109
vn 0.3134 -0.6939 0.6483
vn 0.2456 -0.6939 0.6769
vn 0.1779 -0.6939 0.6978
vn 0.1101 -0.6939 0.7116
vn 0.0424 -0.6939 0.7189
vn -0.0255 -0.6939 0.7197
vn -0.0932 -0.6939 0.7141
vn -0.1610 -0.6939 0.7019
vn -0.2287 -0.6939 0.6828
vn -0.2965 -0.6939 0.6562
vn -0.3642 -0.6939 0.6212
vn -0.4320 -0.6939 0.5761
vn -0.4998 -0.6939 0.5184
vn -0.5676 -0.6940 0.4430
vn -0.6356 -0.6941 0.3380
vn 0.6520 0.6437 0.4007
vn 0.6515 0.5765 0.4932
vn 0.6512 0.5093 0.5626
vn 0.6509 0.4424 0.6169
vn 0.6506 0.3754 0.6601
vn 0.6504 0.3086 0.6941
vn 0.6502 0.2418 0.7202
vn 0.6501 0.1751 0.7394
vn 0.6501 0.1084 0.7521
vn 0.6500 0.0418 0.7588
vn 0.6500 -0.0250 0.7595
vn 0.6501 -0.0917 0.7543
vn 0.6501 -0.1583 0.7431
vn 0.6502 -0.2252 0.7256
vn 0.6504 -0.2919 0.7013
vn 0.6506 -0.3587 0.6694
vn 0.6508 -0.4257 0.6287
vn 0.6511 -0.4925 0.5774
vn 0.6514 -0.5597 0.5123
vn 0.6518 -0.6269 0.4268
vn 0.5842 0.6435 0.4945
vn 0.5838 0.5764 0.5718
vn 0.5835 0.5092 0.6326
vn 0.5832 0.4423 0.6813
vn 0.5831 0.3754 0.7205
vn 0.5829 0.3086 0.7517
vn 0.5828 0.2418 0.7758
vn 0.5827 0.1751 0.7936
vn 0.5826 0.1084 0.8055
vn 0.5825 0.0418 0.8117
vn 0.5825 -0.0250 0.8124
vn 0.5826 -0.0917 0.8076
vn 0.5827 -0.1583 0.7972
vn 0.5827 -0.2252 0.7809
vn 0.5829 -0.2918 0.7584
vn 0.5830 -0.3586 0.7290
vn 0.5831 -0.4257 0.6919
vn 0.5834 -0.4925 0.6458
vn 0.5837 -0.5596 0.5883
vn 0.5841 -0.6267 0.5158
vn 0.5164 0.6435 0.5650
vn 0.5161 0.5764 0.6336
vn 0.5159 0.5092 0.6889
vn 0.5157 0.4423 0.7338
vn 0.5154 0.3754 0.7703
vn 0.5152 0.3086 0.7996
vn 0.5151 0.2418 0.8223
vn 0.5150 0.1751 0.8391
vn 0.5149 0.1084 0.8503
vn 0.5149 0.0418 0.8562
vn 0.5149 -0.0250 0.8569
vn 0.5150 -0.0917 0.8523
vn 0.5150 -0.1583 0.8425
vn 0.5151 -0.2252 0.8270
vn 0.5152 -0.2918 0.8059
vn 0.5154 -0.3586 0.7783
vn 0.5156 -0.4256 0.7436
vn 0.5159 -0.4924 0.7010
vn 0.5161 -0.5596 0.6485
vn 0.5163 -0.6267 0.5837
vn 0.4487 0.6435 0.6202
vn 0.4484 0.5764 0.6832
vn 0.4482 0.5092 0.7347
vn 0.4479 0.4423 0.7770
vn 0.4478 0.3754 0.8115
vn 0.4477 0.3086 0.8392
vn 0.4476 0.2418 0.8609
vn 0.4475 0.1750 0.8770
vn 0.4475 0.1084 0.8877
vn 0.4475 0.0418 0.8933
vn 0.4475 -0.0250 0.8940
vn 0.4475 -0.0916 0.8896
vn 0.4475 -0.1583 0.8801
vn 0.4476 -0.2251 0.8654
vn 0.4477 -0.2918 0.8452
vn 0.4478 -0.3586 0.8191
vn 0.4479 -0.4256 0.7863
vn 0.4481 -0.4924 0.7461
vn 0.4483 -0.5596 0.6971
vn 0.4486 -0.6267 0.6372
vn 0.3809 0.6435 0.6640
vn 0.3807 0.5764 0.7231
vn 0.3806 0.5092 0.7719
vn 0.3804 0.4423 0.8122
vn 0.3803 0.3753 0.8453
vn 0.3802 0.3086 0.8719
vn 0.3800 0.2418 0.8928
vn 0.3800 0.1751 0.9083
vn 0.3799 0.1083 0.9187
vn 0.3799 0.0418 0.9241
vn 0.3799 -0.0250 0.9247
vn 0.3799 -0.0916 0.9205
vn 0.3799 -0.1582 0.9114
vn 0.3800 -0.2251 0.8972
vn 0.3801 -0.2918 0.8777
vn 0.3803 -0.3586 0.8525
vn 0.3804 -0.4256 0.8211
vn 0.3805 -0.4924 0.7827
vn 0.3807 -0.5595 0.7362
vn 0.3809 -0.6267 0.6799
vn 0.3133 0.6435 0.6985
vn 0.3130 0.5764 0.7549
vn 0.3128 0.5092 0.8018
vn 0.3127 0.4423 0.8406
vn 0.3126 0.3753 0.8726
vn 0.3125 0.3086 0.8984
vn 0.3124 0.2418 0.9187
vn 0.3124 0.1751 0.9337
vn 0.3123 0.1084 0.9438
vn 0.3123 0.0418 0.9491
vn 0.3123 -0.0250 0.9496
vn 0.3123 -0.0917 0.9455
vn 0.3124 -0.1582 0.9367
vn 0.3124 -0.2252 0.9229
vn 0.3125 -0.2918 0.9040
vn 0.3125 -0.3586 0.8796
vn 0.3127 -0.4256 0.8492
vn 0.3128 -0.4924 0.8122
vn 0.3130 -0.5595 0.7674
vn 0.3132 -0.6267 0.7136
vn 0.2455 0.6434 0.7251
vn 0.2453 0.5764 0.7795
vn 0.2452 0.5092 0.8250
vn 0.2451 0.4423 0.8627
vn 0.2451 0.3754 0.8939
vn 0.2450 0.3085 0.9191
vn 0.2449 0.2418 0.9389
vn 0.2449 0.1750 0.9536
vn 0.2449 0.1084 0.9635
vn 0.2449 0.0418 0.9686
vn 0.2449 -0.0250 0.9692
vn 0.2449 -0.0917 0.9652
vn 0.2449 -0.1582 0.9565
vn 0.2450 -0.2251 0.9430
vn 0.2450 -0.2918 0.9246
vn 0.2451 -0.3586 0.9008
vn 0.2451 -0.4256 0.8711
vn 0.2452 -0.4924 0.8351
vn 0.2453 -0.5595 0.7917
vn 0.2454 -0.6267 0.7396
vn 0.1778 0.6434 0.7446
vn 0.1777 0.5764 0.7976
vn 0.1776 0.5092 0.8421
vn 0.1775 0.4423 0.8791
vn 0.1774 0.3753 0.9098
vn 0.1774 0.3086 0.9345
vn 0.1773 0.2418 0.9540
vn 0.1773 0.1751 0.9685
vn 0.1772 0.1084 0.9782
vn 0.1772 0.0418 0.9833
vn 0.1772 -0.0250 0.9839
vn 0.1772 -0.0917 0.9799
vn 0.1773 -0.1583 0.9713
vn 0.1773 -0.2251 0.9581
vn 0.1774 -0.2918 0.9399
vn 0.1774 -0.3586 0.9165
vn 0.1775 -0.4256 0.8873
vn 0.1776 -0.4924 0.8520
vn 0.1777 -0.5595 0.8095
vn 0.1778 -0.6267 0.7587
vn 0.1100 0.6434 0.7575
vn 0.1099 0.5764 0.8098
vn 0.1099 0.5092 0.8536
vn 0.1098 0.4423 0.8901
vn 0.1098 0.3753 0.9204
vn 0.1098 0.3085 0.9449
vn 0.1098 0.2418 0.9641
vn 0.1097 0.1751 0.9784
vn 0.1097 0.1084 0.9880
vn 0.1098 0.0418 0.9931
vn 0.1098 -0.0250 0.9936
vn 0.1097 -0.0917 0.9897
vn 0.1097 -0.1583 0.9813
vn 0.1098 -0.2251 0.9681
vn 0.1098 -0.2918 0.9502
vn 0.1098 -0.3586 0.9270
vn 0.1098 -0.4256 0.8982
vn 0.1099 -0.4924 0.8634
vn 0.1099 -0.5595 0.8215
vn 0.1100 -0.6266 0.7715
vn 0.0424 0.6434 0.7643
vn 0.0423 0.5764 0.8161
vn 0.0423 0.5092 0.8596
vn 0.0423 0.4423 0.8959
vn 0.0423 0.3753 0.9259
vn 0.0423 0.3086 0.9503
vn 0.0422 0.2418 0.9694
vn 0.0423 0.1751 0.9837
vn 0.0423 0.1084 0.9932
vn 0.0423 0.0418 0.9982
vn 0.0423 -0.0250 0.9988
vn 0.0423 -0.0917 0.9949
vn 0.0423 -0.1583 0.9865
vn 0.0422 -0.2251 0.9734
vn 0.0423 -0.2918 0.9555
vn 0.0423 -0.3586 0.9325
vn 0.0423 -0.4256 0.9039
vn 0.0423 -0.4924 0.8693
vn 0.0423 -0.5595 0.8277
vn 0.0424 -0.6267 0.7781
vn -0.0254 0.6434 0.7651
vn -0.0254 0.5763 0.8168
vn -0.0254 0.5092 0.8603
vn -0.0254 0.4423 0.8965
vn -0.0254 0.3753 0.9265
vn -0.0254 0.3086 0.9509
vn -0.0254 0.2418 0.9700
vn -0.0253 0.1751 0.9842
vn -0.0253 0.1084 0.9938
vn -0.0253 0.0418 0.9988
vn -0.0253 -0.0250 0.9994
vn -0.0253 -0.0917 0.9955
vn -0.0254 -0.1583 0.9871
vn -0.0254 -0.2251 0.9740
vn -0.0254 -0.2918 0.9561
vn -0.0254 -0.3586 0.9331
vn -0.0254 -0.4256 0.9046
vn -0.0254 -0.4924 0.8700
vn -0.0254 -0.5595 0.8284
vn -0.0254 -0.6267 0.7789
vn -0.0931 0.6434 0.7598
vn -0.0930 0.5763 0.8119
vn -0.0930 0.5092 0.8556
vn -0.0930 0.4423 0.8920
vn -0.0929 0.3753 0.9222
vn -0.0929 0.3085 0.9467
vn -0.0929 0.2418 0.9659
vn -0.0929 0.1750 0.9802
vn -0.0929 0.1084 0.9898
vn -0.0928 0.0418 0.9948
vn -0.0928 -0.0250 0.9954
vn -0.0929 -0.0916 0.9915
vn -0.0929 -0.1583 0.9830
vn -0.0929 -0.2251 0.9699
vn -0.0929 -0.2918 0.9520
vn -0.0929 -0.3586 0.9289
vn -0.0930 -0.4256 0.9001
vn -0.0930 -0.4924 0.8654
vn -0.0930 -0.5595 0.8236
vn -0.0931 -0.6267 0.7737
vn -0.1609 0.6434 0.7484
vn -0.1607 0.5763 0.8012
vn -0.1606 0.5092 0.8455
vn -0.1606 0.4423 0.8824
vn -0.1605 0.3753 0.9129
vn -0.1604 0.3086 0.9376
vn -0.1604 0.2418 0.9570
vn -0.1603 0.1751 0.9714
vn -0.1604 0.1084 0.9811
vn -0.1603 0.0418 0.9862
vn -0.1603 -0.0250 0.9867
vn -0.1604 -0.0916 0.9828
vn -0.1603 -0.1583 0.9743
vn -0.1604 -0.2251 0.9610
vn -0.1604 -0.2918 0.9429
vn -0.1605 -0.3586 0.9196
vn -0.1605 -0.4256 0.8905
vn -0.1606 -0.4924 0.8554
vn -0.1607 -0.5595 0.8131
vn -0.1608 -0.6267 0.7625
vn -0.2286 0.6434 0.7306
vn -0.2284 0.5764 0.7846
vn -0.2284 0.5092 0.8298
vn -0.2283 0.4423 0.8673
vn -0.2282 0.3753 0.8984
vn -0.2281 0.3085 0.9234
vn -0.2281 0.2418 0.9431
vn -0.2280 0.1751 0.9578
vn -0.2280 0.1084 0.9676
vn -0.2280 0.0418 0.9728
vn -0.2280 -0.0250 0.9733
vn -0.2280 -0.0917 0.9693
vn -0.2280 -0.1583 0.9607
vn -0.2281 -0.2251 0.9473
vn -0.2281 -0.2918 0.9289
vn -0.2282 -0.3586 0.9052
vn -0.2282 -0.4256 0.8757
vn -0.2283 -0.4924 0.8399
vn -0.2284 -0.5595 0.7967
vn -0.2285 -0.6267 0.7450
vn -0.2963 0.6434 0.7058
vn -0.2961 0.5763 0.7617
vn -0.2959 0.5092 0.8082
vn -0.2958 0.4423 0.8467
vn -0.2957 0.3753 0.8784
vn -0.2956 0.3086 0.9041
vn -0.2956 0.2418 0.9242
vn -0.2955 0.1751 0.9392
vn -0.2955 0.1084 0.9492
vn -0.2955 0.0418 0.9544
vn -0.2955 -0.0250 0.9550
vn -0.2954 -0.0917 0.9510
vn -0.2955 -0.1583 0.9421
vn -0.2955 -0.2252 0.9284
vn -0.2956 -0.2918 0.9096
vn -0.2957 -0.3586 0.8854
vn -0.2958 -0.4256 0.8552
vn -0.2959 -0.4924 0.8185
vn -0.2960 -0.5595 0.7741
vn -0.2962 -0.6267 0.7208
vn -0.3640 0.6434 0.6734
vn -0.3638 0.5764 0.7317
vn -0.3637 0.5092 0.7800
vn -0.3635 0.4423 0.8199
vn -0.3633 0.3754 0.8527
vn -0.3632 0.3085 0.8791
vn -0.3631 0.2418 0.8998
vn -0.3630 0.1751 0.9152
vn -0.3630 0.1083 0.9255
vn -0.3629 0.0418 0.9309
vn -0.3629 -0.0250 0.9315
vn -0.3630 -0.0916 0.9273
vn -0.3630 -0.1582 0.9182
vn -0.3631 -0.2251 0.9041
vn -0.3632 -0.2918 0.8848
vn -0.3633 -0.3586 0.8599
vn -0.3635 -0.4256 0.8287
vn -0.3636 -0.4924 0.7907
vn -0.3638 -0.5595 0.7447
vn -0.3640 -0.6267 0.6891
vn -0.4318 0.6435 0.6321
vn -0.4314 0.5764 0.6940
vn -0.4312 0.5092 0.7448
vn -0.4311 0.4423 0.7865
vn -0.4310 0.3753 0.8206
vn -0.4308 0.3086 0.8481
vn -0.4307 0.2418 0.8695
vn -0.4307 0.1750 0.8854
vn -0.4306 0.1084 0.8960
vn -0.4306 0.0418 0.9016
vn -0.4306 -0.0250 0.9022
vn -0.4306 -0.0916 0.8979
vn -0.4306 -0.1583 0.8885
vn -0.4307 -0.2252 0.8740
vn -0.4308 -0.2918 0.8540
vn -0.4309 -0.3586 0.8281
vn -0.4310 -0.4256 0.7957
vn -0.4312 -0.4924 0.7560
vn -0.4314 -0.5596 0.7077
vn -0.4317 -0.6267 0.6488
vn -0.4995 0.6435 0.5800
vn -0.4992 0.5764 0.6470
vn -0.4990 0.5092 0.7012
vn -0.4987 0.4423 0.7454
vn -0.4985 0.3754 0.7814
vn -0.4984 0.3086 0.8102
vn -0.4982 0.2418 0.8326
vn -0.4981 0.1751 0.8492
vn -0.4981 0.1084 0.8603
vn -0.4981 0.0418 0.8661
vn -0.4980 -0.0250 0.8668
vn -0.4980 -0.0917 0.8623
vn -0.4981 -0.1583 0.8525
vn -0.4982 -0.2251 0.8373
vn -0.4983 -0.2918 0.8164
vn -0.4985 -0.3586 0.7893
vn -0.4986 -0.4256 0.7551
vn -0.4989 -0.4924 0.7131
vn -0.4992 -0.5596 0.6616
vn -0.4994 -0.6267 0.5982
vn -0.5673 0.6435 0.5139
vn -0.5668 0.5764 0.5886
vn -0.5666 0.5093 0.6478
vn -0.5663 0.4423 0.6954
vn -0.5662 0.3754 0.7339
vn -0.5660 0.3086 0.7645
vn -0.5659 0.2418 0.7882
vn -0.5658 0.1751 0.8058
vn -0.5657 0.1083 0.8175
vn -0.5656 0.0418 0.8236
vn -0.5656 -0.0250 0.8243
vn -0.5657 -0.0917 0.8195
vn -0.5657 -0.1583 0.8092
vn -0.5658 -0.2252 0.7932
vn -0.5660 -0.2918 0.7710
vn -0.5661 -0.3586 0.7422
vn -0.5663 -0.4256 0.7058
vn -0.5665 -0.4925 0.6607
vn -0.5668 -0.5596 0.6047
vn -0.5672 -0.6267 0.5343
vn -0.6350 0.6436 0.4272
vn -0.6345 0.5765 0.5148
vn -0.6343 0.5093 0.5816
vn -0.6340 0.4424 0.6343
vn -0.6337 0.3754 0.6764
vn -0.6335 0.3086 0.7095
vn -0.6333 0.2419 0.7351
vn -0.6332 0.1751 0.7539
vn -0.6332 0.1083 0.7664
vn -0.6332 0.0418 0.7729
vn -0.6332 -0.0250 0.7736
vn -0.6332 -0.0917 0.7686
vn -0.6332 -0.1583 0.7576
vn -0.6333 -0.2252 0.7404
vn -0.6335 -0.2918 0.7166
vn -0.6337 -0.3587 0.6854
vn -0.6339 -0.4256 0.6458
vn -0.6342 -0.4925 0.5960
vn -0.6345 -0.5596 0.5331
vn -0.6349 -0.6268 0.4517
vn -0.7028 0.6441 0.3019
vn -0.7023 0.5766 0.4175
vn -0.7019 0.5094 0.4978
vn -0.7016 0.4425 0.5586
vn -0.7014 0.3754 0.6059
vn -0.7012 0.3086 0.6427
vn -0.7010 0.2418 0.6709
vn -0.7008 0.1751 0.6915
vn -0.7007 0.1084 0.7051
vn -0.7007 0.0418 0.7123
vn -0.7007 -0.0250 0.7131
vn -0.7007 -0.0917 0.7075
vn -0.7008 -0.1583 0.6955
vn -0.7009 -0.2252 0.6767
vn -0.7012 -0.2919 0.6505
vn -0.7013 -0.3587 0.6160
vn -0.7015 -0.4257 0.5715
vn -0.7018 -0.4926 0.5146
vn -0.7022 -0.5598 0.4399
vn -0.7026 -0.6272 0.3361
vn -0.6518 -0.6269 0.4268
vn -0.6688 -0.6269 0.3996
vn -0.6857 -0.6270 0.3696
vn -0.6515 -0.5765 0.4932
vn -0.6516 -0.5933 0.4727
vn -0.6517 -0.6101 0.4507
vn -0.6684 -0.5765 0.4699
vn -0.6685 -0.5933 0.4484
vn -0.6687 -0.6101 0.4250
vn -0.6853 -0.5766 0.4448
vn -0.6855 -0.5934 0.4219
vn -0.6856 -0.6102 0.3970
vn -0.7023 -0.5766 0.4175
vn -0.7024 -0.5935 0.3930
vn -0.7025 -0.6103 0.3661
vn -0.6514 -0.5597 0.5123
vn -0.6683 -0.5597 0.4900
vn -0.6852 -0.5598 0.4660
vn -0.6512 -0.5093 0.5626
vn -0.6513 -0.5261 0.5469
vn -0.6513 -0.5428 0.5302
vn -0.6681 -0.5093 0.5424
vn -0.6682 -0.5261 0.5261
vn -0.6683 -0.5429 0.5087
vn -0.6850 -0.5093 0.5209
vn -0.6851 -0.5261 0.5038
vn -0.6852 -0.5429 0.4856
vn -0.7019 -0.5094 0.4978
vn -0.7020 -0.5262 0.4799
vn -0.7021 -0.5429 0.4607
vn -0.6512 -0.4925 0.5774
vn -0.6680 -0.4926 0.5578
vn -0.6849 -0.4926 0.5369
vn -0.6509 -0.4424 0.6169
vn -0.6510 -0.4591 0.6045
vn -0.6511 -0.4758 0.5914
vn -0.6678 -0.4424 0.5986
vn -0.6679 -0.4591 0.5858
vn -0.6679 -0.4758 0.5722
vn -0.6847 -0.4424 0.5792
vn -0.6848 -0.4591 0.5659
vn -0.6849 -0.4758 0.5519
vn -0.7016 -0.4425 0.5586
vn -0.7016 -0.4592 0.5449
vn -0.7017 -0.4759 0.5302
vn -0.6508 -0.4257 0.6287
vn -0.6677 -0.4257 0.6107
vn -0.6846 -0.4257 0.5917
vn -0.6506 -0.3754 0.6601
vn -0.6507 -0.3922 0.6502
vn -0.6508 -0.4089 0.6398
vn -0.6676 -0.3754 0.6430
vn -0.6676 -0.3922 0.6328
vn -0.6677 -0.4089 0.6221
vn -0.6845 -0.3754 0.6249
vn -0.6845 -0.3922 0.6145
vn -0.6846 -0.4089 0.6034
vn -0.7014 -0.3755 0.6059
vn -0.7014 -0.3922 0.5951
vn -0.7014 -0.4090 0.5837
vn -0.6506 -0.3587 0.6694
vn -0.6675 -0.3587 0.6525
vn -0.6845 -0.3586 0.6347
vn -0.6504 -0.3086 0.6941
vn -0.6505 -0.3252 0.6864
vn -0.6505 -0.3419 0.6782
vn -0.6673 -0.3086 0.6778
vn -0.6674 -0.3253 0.6699
vn -0.6675 -0.3419 0.6615
vn -0.6842 -0.3086 0.6607
vn -0.6843 -0.3253 0.6526
vn -0.6844 -0.3420 0.6440
vn -0.7012 -0.3086 0.6427
vn -0.7013 -0.3253 0.6344
vn -0.7013 -0.3420 0.6255
vn -0.6504 -0.2919 0.7013
vn -0.6673 -0.2919 0.6852
vn -0.6842 -0.2919 0.6683
vn -0.6502 -0.2418 0.7202
vn -0.6502 -0.2586 0.7143
vn -0.6503 -0.2752 0.7081
vn -0.6671 -0.2418 0.7046
vn -0.6672 -0.2586 0.6986
vn -0.6672 -0.2752 0.6922
vn -0.6841 -0.2418 0.6882
vn -0.6841 -0.2586 0.6820
vn -0.6842 -0.2752 0.6754
vn -0.7010 -0.2418 0.6709
vn -0.7010 -0.2586 0.6646
vn -0.7011 -0.2752 0.6578
vn -0.6502 -0.2252 0.7256
vn -0.6671 -0.2252 0.7101
vn -0.6840 -0.2252 0.6938
vn -0.6501 -0.1751 0.7394
vn -0.6502 -0.1917 0.7352
vn -0.6502 -0.2085 0.7306
vn -0.6670 -0.1751 0.7242
vn -0.6670 -0.1917 0.7199
vn -0.6670 -0.2085 0.7152
vn -0.6839 -0.1751 0.7082
vn -0.6840 -0.1917 0.7039
vn -0.6840 -0.2085 0.6991
vn -0.7008 -0.1751 0.6915
vn -0.7009 -0.1917 0.6870
vn -0.7009 -0.2085 0.6821
vn -0.6501 -0.1583 0.7431
vn -0.6670 -0.1583 0.7281
vn -0.6839 -0.1583 0.7122
vn -0.6501 -0.1084 0.7521
vn -0.6501 -0.1250 0.7495
vn -0.6501 -0.1417 0.7465
vn -0.6669 -0.1084 0.7372
vn -0.6670 -0.1250 0.7345
vn -0.6670 -0.1417 0.7315
vn -0.6838 -0.1084 0.7216
vn -0.6838 -0.1249 0.7189
vn -0.6838 -0.1417 0.7157
vn -0.7007 -0.1084 0.7051
vn -0.7008 -0.1249 0.7024
vn -0.7008 -0.1417 0.6991
vn -0.6501 -0.0917 0.7543
vn -0.6669 -0.0917 0.7395
vn -0.6838 -0.0917 0.7239
vn -0.6500 -0.0418 0.7588
vn -0.6500 -0.0583 0.7577
vn -0.6500 -0.0751 0.7562
vn -0.6669 -0.0418 0.7440
vn -0.6669 -0.0584 0.7429
vn -0.6669 -0.0751 0.7413
vn -0.6838 -0.0418 0.7285
vn -0.6838 -0.0584 0.7273
vn -0.6838 -0.0751 0.7258
vn -0.7007 -0.0418 0.7123
vn -0.7007 -0.0583 0.7111
vn -0.7007 -0.0751 0.7095
vn -0.6500 -0.0250 0.7595
vn -0.6669 -0.0250 0.7448
vn -0.6838 -0.0250 0.7293
vn -0.6500 0.0250 0.7595
vn -0.6500 0.0084 0.7599
vn -0.6500 -0.0084 0.7599
vn -0.6669 0.0250 0.7448
vn -0.6669 0.0084 0.7451
vn -0.6669 -0.0084 0.7451
vn -0.6838 0.0250 0.7293
vn -0.6837 0.0084 0.7297
vn -0.6838 -0.0084 0.7297
vn -0.7007 0.0250 0.7131
vn -0.7007 0.0084 0.7134
vn -0.7007 -0.0084 0.7134
vn -0.6500 0.0418 0.7588
vn -0.6669 0.0418 0.7440
vn -0.6838 0.0418 0.7285
vn -0.6501 0.0917 0.7543
vn -0.6500 0.0751 0.7562
vn -0.6500 0.0583 0.7577
vn -0.6669 0.0917 0.7395
vn -0.6669 0.0751 0.7413
vn -0.6669 0.0584 0.7429
vn -0.6838 0.0917 0.7239
vn -0.6838 0.0751 0.7258
vn -0.6838 0.0584 0.7273
vn -0.7007 0.0917 0.7075
vn -0.7007 0.0751 0.7095
vn -0.7007 0.0583 0.7111
vn -0.6501 0.1083 0.7521
vn -0.6669 0.1084 0.7372
vn -0.6838 0.1084 0.7216
vn -0.6501 0.1583 0.7431
vn -0.6501 0.1417 0.7465
vn -0.6501 0.1250 0.7495
vn -0.6670 0.1583 0.7281
vn -0.6670 0.1417 0.7315
vn -0.6670 0.1250 0.7345
vn -0.6839 0.1583 0.7122
vn -0.6838 0.1417 0.7157
vn -0.6838 0.1249 0.7189
vn -0.7008 0.1583 0.6955
vn -0.7008 0.1417 0.6991
vn -0.7008 0.1249 0.7024
vn -0.6501 0.1751 0.7394
vn -0.6670 0.1751 0.7242
vn -0.6839 0.1751 0.7082
vn -0.6502 0.2252 0.7256
vn -0.6502 0.2085 0.7306
vn -0.6502 0.1917 0.7352
vn -0.6671 0.2252 0.7101
vn -0.6670 0.2085 0.7152
vn -0.6670 0.1917 0.7200
vn -0.6840 0.2252 0.6938
vn -0.6840 0.2085 0.6991
vn -0.6840 0.1917 0.7039
vn -0.7009 0.2252 0.6767
vn -0.7009 0.2085 0.6821
vn -0.7009 0.1917 0.6870
vn -0.6502 0.2418 0.7202
vn -0.6671 0.2418 0.7046
vn -0.6841 0.2418 0.6882
vn -0.6504 0.2919 0.7013
vn -0.6503 0.2752 0.7081
vn -0.6502 0.2586 0.7144
vn -0.6673 0.2919 0.6852
vn -0.6672 0.2752 0.6922
vn -0.6672 0.2586 0.6986
vn -0.6842 0.2919 0.6683
vn -0.6842 0.2752 0.6754
vn -0.6841 0.2586 0.6820
vn -0.7012 0.2919 0.6505
vn -0.7011 0.2752 0.6578
vn -0.7010 0.2586 0.6646
vn -0.6504 0.3086 0.6941
vn -0.6673 0.3086 0.6778
vn -0.6842 0.3086 0.6607
vn -0.6506 0.3587 0.6694
vn -0.6505 0.3419 0.6781
vn -0.6505 0.3253 0.6864
vn -0.6675 0.3587 0.6525
vn -0.6675 0.3419 0.6615
vn -0.6674 0.3253 0.6699
vn -0.6845 0.3586 0.6347
vn -0.6844 0.3420 0.6440
vn -0.6843 0.3253 0.6526
vn -0.7013 0.3587 0.6160
vn -0.7013 0.3420 0.6255
vn -0.7013 0.3252 0.6344
vn -0.6506 0.3754 0.6601
vn -0.6676 0.3754 0.6430
vn -0.6845 0.3754 0.6249
vn -0.6508 0.4257 0.6287
vn -0.6508 0.4089 0.6398
vn -0.6507 0.3922 0.6502
vn -0.6677 0.4257 0.6107
vn -0.6677 0.4089 0.6221
vn -0.6676 0.3922 0.6328
vn -0.6846 0.4257 0.5917
vn -0.6846 0.4089 0.6034
vn -0.6845 0.3922 0.6145
vn -0.7015 0.4257 0.5715
vn -0.7014 0.4090 0.5837
vn -0.7014 0.3922 0.5952
vn -0.6509 0.4424 0.6169
vn -0.6678 0.4424 0.5986
vn -0.6847 0.4424 0.5792
vn -0.6512 0.4925 0.5774
vn -0.6511 0.4758 0.5914
vn -0.6510 0.4591 0.6045
vn -0.6680 0.4926 0.5578
vn -0.6679 0.4758 0.5722
vn -0.6679 0.4591 0.5858
vn -0.6849 0.4926 0.5369
vn -0.6849 0.4758 0.5519
vn -0.6848 0.4591 0.5659
vn -0.7018 0.4926 0.5146
vn -0.7017 0.4759 0.5302
vn -0.7016 0.4592 0.5449
vn -0.6512 0.5093 0.5626
vn -0.6681 0.5093 0.5424
vn -0.6850 0.5093 0.5209
vn -0.6514 0.5597 0.5123
vn -0.6513 0.5428 0.5302
vn -0.6513 0.5261 0.5469
vn -0.6683 0.5597 0.4900
vn -0.6683 0.5429 0.5087
vn -0.6682 0.5261 0.5261
vn -0.6852 0.5598 0.4660
vn -0.6852 0.5429 0.4856
vn -0.6851 0.5261 0.5039
vn -0.7022 0.5598 0.4399
vn -0.7021 0.5429 0.4607
vn -0.7020 0.5262 0.4799
vn -0.6515 0.5765 0.4932
vn -0.6684 0.5765 0.4699
vn -0.6853 0.5766 0.4448
vn -0.6518 0.6269 0.4268
vn -0.6517 0.6101 0.4507
vn -0.6516 0.5933 0.4727
vn -0.6688 0.6269 0.3996
vn -0.6687 0.6101 0.4250
vn -0.6685 0.5933 0.4484
vn -0.6857 0.6270 0.3696
vn -0.6856 0.6102 0.3970
vn -0.6855 0.5934 0.4219
vn -0.7026 0.6272 0.3361
vn -0.7025 0.6103 0.3661
vn -0.7024 0.5935 0.3930
vn -0.6520 0.6437 0.4007
vn -0.6690 0.6437 0.3716
vn -0.6859 0.6439 0.3391
vn -0.6527 0.6942 0.3035
vn -0.6524 0.6773 0.3400
vn -0.6522 0.6605 0.3720
vn -0.6698 0.6943 0.2631
vn -0.6694 0.6775 0.3049
vn -0.6692 0.6606 0.3404
vn -0.6871 0.6948 0.2126
vn -0.6865 0.6777 0.2636
vn -0.6861 0.6608 0.3044
vn -0.7051 0.6979 0.1254
vn -0.7035 0.6785 0.2118
vn -0.7031 0.6611 0.2619
vn -0.5841 -0.6267 0.5158
vn -0.6010 -0.6268 0.4959
vn -0.6179 -0.6268 0.4746
vn -0.5838 -0.5764 0.5718
vn -0.5839 -0.5932 0.5542
vn -0.5840 -0.6100 0.5356
vn -0.6007 -0.5764 0.5539
vn -0.6008 -0.5932 0.5358
vn -0.6009 -0.6100 0.5165
vn -0.6177 -0.5764 0.5350
vn -0.6177 -0.5932 0.5162
vn -0.6179 -0.6100 0.4962
vn -0.6345 -0.5765 0.5148
vn -0.6346 -0.5933 0.4953
vn -0.6347 -0.6100 0.4743
vn -0.5837 -0.5596 0.5883
vn -0.6007 -0.5596 0.5710
vn -0.6176 -0.5596 0.5526
vn -0.5835 -0.5092 0.6326
vn -0.5836 -0.5260 0.6187
vn -0.5836 -0.5428 0.6039
vn -0.6004 -0.5092 0.6166
vn -0.6005 -0.5260 0.6022
vn -0.6006 -0.5428 0.5871
vn -0.6174 -0.5093 0.5996
vn -0.6175 -0.5260 0.5848
vn -0.6175 -0.5428 0.5692
vn -0.6343 -0.5093 0.5816
vn -0.6344 -0.5261 0.5664
vn -0.6345 -0.5428 0.5503
vn -0.5834 -0.4925 0.6458
vn -0.6003 -0.4925 0.6301
vn -0.6173 -0.4925 0.6135
vn -0.5832 -0.4423 0.6813
vn -0.5833 -0.4591 0.6701
vn -0.5833 -0.4758 0.6583
vn -0.6001 -0.4424 0.6665
vn -0.6002 -0.4591 0.6550
vn -0.6003 -0.4758 0.6429
vn -0.6170 -0.4424 0.6509
vn -0.6171 -0.4591 0.6391
vn -0.6172 -0.4758 0.6267
vn -0.6340 -0.4424 0.6343
vn -0.6341 -0.4591 0.6223
vn -0.6341 -0.4758 0.6095
vn -0.5831 -0.4257 0.6919
vn -0.6000 -0.4257 0.6773
vn -0.6170 -0.4256 0.6620
vn -0.5831 -0.3754 0.7205
vn -0.5831 -0.3921 0.7115
vn -0.5831 -0.4089 0.7020
vn -0.5999 -0.3754 0.7065
vn -0.6000 -0.3921 0.6973
vn -0.6000 -0.4089 0.6876
vn -0.6168 -0.3754 0.6918
vn -0.6168 -0.3921 0.6824
vn -0.6169 -0.4089 0.6725
vn -0.6337 -0.3754 0.6764
vn -0.6338 -0.3921 0.6668
vn -0.6338 -0.4089 0.6566
vn -0.5830 -0.3586 0.7290
vn -0.5999 -0.3586 0.7152
vn -0.6168 -0.3586 0.7007
vn -0.5829 -0.3086 0.7517
vn -0.5829 -0.3252 0.7446
vn -0.5830 -0.3419 0.7370
vn -0.5998 -0.3086 0.7383
vn -0.5998 -0.3252 0.7311
vn -0.5999 -0.3419 0.7234
vn -0.6166 -0.3086 0.7242
vn -0.6167 -0.3253 0.7169
vn -0.6167 -0.3419 0.7090
vn -0.6335 -0.3086 0.7095
vn -0.6336 -0.3252 0.7020
vn -0.6336 -0.3419 0.6940
vn -0.5829 -0.2918 0.7584
vn -0.5997 -0.2918 0.7451
vn -0.6166 -0.2918 0.7312
vn -0.5827 -0.2418 0.7758
vn -0.5828 -0.2586 0.7704
vn -0.5828 -0.2752 0.7646
vn -0.5997 -0.2418 0.7628
vn -0.5997 -0.2586 0.7573
vn -0.5997 -0.2752 0.7514
vn -0.6165 -0.2418 0.7493
vn -0.6165 -0.2586 0.7437
vn -0.6166 -0.2752 0.7376
vn -0.6333 -0.2418 0.7351
vn -0.6334 -0.2586 0.7293
vn -0.6334 -0.2752 0.7232
vn -0.5827 -0.2252 0.7809
vn -0.5996 -0.2252 0.7680
vn -0.6165 -0.2252 0.7545
vn -0.5827 -0.1751 0.7936
vn -0.5827 -0.1917 0.7898
vn -0.5827 -0.2085 0.7855
vn -0.5995 -0.1751 0.7810
vn -0.5996 -0.1917 0.7770
vn -0.5996 -0.2085 0.7727
vn -0.6164 -0.1751 0.7677
vn -0.6164 -0.1917 0.7637
vn -0.6165 -0.2085 0.7593
vn -0.6332 -0.1751 0.7539
vn -0.6333 -0.1917 0.7498
vn -0.6333 -0.2085 0.7453
vn -0.5826 -0.1583 0.7972
vn -0.5995 -0.1583 0.7845
vn -0.6164 -0.1583 0.7714
vn -0.5826 -0.1084 0.8055
vn -0.5826 -0.1250 0.8031
vn -0.5826 -0.1417 0.8003
vn -0.5995 -0.1084 0.7930
vn -0.5995 -0.1249 0.7906
vn -0.5995 -0.1417 0.7877
vn -0.6163 -0.1084 0.7800
vn -0.6164 -0.1250 0.7775
vn -0.6164 -0.1417 0.7746
vn -0.6332 -0.1084 0.7664
vn -0.6332 -0.1250 0.7638
vn -0.6332 -0.1417 0.7609
vn -0.5826 -0.0917 0.8076
vn -0.5995 -0.0917 0.7951
vn -0.6163 -0.0917 0.7821
vn -0.5825 -0.0418 0.8117
vn -0.5826 -0.0583 0.8107
vn -0.5826 -0.0750 0.8093
vn -0.5994 -0.0418 0.7993
vn -0.5994 -0.0584 0.7983
vn -0.5995 -0.0750 0.7969
vn -0.6163 -0.0418 0.7864
vn -0.6163 -0.0584 0.7853
vn -0.6163 -0.0751 0.7839
vn -0.6332 -0.0418 0.7729
vn -0.6332 -0.0584 0.7718
vn -0.6332 -0.0750 0.7704
vn -0.5825 -0.0250 0.8124
vn -0.5994 -0.0250 0.8000
vn -0.6163 -0.0250 0.7871
vn -0.5825 0.0250 0.8124
vn -0.5825 0.0084 0.8128
vn -0.5825 -0.0084 0.8128
vn -0.5994 0.0250 0.8000
vn -0.5994 0.0084 0.8004
vn -0.5994 -0.0084 0.8004
vn -0.6163 0.0250 0.7871
vn -0.6163 0.0084 0.7875
vn -0.6163 -0.0084 0.7875
vn -0.6332 0.0250 0.7736
vn -0.6331 0.0084 0.7740
vn -0.6331 -0.0084 0.7740
vn -0.5825 0.0418 0.8117
vn -0.5994 0.0418 0.7993
vn -0.6163 0.0418 0.7864
vn -0.5826 0.0917 0.8076
vn -0.5826 0.0751 0.8093
vn -0.5826 0.0583 0.8107
vn -0.5995 0.0917 0.7951
vn -0.5995 0.0750 0.7969
vn -0.5994 0.0584 0.7983
vn -0.6163 0.0917 0.7821
vn -0.6163 0.0751 0.7839
vn -0.6163 0.0584 0.7853
vn -0.6332 0.0917 0.7686
vn -0.6332 0.0750 0.7704
vn -0.6332 0.0584 0.7718
vn -0.5826 0.1084 0.8055
vn -0.5995 0.1084 0.7930
vn -0.6163 0.1084 0.7800
vn -0.5826 0.1583 0.7972
vn -0.5826 0.1417 0.8003
vn -0.5826 0.1250 0.8031
vn -0.5995 0.1583 0.7845
vn -0.5995 0.1417 0.7877
vn -0.5995 0.1249 0.7906
vn -0.6164 0.1583 0.7714
vn -0.6164 0.1417 0.7746
vn -0.6164 0.1249 0.7775
vn -0.6332 0.1583 0.7576
vn -0.6332 0.1417 0.7609
vn -0.6332 0.1250 0.7638
vn -0.5827 0.1751 0.7936
vn -0.5995 0.1751 0.7810
vn -0.6164 0.1751 0.7677
vn -0.5827 0.2252 0.7809
vn -0.5827 0.2085 0.7855
vn -0.5827 0.1916 0.7898
vn -0.5996 0.2252 0.7680
vn -0.5996 0.2085 0.7727
vn -0.5996 0.1917 0.7770
vn -0.6165 0.2252 0.7545
vn -0.6165 0.2085 0.7593
vn -0.6164 0.1917 0.7637
vn -0.6333 0.2252 0.7404
vn -0.6333 0.2085 0.7453
vn -0.6333 0.1917 0.7498
vn -0.5828 0.2418 0.7758
vn -0.5997 0.2418 0.7628
vn -0.6165 0.2418 0.7493
vn -0.5829 0.2918 0.7584
vn -0.5828 0.2752 0.7646
vn -0.5828 0.2586 0.7704
vn -0.5997 0.2918 0.7451
vn -0.5997 0.2752 0.7514
vn -0.5997 0.2586 0.7573
vn -0.6166 0.2918 0.7312
vn -0.6166 0.2752 0.7376
vn -0.6165 0.2586 0.7437
vn -0.6335 0.2918 0.7166
vn -0.6334 0.2752 0.7232
vn -0.6334 0.2586 0.7293
vn -0.5829 0.3086 0.7517
vn -0.5998 0.3086 0.7383
vn -0.6166 0.3086 0.7242
vn -0.5830 0.3586 0.7290
vn -0.5830 0.3419 0.7370
vn -0.5829 0.3252 0.7446
vn -0.5999 0.3586 0.7152
vn -0.5999 0.3419 0.7233
vn -0.5998 0.3252 0.7311
vn -0.6168 0.3586 0.7007
vn -0.6167 0.3419 0.7090
vn -0.6167 0.3253 0.7169
vn -0.6337 0.3587 0.6854
vn -0.6336 0.3419 0.6940
vn -0.6336 0.3252 0.7020
vn -0.5831 0.3754 0.7205
vn -0.5999 0.3754 0.7065
vn -0.6168 0.3754 0.6918
vn -0.5831 0.4257 0.6919
vn -0.5831 0.4089 0.7020
vn -0.5831 0.3921 0.7115
vn -0.6000 0.4257 0.6773
vn -0.6000 0.4089 0.6876
vn -0.6000 0.3921 0.6973
vn -0.6170 0.4256 0.6620
vn -0.6169 0.4089 0.6725
vn -0.6168 0.3921 0.6824
vn -0.6339 0.4256 0.6458
vn -0.6338 0.4089 0.6566
vn -0.6338 0.3921 0.6668
vn -0.5832 0.4423 0.6813
vn -0.6001 0.4424 0.6665
vn -0.6170 0.4424 0.6509
vn -0.5834 0.4925 0.6458
vn -0.5833 0.4758 0.6583
vn -0.5833 0.4591 0.6701
vn -0.6003 0.4925 0.6301
vn -0.6003 0.4758 0.6429
vn -0.6002 0.4591 0.6550
vn -0.6173 0.4925 0.6135
vn -0.6172 0.4758 0.6267
vn -0.6171 0.4591 0.6391
vn -0.6342 0.4925 0.5960
vn -0.6341 0.4758 0.6095
vn -0.6340 0.4591 0.6223
vn -0.5835 0.5092 0.6326
vn -0.6004 0.5092 0.6166
vn -0.6174 0.5093 0.5996
vn -0.5837 0.5596 0.5883
vn -0.5836 0.5428 0.6039
vn -0.5836 0.5260 0.6187
vn -0.6007 0.5596 0.5710
vn -0.6006 0.5428 0.5871
vn -0.6005 0.5260 0.6022
vn -0.6176 0.5596 0.5526
vn -0.6175 0.5428 0.5692
vn -0.6175 0.5260 0.5848
vn -0.6345 0.5596 0.5331
vn -0.6345 0.5428 0.5503
vn -0.6344 0.5261 0.5664
vn -0.5838 0.5764 0.5718
vn -0.6007 0.5764 0.5539
vn -0.6177 0.5764 0.5350
vn -0.5841 0.6267 0.5158
vn -0.5840 0.6100 0.5356
vn -0.5839 0.5932 0.5542
vn -0.6010 0.6268 0.4959
vn -0.6009 0.6100 0.5165
vn -0.6008 0.5932 0.5358
vn -0.6179 0.6268 0.4746
vn -0.6179 0.6100 0.4962
vn -0.6178 0.5932 0.5162
vn -0.6349 0.6268 0.4517
vn -0.6347 0.6100 0.4743
vn -0.6346 0.5933 0.4953
vn -0.5842 0.6435 0.4945
vn -0.6011 0.6436 0.4738
vn -0.6181 0.6436 0.4514
vn -0.5846 0.6940 0.4203
vn -0.5845 0.6771 0.4471
vn -0.5843 0.6603 0.4717
vn -0.6016 0.6940 0.3955
vn -0.6014 0.6772 0.4240
vn -0.6013 0.6603 0.4499
vn -0.6186 0.6940 0.3683
vn -0.6184 0.6772 0.3987
vn -0.6183 0.6604 0.4262
vn -0.6356 0.6941 0.3380
vn -0.6354 0.6772 0.3709
vn -0.6352 0.6604 0.4004
vn -0.5163 -0.6267 0.5837
vn -0.5332 -0.6267 0.5682
vn -0.5502 -0.6267 0.5518
vn -0.5161 -0.5764 0.6336
vn -0.5162 -0.5932 0.6179
vn -0.5162 -0.6099 0.6012
vn -0.5330 -0.5764 0.6194
vn -0.5331 -0.5932 0.6033
vn -0.5332 -0.6099 0.5863
vn -0.5499 -0.5764 0.6044
vn -0.5500 -0.5932 0.5879
vn -0.5501 -0.6099 0.5704
vn -0.5668 -0.5764 0.5886
vn -0.5669 -0.5932 0.5716
vn -0.5670 -0.6100 0.5535
vn -0.5161 -0.5596 0.6485
vn -0.5329 -0.5596 0.6347
vn -0.5499 -0.5596 0.6201
vn -0.5159 -0.5092 0.6889
vn -0.5160 -0.5260 0.6761
vn -0.5160 -0.5427 0.6627
vn -0.5328 -0.5092 0.6759
vn -0.5329 -0.5260 0.6629
vn -0.5329 -0.5427 0.6492
vn -0.5497 -0.5092 0.6622
vn -0.5497 -0.5260 0.6489
vn -0.5498 -0.5428 0.6349
vn -0.5666 -0.5093 0.6478
vn -0.5667 -0.5260 0.6342
vn -0.5667 -0.5428 0.6199
vn -0.5159 -0.4924 0.7010
vn -0.5328 -0.4924 0.6882
vn -0.5497 -0.4924 0.6748
vn -0.5157 -0.4423 0.7338
vn -0.5157 -0.4591 0.7234
vn -0.5158 -0.4758 0.7125
vn -0.5325 -0.4424 0.7216
vn -0.5326 -0.4591 0.7110
vn -0.5327 -0.4758 0.6999
vn -0.5495 -0.4423 0.7088
vn -0.5495 -0.4591 0.6981
vn -0.5496 -0.4758 0.6867
vn -0.5663 -0.4423 0.6954
vn -0.5664 -0.4591 0.6844
vn -0.5665 -0.4758 0.6729
vn -0.5156 -0.4256 0.7436
vn -0.5325 -0.4256 0.7316
vn -0.5494 -0.4256 0.7190
vn -0.5154 -0.3754 0.7703
vn -0.5155 -0.3921 0.7619
vn -0.5156 -0.4089 0.7530
vn -0.5324 -0.3754 0.7587
vn -0.5324 -0.3921 0.7502
vn -0.5325 -0.4089 0.7412
vn -0.5493 -0.3754 0.7466
vn -0.5493 -0.3921 0.7379
vn -0.5494 -0.4089 0.7287
vn -0.5662 -0.3754 0.7339
vn -0.5662 -0.3921 0.7250
vn -0.5662 -0.4089 0.7157
vn -0.5154 -0.3586 0.7783
vn -0.5324 -0.3586 0.7668
vn -0.5492 -0.3586 0.7548
vn -0.5152 -0.3086 0.7996
vn -0.5153 -0.3252 0.7929
vn -0.5153 -0.3420 0.7858
vn -0.5322 -0.3086 0.7884
vn -0.5322 -0.3252 0.7816
vn -0.5323 -0.3420 0.7744
vn -0.5491 -0.3086 0.7767
vn -0.5492 -0.3252 0.7698
vn -0.5492 -0.3419 0.7625
vn -0.5660 -0.3086 0.7645
vn -0.5660 -0.3253 0.7575
vn -0.5661 -0.3419 0.7501
vn -0.5152 -0.2918 0.8059
vn -0.5321 -0.2918 0.7948
vn -0.5491 -0.2918 0.7832
vn -0.5151 -0.2418 0.8223
vn -0.5151 -0.2586 0.8172
vn -0.5152 -0.2752 0.8117
vn -0.5320 -0.2418 0.8115
vn -0.5320 -0.2586 0.8063
vn -0.5321 -0.2752 0.8007
vn -0.5490 -0.2418 0.8001
vn -0.5490 -0.2586 0.7948
vn -0.5490 -0.2752 0.7892
vn -0.5659 -0.2418 0.7882
vn -0.5659 -0.2586 0.7829
vn -0.5659 -0.2752 0.7772
vn -0.5151 -0.2252 0.8270
vn -0.5320 -0.2251 0.8163
vn -0.5489 -0.2251 0.8050
vn -0.5150 -0.1750 0.8391
vn -0.5150 -0.1917 0.8355
vn -0.5151 -0.2085 0.8314
vn -0.5319 -0.1751 0.8285
vn -0.5320 -0.1917 0.8248
vn -0.5319 -0.2085 0.8207
vn -0.5488 -0.1751 0.8174
vn -0.5489 -0.1917 0.8136
vn -0.5489 -0.2085 0.8095
vn -0.5658 -0.1751 0.8058
vn -0.5658 -0.1917 0.8020
vn -0.5658 -0.2085 0.7978
vn -0.5150 -0.1583 0.8425
vn -0.5319 -0.1583 0.8319
vn -0.5488 -0.1583 0.8208
vn -0.5149 -0.1084 0.8503
vn -0.5150 -0.1250 0.8481
vn -0.5150 -0.1417 0.8454
vn -0.5318 -0.1084 0.8399
vn -0.5319 -0.1250 0.8376
vn -0.5319 -0.1417 0.8349
vn -0.5488 -0.1084 0.8289
vn -0.5488 -0.1250 0.8266
vn -0.5488 -0.1417 0.8239
vn -0.5657 -0.1083 0.8175
vn -0.5657 -0.1250 0.8151
vn -0.5657 -0.1416 0.8123
vn -0.5149 -0.0917 0.8523
vn -0.5318 -0.0917 0.8419
vn -0.5488 -0.0916 0.8309
vn -0.5149 -0.0418 0.8562
vn -0.5149 -0.0583 0.8553
vn -0.5149 -0.0751 0.8540
vn -0.5318 -0.0418 0.8458
vn -0.5318 -0.0583 0.8448
vn -0.5318 -0.0751 0.8435
vn -0.5487 -0.0418 0.8350
vn -0.5487 -0.0584 0.8340
vn -0.5487 -0.0751 0.8326
vn -0.5657 -0.0418 0.8236
vn -0.5657 -0.0583 0.8226
vn -0.5656 -0.0751 0.8212
vn -0.5149 -0.0250 0.8569
vn -0.5318 -0.0250 0.8465
vn -0.5487 -0.0250 0.8356
vn -0.5149 0.0250 0.8569
vn -0.5149 0.0084 0.8572
vn -0.5149 -0.0084 0.8572
vn -0.5318 0.0250 0.8465
vn -0.5318 0.0084 0.8469
vn -0.5317 -0.0084 0.8469
vn -0.5487 0.0250 0.8356
vn -0.5487 0.0084 0.8360
vn -0.5487 -0.0084 0.8360
vn -0.5656 0.0250 0.8243
vn -0.5656 0.0084 0.8246
vn -0.5656 -0.0084 0.8246
vn -0.5149 0.0418 0.8562
vn -0.5318 0.0418 0.8458
vn -0.5487 0.0418 0.8350
vn -0.5150 0.0917 0.8523
vn -0.5149 0.0751 0.8540
vn -0.5149 0.0583 0.8553
vn -0.5318 0.0917 0.8419
vn -0.5318 0.0751 0.8435
vn -0.5318 0.0583 0.8448
vn -0.5488 0.0916 0.8309
vn -0.5487 0.0751 0.8326
vn -0.5487 0.0584 0.8340
vn -0.5657 0.0917 0.8195
vn -0.5656 0.0751 0.8212
vn -0.5657 0.0583 0.8226
vn -0.5149 0.1084 0.8503
vn -0.5318 0.1084 0.8399
vn -0.5487 0.1084 0.8289
vn -0.5150 0.1583 0.8425
vn -0.5150 0.1417 0.8454
vn -0.5150 0.1250 0.8481
vn -0.5319 0.1583 0.8319
vn -0.5319 0.1417 0.8349
vn -0.5319 0.1249 0.8376
vn -0.5488 0.1583 0.8208
vn -0.5488 0.1417 0.8239
vn -0.5488 0.1249 0.8266
vn -0.5657 0.1583 0.8092
vn -0.5657 0.1416 0.8123
vn -0.5657 0.1250 0.8151
vn -0.5150 0.1751 0.8391
vn -0.5319 0.1751 0.8285
vn -0.5489 0.1751 0.8174
vn -0.5151 0.2252 0.8270
vn -0.5151 0.2085 0.8314
vn -0.5150 0.1917 0.8355
vn -0.5320 0.2251 0.8163
vn -0.5319 0.2085 0.8207
vn -0.5320 0.1917 0.8248
vn -0.5489 0.2251 0.8050
vn -0.5489 0.2085 0.8095
vn -0.5489 0.1917 0.8136
vn -0.5658 0.2252 0.7932
vn -0.5658 0.2085 0.7978
vn -0.5658 0.1917 0.8020
vn -0.5151 0.2418 0.8223
vn -0.5320 0.2418 0.8115
vn -0.5490 0.2418 0.8001
vn -0.5152 0.2918 0.8059
vn -0.5152 0.2752 0.8117
vn -0.5151 0.2586 0.8172
vn -0.5321 0.2918 0.7948
vn -0.5321 0.2752 0.8007
vn -0.5320 0.2586 0.8063
vn -0.5491 0.2918 0.7832
vn -0.5490 0.2752 0.7892
vn -0.5490 0.2586 0.7948
vn -0.5660 0.2918 0.7710
vn -0.5659 0.2752 0.7772
vn -0.5659 0.2586 0.7829
vn -0.5153 0.3086 0.7996
vn -0.5322 0.3086 0.7884
vn -0.5491 0.3086 0.7767
vn -0.5154 0.3586 0.7783
vn -0.5153 0.3420 0.7858
vn -0.5153 0.3252 0.7929
vn -0.5324 0.3586 0.7668
vn -0.5323 0.3420 0.7744
vn -0.5322 0.3252 0.7816
vn -0.5492 0.3586 0.7548
vn -0.5492 0.3419 0.7625
vn -0.5492 0.3252 0.7698
vn -0.5661 0.3586 0.7422
vn -0.5661 0.3419 0.7501
vn -0.5660 0.3253 0.7575
vn -0.5154 0.3754 0.7703
vn -0.5324 0.3754 0.7587
vn -0.5493 0.3754 0.7466
vn -0.5156 0.4256 0.7436
vn -0.5156 0.4089 0.7530
vn -0.5155 0.3921 0.7619
vn -0.5325 0.4256 0.7316
vn -0.5325 0.4089 0.7412
vn -0.5324 0.3921 0.7502
vn -0.5494 0.4256 0.7190
vn -0.5494 0.4089 0.7287
vn -0.5493 0.3921 0.7379
vn -0.5663 0.4256 0.7058
vn -0.5662 0.4089 0.7157
vn -0.5662 0.3921 0.7250
vn -0.5157 0.4423 0.7338
vn -0.5325 0.4424 0.7216
vn -0.5495 0.4423 0.7088
vn -0.5159 0.4924 0.7010
vn -0.5158 0.4758 0.7125
vn -0.5157 0.4591 0.7234
vn -0.5328 0.4924 0.6882
vn -0.5327 0.4758 0.6999
vn -0.5326 0.4591 0.7110
vn -0.5497 0.4924 0.6748
vn -0.5496 0.4758 0.6867
vn -0.5495 0.4591 0.6981
vn -0.5665 0.4925 0.6607
vn -0.5665 0.4758 0.6729
vn -0.5664 0.4591 0.6844
vn -0.5159 0.5092 0.6889
vn -0.5328 0.5092 0.6759
vn -0.5497 0.5092 0.6622
vn -0.5161 0.5596 0.6485
vn -0.5160 0.5428 0.6627
vn -0.5160 0.5260 0.6761
vn -0.5329 0.5596 0.6347
vn -0.5329 0.5428 0.6492
vn -0.5329 0.5260 0.6629
vn -0.5499 0.5596 0.6201
vn -0.5498 0.5428 0.6349
vn -0.5497 0.5260 0.6489
vn -0.5668 0.5596 0.6047
vn -0.5667 0.5428 0.6199
vn -0.5667 0.5260 0.6342
vn -0.5161 0.5764 0.6336
vn -0.5330 0.5764 0.6194
vn -0.5499 0.5764 0.6044
vn -0.5163 0.6267 0.5837
vn -0.5162 0.6099 0.6012
vn -0.5162 0.5932 0.6179
vn -0.5332 0.6267 0.5682
vn -0.5332 0.6099 0.5863
vn -0.5331 0.5932 0.6033
vn -0.5502 0.6267 0.5518
vn -0.5501 0.6099 0.5704
vn -0.5500 0.5932 0.5879
vn -0.5672 0.6267 0.5343
vn -0.5670 0.6100 0.5535
vn -0.5669 0.5932 0.5716
vn -0.5164 0.6435 0.5650
vn -0.5334 0.6435 0.5490
vn -0.5503 0.6435 0.5320
vn -0.5168 0.6939 0.5014
vn -0.5167 0.6771 0.5241
vn -0.5165 0.6603 0.5452
vn -0.5337 0.6939 0.4833
vn -0.5336 0.6771 0.5067
vn -0.5335 0.6603 0.5286
vn -0.5507 0.6939 0.4639
vn -0.5506 0.6771 0.4883
vn -0.5505 0.6603 0.5109
vn -0.5676 0.6940 0.4430
vn -0.5675 0.6771 0.4684
vn -0.5674 0.6603 0.4920
vn -0.4486 -0.6267 0.6372
vn -0.4656 -0.6267 0.6249
vn -0.4825 -0.6267 0.6119
vn -0.4484 -0.5764 0.6832
vn -0.4485 -0.5931 0.6686
vn -0.4486 -0.6099 0.6533
vn -0.4654 -0.5764 0.6717
vn -0.4654 -0.5931 0.6569
vn -0.4655 -0.6099 0.6413
vn -0.4823 -0.5764 0.6597
vn -0.4824 -0.5931 0.6446
vn -0.4824 -0.6099 0.6287
vn -0.4992 -0.5764 0.6470
vn -0.4993 -0.5931 0.6316
vn -0.4993 -0.6099 0.6154
vn -0.4483 -0.5596 0.6971
vn -0.4653 -0.5596 0.6859
vn -0.4822 -0.5596 0.6741
vn -0.4482 -0.5092 0.7347
vn -0.4482 -0.5260 0.7228
vn -0.4483 -0.5427 0.7103
vn -0.4651 -0.5092 0.7241
vn -0.4652 -0.5260 0.7120
vn -0.4652 -0.5427 0.6993
vn -0.4820 -0.5092 0.7130
vn -0.4821 -0.5260 0.7007
vn -0.4822 -0.5427 0.6877
vn -0.4990 -0.5092 0.7012
vn -0.4990 -0.5260 0.6887
vn -0.4991 -0.5427 0.6755
vn -0.4481 -0.4924 0.7461
vn -0.4651 -0.4924 0.7357
vn -0.4820 -0.4925 0.7247
vn -0.4479 -0.4423 0.7770
vn -0.4480 -0.4591 0.7672
vn -0.4480 -0.4757 0.7569
vn -0.4649 -0.4423 0.7670
vn -0.4649 -0.4591 0.7571
vn -0.4650 -0.4757 0.7466
vn -0.4818 -0.4423 0.7565
vn -0.4818 -0.4590 0.7464
vn -0.4819 -0.4757 0.7358
vn -0.4987 -0.4423 0.7454
vn -0.4987 -0.4591 0.7352
vn -0.4989 -0.4758 0.7244
vn -0.4479 -0.4256 0.7863
vn -0.4648 -0.4256 0.7764
vn -0.4817 -0.4256 0.7660
vn -0.4478 -0.3754 0.8115
vn -0.4479 -0.3921 0.8036
vn -0.4479 -0.4089 0.7951
vn -0.4647 -0.3754 0.8020
vn -0.4647 -0.3921 0.7939
vn -0.4648 -0.4089 0.7854
vn -0.4816 -0.3754 0.7919
vn -0.4816 -0.3921 0.7838
vn -0.4817 -0.4089 0.7751
vn -0.4985 -0.3754 0.7814
vn -0.4986 -0.3921 0.7731
vn -0.4986 -0.4089 0.7643
vn -0.4478 -0.3586 0.8191
vn -0.4647 -0.3586 0.8096
vn -0.4816 -0.3586 0.7997
vn -0.4477 -0.3086 0.8392
vn -0.4478 -0.3252 0.8329
vn -0.4478 -0.3419 0.8262
vn -0.4645 -0.3086 0.8300
vn -0.4646 -0.3252 0.8236
vn -0.4647 -0.3419 0.8168
vn -0.4814 -0.3086 0.8204
vn -0.4815 -0.3252 0.8139
vn -0.4815 -0.3419 0.8070
vn -0.4984 -0.3086 0.8102
vn -0.4984 -0.3252 0.8036
vn -0.4984 -0.3419 0.7967
vn -0.4477 -0.2918 0.8452
vn -0.4645 -0.2918 0.8361
vn -0.4814 -0.2918 0.8265
vn -0.4476 -0.2418 0.8609
vn -0.4476 -0.2586 0.8560
vn -0.4477 -0.2752 0.8508
vn -0.4645 -0.2418 0.8519
vn -0.4645 -0.2586 0.8470
vn -0.4645 -0.2752 0.8417
vn -0.4813 -0.2418 0.8425
vn -0.4813 -0.2586 0.8375
vn -0.4814 -0.2752 0.8322
vn -0.4982 -0.2418 0.8326
vn -0.4982 -0.2586 0.8276
vn -0.4983 -0.2752 0.8222
vn -0.4476 -0.2251 0.8654
vn -0.4645 -0.2251 0.8565
vn -0.4813 -0.2251 0.8472
vn -0.4475 -0.1750 0.8770
vn -0.4476 -0.1917 0.8735
vn -0.4476 -0.2085 0.8696
vn -0.4644 -0.1751 0.8682
vn -0.4644 -0.1917 0.8646
vn -0.4644 -0.2085 0.8607
vn -0.4813 -0.1751 0.8589
vn -0.4813 -0.1917 0.8554
vn -0.4813 -0.2085 0.8514
vn -0.4981 -0.1751 0.8492
vn -0.4982 -0.1917 0.8456
vn -0.4981 -0.2085 0.8417
vn -0.4475 -0.1583 0.8801
vn -0.4644 -0.1582 0.8714
vn -0.4813 -0.1583 0.8622
vn -0.4475 -0.1084 0.8877
vn -0.4475 -0.1250 0.8855
vn -0.4475 -0.1416 0.8830
vn -0.4644 -0.1084 0.8790
vn -0.4644 -0.1249 0.8768
vn -0.4644 -0.1417 0.8742
vn -0.4812 -0.1083 0.8699
vn -0.4812 -0.1250 0.8676
vn -0.4812 -0.1417 0.8651
vn -0.4981 -0.1084 0.8603
vn -0.4981 -0.1250 0.8581
vn -0.4981 -0.1417 0.8555
vn -0.4475 -0.0916 0.8896
vn -0.4643 -0.0917 0.8809
vn -0.4812 -0.0917 0.8718
vn -0.4475 -0.0418 0.8933
vn -0.4475 -0.0584 0.8924
vn -0.4475 -0.0751 0.8912
vn -0.4643 -0.0418 0.8847
vn -0.4643 -0.0583 0.8838
vn -0.4643 -0.0751 0.8825
vn -0.4811 -0.0418 0.8757
vn -0.4812 -0.0584 0.8747
vn -0.4812 -0.0751 0.8734
vn -0.4981 -0.0418 0.8661
vn -0.4981 -0.0584 0.8652
vn -0.4981 -0.0751 0.8639
vn -0.4475 -0.0250 0.8939
vn -0.4643 -0.0250 0.8853
vn -0.4811 -0.0250 0.8763
vn -0.4475 0.0250 0.8939
vn -0.4475 0.0084 0.8943
vn -0.4475 -0.0084 0.8943
vn -0.4643 0.0250 0.8853
vn -0.4643 0.0084 0.8856
vn -0.4643 -0.0084 0.8856
vn -0.4811 0.0250 0.8763
vn -0.4812 0.0084 0.8766
vn -0.4812 -0.0084 0.8766
vn -0.4980 0.0250 0.8668
vn -0.4980 0.0084 0.8671
vn -0.4980 -0.0084 0.8671
vn -0.4475 0.0418 0.8933
vn -0.4643 0.0418 0.8847
vn -0.4811 0.0418 0.8757
vn -0.4475 0.0916 0.8896
vn -0.4475 0.0751 0.8911
vn -0.4475 0.0584 0.8924
vn -0.4644 0.0917 0.8809
vn -0.4643 0.0751 0.8825
vn -0.4643 0.0583 0.8838
vn -0.4812 0.0917 0.8718
vn -0.4812 0.0751 0.8734
vn -0.4812 0.0584 0.8747
vn -0.4980 0.0916 0.8623
vn -0.4980 0.0751 0.8639
vn -0.4981 0.0584 0.8652
vn -0.4475 0.1084 0.8877
vn -0.4644 0.1084 0.8790
vn -0.4812 0.1083 0.8699
vn -0.4475 0.1583 0.8801
vn -0.4475 0.1416 0.8830
vn -0.4475 0.1250 0.8855
vn -0.4644 0.1582 0.8714
vn -0.4644 0.1417 0.8742
vn -0.4643 0.1249 0.8768
vn -0.4813 0.1583 0.8622
vn -0.4812 0.1417 0.8651
vn -0.4812 0.1250 0.8676
vn -0.4981 0.1583 0.8525
vn -0.4981 0.1417 0.8555
vn -0.4981 0.1250 0.8581
vn -0.4475 0.1750 0.8770
vn -0.4644 0.1751 0.8682
vn -0.4813 0.1751 0.8589
vn -0.4476 0.2251 0.8654
vn -0.4476 0.2085 0.8696
vn -0.4475 0.1917 0.8735
vn -0.4645 0.2251 0.8565
vn -0.4644 0.2085 0.8607
vn -0.4644 0.1917 0.8646
vn -0.4813 0.2251 0.8472
vn -0.4813 0.2085 0.8514
vn -0.4813 0.1917 0.8554
vn -0.4982 0.2251 0.8373
vn -0.4981 0.2085 0.8417
vn -0.4982 0.1917 0.8456
vn -0.4476 0.2418 0.8609
vn -0.4645 0.2418 0.8519
vn -0.4813 0.2418 0.8425
vn -0.4477 0.2918 0.8452
vn -0.4477 0.2752 0.8508
vn -0.4476 0.2586 0.8560
vn -0.4645 0.2918 0.8361
vn -0.4645 0.2752 0.8417
vn -0.4645 0.2586 0.8470
vn -0.4814 0.2918 0.8265
vn -0.4814 0.2752 0.8322
vn -0.4813 0.2586 0.8375
vn -0.4983 0.2918 0.8164
vn -0.4983 0.2752 0.8222
vn -0.4983 0.2586 0.8276
vn -0.4477 0.3086 0.8392
vn -0.4645 0.3086 0.8300
vn -0.4814 0.3086 0.8204
vn -0.4478 0.3586 0.8191
vn -0.4478 0.3419 0.8262
vn -0.4478 0.3252 0.8329
vn -0.4647 0.3586 0.8096
vn -0.4646 0.3419 0.8168
vn -0.4646 0.3252 0.8236
vn -0.4816 0.3586 0.7997
vn -0.4815 0.3419 0.8070
vn -0.4815 0.3252 0.8139
vn -0.4985 0.3586 0.7893
vn -0.4984 0.3419 0.7967
vn -0.4984 0.3252 0.8036
vn -0.4478 0.3754 0.8115
vn -0.4647 0.3754 0.8020
vn -0.4816 0.3754 0.7919
vn -0.4479 0.4256 0.7863
vn -0.4479 0.4089 0.7951
vn -0.4479 0.3921 0.8036
vn -0.4648 0.4256 0.7764
vn -0.4648 0.4089 0.7854
vn -0.4647 0.3921 0.7939
vn -0.4817 0.4256 0.7660
vn -0.4816 0.4089 0.7751
vn -0.4816 0.3921 0.7838
vn -0.4986 0.4256 0.7551
vn -0.4986 0.4089 0.7643
vn -0.4986 0.3921 0.7731
vn -0.4479 0.4423 0.7770
vn -0.4649 0.4423 0.7670
vn -0.4818 0.4423 0.7565
vn -0.4481 0.4924 0.7461
vn -0.4480 0.4758 0.7569
vn -0.4480 0.4591 0.7672
vn -0.4651 0.4924 0.7357
vn -0.4650 0.4758 0.7466
vn -0.4649 0.4590 0.7571
vn -0.4820 0.4925 0.7247
vn -0.4819 0.4757 0.7358
vn -0.4818 0.4590 0.7464
vn -0.4989 0.4924 0.7131
vn -0.4989 0.4757 0.7244
vn -0.4987 0.4591 0.7352
vn -0.4482 0.5092 0.7347
vn -0.4651 0.5092 0.7241
vn -0.4820 0.5092 0.7130
vn -0.4483 0.5596 0.6971
vn -0.4483 0.5427 0.7103
vn -0.4482 0.5260 0.7228
vn -0.4653 0.5595 0.6859
vn -0.4652 0.5427 0.6993
vn -0.4652 0.5260 0.7120
vn -0.4822 0.5595 0.6741
vn -0.4822 0.5427 0.6877
vn -0.4821 0.5260 0.7007
vn -0.4992 0.5596 0.6616
vn -0.4991 0.5427 0.6755
vn -0.4990 0.5260 0.6887
vn -0.4484 0.5764 0.6832
vn -0.4654 0.5764 0.6717
vn -0.4823 0.5764 0.6597
vn -0.4486 0.6267 0.6372
vn -0.4486 0.6099 0.6533
vn -0.4485 0.5931 0.6686
vn -0.4656 0.6267 0.6249
vn -0.4655 0.6099 0.6413
vn -0.4654 0.5931 0.6569
vn -0.4825 0.6267 0.6119
vn -0.4824 0.6099 0.6287
vn -0.4824 0.5931 0.6446
vn -0.4994 0.6267 0.5982
vn -0.4993 0.6099 0.6154
vn -0.4993 0.5932 0.6316
vn -0.4487 0.6435 0.6202
vn -0.4657 0.6435 0.6076
vn -0.4826 0.6435 0.5942
vn -0.4490 0.6939 0.5630
vn -0.4489 0.6771 0.5832
vn -0.4488 0.6602 0.6022
vn -0.4659 0.6939 0.5490
vn -0.4658 0.6770 0.5697
vn -0.4657 0.6603 0.5892
vn -0.4828 0.6939 0.5342
vn -0.4827 0.6771 0.5555
vn -0.4827 0.6602 0.5754
vn -0.4998 0.6939 0.5184
vn -0.4997 0.6771 0.5403
vn -0.4996 0.6602 0.5608
vn -0.3809 -0.6267 0.6799
vn -0.3978 -0.6267 0.6701
vn -0.4147 -0.6267 0.6598
vn -0.3807 -0.5764 0.7231
vn -0.3808 -0.5931 0.7094
vn -0.3808 -0.6099 0.6950
vn -0.3976 -0.5764 0.7139
vn -0.3977 -0.5931 0.7000
vn -0.3977 -0.6099 0.6855
vn -0.4145 -0.5764 0.7043
vn -0.4146 -0.5931 0.6902
vn -0.4147 -0.6099 0.6753
vn -0.4314 -0.5764 0.6940
vn -0.4315 -0.5931 0.6797
vn -0.4316 -0.6099 0.6646
vn -0.3807 -0.5595 0.7362
vn -0.3976 -0.5595 0.7272
vn -0.4145 -0.5595 0.7177
vn -0.3806 -0.5092 0.7719
vn -0.3806 -0.5260 0.7606
vn -0.3806 -0.5427 0.7487
vn -0.3975 -0.5092 0.7634
vn -0.3975 -0.5260 0.7519
vn -0.3976 -0.5427 0.7399
vn -0.4144 -0.5092 0.7543
vn -0.4144 -0.5260 0.7427
vn -0.4144 -0.5427 0.7305
vn -0.4312 -0.5092 0.7448
vn -0.4313 -0.5260 0.7330
vn -0.4314 -0.5427 0.7207
vn -0.3805 -0.4924 0.7827
vn -0.3974 -0.4924 0.7743
vn -0.4144 -0.4924 0.7654
vn -0.3804 -0.4423 0.8122
vn -0.3804 -0.4591 0.8028
vn -0.3805 -0.4757 0.7930
vn -0.3973 -0.4423 0.8041
vn -0.3974 -0.4591 0.7946
vn -0.3974 -0.4757 0.7847
vn -0.4142 -0.4423 0.7955
vn -0.4142 -0.4591 0.7859
vn -0.4143 -0.4757 0.7759
vn -0.4311 -0.4424 0.7865
vn -0.4311 -0.4591 0.7768
vn -0.4312 -0.4757 0.7667
vn -0.3804 -0.4256 0.8211
vn -0.3973 -0.4256 0.8130
vn -0.4142 -0.4256 0.8046
vn -0.3803 -0.3753 0.8453
vn -0.3803 -0.3921 0.8376
vn -0.3803 -0.4089 0.8296
vn -0.3972 -0.3754 0.8375
vn -0.3972 -0.3921 0.8297
vn -0.3973 -0.4088 0.8216
vn -0.4141 -0.3753 0.8292
vn -0.4141 -0.3921 0.8214
vn -0.4141 -0.4089 0.8132
vn -0.4310 -0.3753 0.8206
vn -0.4310 -0.3921 0.8127
vn -0.4310 -0.4089 0.8044
vn -0.3803 -0.3586 0.8525
vn -0.3971 -0.3586 0.8448
vn -0.4141 -0.3586 0.8366
vn -0.3802 -0.3086 0.8719
vn -0.3802 -0.3252 0.8658
vn -0.3803 -0.3419 0.8594
vn -0.3970 -0.3086 0.8644
vn -0.3971 -0.3252 0.8582
vn -0.3971 -0.3419 0.8517
vn -0.4140 -0.3086 0.8564
vn -0.4140 -0.3252 0.8502
vn -0.4141 -0.3419 0.8436
vn -0.4308 -0.3086 0.8481
vn -0.4308 -0.3252 0.8418
vn -0.4309 -0.3419 0.8351
vn -0.3801 -0.2918 0.8777
vn -0.3971 -0.2918 0.8702
vn -0.4140 -0.2918 0.8623
vn -0.3800 -0.2418 0.8928
vn -0.3801 -0.2585 0.8881
vn -0.3801 -0.2752 0.8831
vn -0.3970 -0.2418 0.8854
vn -0.3970 -0.2586 0.8807
vn -0.3970 -0.2751 0.8756
vn -0.4139 -0.2418 0.8776
vn -0.4138 -0.2586 0.8729
vn -0.4139 -0.2752 0.8677
vn -0.4308 -0.2418 0.8695
vn -0.4308 -0.2585 0.8646
vn -0.4308 -0.2752 0.8595
vn -0.3800 -0.2251 0.8972
vn -0.3969 -0.2251 0.8898
vn -0.4138 -0.2251 0.8821
vn -0.3800 -0.1751 0.9083
vn -0.3800 -0.1916 0.9049
vn -0.3800 -0.2085 0.9012
vn -0.3969 -0.1751 0.9010
vn -0.3969 -0.1916 0.8976
vn -0.3969 -0.2085 0.8939
vn -0.4138 -0.1751 0.8934
vn -0.4138 -0.1916 0.8900
vn -0.4138 -0.2085 0.8862
vn -0.4307 -0.1750 0.8854
vn -0.4307 -0.1917 0.8819
vn -0.4307 -0.2085 0.8781
vn -0.3800 -0.1582 0.9114
vn -0.3969 -0.1582 0.9041
vn -0.4138 -0.1582 0.8965
vn -0.3799 -0.1083 0.9187
vn -0.3799 -0.1250 0.9165
vn -0.3799 -0.1417 0.9141
vn -0.3968 -0.1083 0.9115
vn -0.3968 -0.1250 0.9093
vn -0.3969 -0.1417 0.9069
vn -0.4137 -0.1083 0.9039
vn -0.4138 -0.1250 0.9018
vn -0.4138 -0.1417 0.8993
vn -0.4306 -0.1084 0.8960
vn -0.4306 -0.1250 0.8938
vn -0.4306 -0.1416 0.8913
vn -0.3799 -0.0916 0.9205
vn -0.3968 -0.0917 0.9133
vn -0.4137 -0.0916 0.9058
vn -0.3799 -0.0418 0.9241
vn -0.3799 -0.0584 0.9232
vn -0.3799 -0.0751 0.9220
vn -0.3968 -0.0418 0.9169
vn -0.3968 -0.0584 0.9160
vn -0.3968 -0.0751 0.9148
vn -0.4137 -0.0418 0.9094
vn -0.4137 -0.0584 0.9085
vn -0.4137 -0.0751 0.9073
vn -0.4306 -0.0418 0.9016
vn -0.4306 -0.0584 0.9007
vn -0.4306 -0.0751 0.8994
vn -0.3799 -0.0250 0.9247
vn -0.3968 -0.0250 0.9176
vn -0.4137 -0.0250 0.9101
vn -0.3799 0.0250 0.9247
vn -0.3799 0.0084 0.9250
vn -0.3799 -0.0084 0.9250
vn -0.3968 0.0250 0.9176
vn -0.3968 0.0084 0.9179
vn -0.3968 -0.0084 0.9179
vn -0.4137 0.0250 0.9101
vn -0.4137 0.0084 0.9104
vn -0.4137 -0.0084 0.9104
vn -0.4306 0.0250 0.9022
vn -0.4306 0.0084 0.9025
vn -0.4306 -0.0084 0.9025
vn -0.3799 0.0418 0.9241
vn -0.3968 0.0418 0.9169
vn -0.4137 0.0418 0.9094
vn -0.3799 0.0916 0.9205
vn -0.3799 0.0751 0.9220
vn -0.3799 0.0584 0.9232
vn -0.3968 0.0916 0.9133
vn -0.3968 0.0751 0.9148
vn -0.3968 0.0584 0.9160
vn -0.4137 0.0916 0.9058
vn -0.4137 0.0751 0.9073
vn -0.4137 0.0584 0.9085
vn -0.4306 0.0916 0.8979
vn -0.4306 0.0751 0.8994
vn -0.4306 0.0584 0.9007
vn -0.3799 0.1083 0.9187
vn -0.3968 0.1083 0.9115
vn -0.4137 0.1083 0.9039
vn -0.3800 0.1582 0.9114
vn -0.3799 0.1417 0.9141
vn -0.3799 0.1250 0.9165
vn -0.3969 0.1582 0.9041
vn -0.3969 0.1417 0.9069
vn -0.3968 0.1250 0.9093
vn -0.4138 0.1582 0.8965
vn -0.4138 0.1417 0.8993
vn -0.4138 0.1250 0.9018
vn -0.4306 0.1583 0.8885
vn -0.4306 0.1416 0.8913
vn -0.4306 0.1250 0.8938
vn -0.3800 0.1751 0.9083
vn -0.3969 0.1751 0.9010
vn -0.4138 0.1751 0.8934
vn -0.3800 0.2251 0.8972
vn -0.3800 0.2085 0.9012
vn -0.3800 0.1917 0.9049
vn -0.3969 0.2251 0.8898
vn -0.3969 0.2085 0.8939
vn -0.3969 0.1916 0.8976
vn -0.4138 0.2251 0.8821
vn -0.4138 0.2085 0.8862
vn -0.4138 0.1916 0.8900
vn -0.4307 0.2252 0.8740
vn -0.4307 0.2085 0.8781
vn -0.4307 0.1917 0.8819
vn -0.3800 0.2418 0.8928
vn -0.3970 0.2418 0.8854
vn -0.4139 0.2418 0.8776
vn -0.3801 0.2918 0.8777
vn -0.3801 0.2752 0.8831
vn -0.3801 0.2585 0.8881
vn -0.3971 0.2918 0.8702
vn -0.3970 0.2751 0.8756
vn -0.3970 0.2586 0.8807
vn -0.4140 0.2918 0.8623
vn -0.4139 0.2752 0.8677
vn -0.4138 0.2586 0.8729
vn -0.4308 0.2918 0.8540
vn -0.4308 0.2752 0.8595
vn -0.4308 0.2586 0.8646
vn -0.3802 0.3086 0.8719
vn -0.3970 0.3086 0.8644
vn -0.4140 0.3086 0.8564
vn -0.3803 0.3586 0.8525
vn -0.3803 0.3419 0.8594
vn -0.3802 0.3252 0.8658
vn -0.3971 0.3586 0.8448
vn -0.3971 0.3419 0.8517
vn -0.3971 0.3252 0.8582
vn -0.4141 0.3586 0.8366
vn -0.4141 0.3419 0.8436
vn -0.4140 0.3252 0.8502
vn -0.4309 0.3586 0.8281
vn -0.4309 0.3419 0.8351
vn -0.4308 0.3252 0.8418
vn -0.3803 0.3753 0.8453
vn -0.3972 0.3754 0.8375
vn -0.4141 0.3754 0.8292
vn -0.3804 0.4256 0.8211
vn -0.3803 0.4089 0.8296
vn -0.3803 0.3921 0.8376
vn -0.3973 0.4256 0.8130
vn -0.3973 0.4088 0.8216
vn -0.3972 0.3921 0.8297
vn -0.4142 0.4256 0.8046
vn -0.4141 0.4089 0.8132
vn -0.4141 0.3921 0.8214
vn -0.4310 0.4256 0.7957
vn -0.4310 0.4089 0.8044
vn -0.4310 0.3921 0.8127
vn -0.3804 0.4423 0.8122
vn -0.3973 0.4423 0.8041
vn -0.4142 0.4423 0.7955
vn -0.3805 0.4924 0.7828
vn -0.3805 0.4757 0.7930
vn -0.3805 0.4591 0.8028
vn -0.3975 0.4924 0.7743
vn -0.3974 0.4757 0.7847
vn -0.3973 0.4591 0.7946
vn -0.4143 0.4924 0.7654
vn -0.4143 0.4757 0.7759
vn -0.4142 0.4591 0.7859
vn -0.4312 0.4924 0.7560
vn -0.4312 0.4757 0.7667
vn -0.4311 0.4591 0.7768
vn -0.3806 0.5092 0.7719
vn -0.3975 0.5092 0.7634
vn -0.4144 0.5092 0.7543
vn -0.3807 0.5595 0.7362
vn -0.3806 0.5427 0.7487
vn -0.3806 0.5260 0.7606
vn -0.3976 0.5595 0.7272
vn -0.3976 0.5427 0.7399
vn -0.3975 0.5260 0.7519
vn -0.4145 0.5595 0.7177
vn -0.4144 0.5427 0.7305
vn -0.4144 0.5260 0.7427
vn -0.4314 0.5596 0.7077
vn -0.4314 0.5427 0.7207
vn -0.4313 0.5260 0.7330
vn -0.3807 0.5764 0.7231
vn -0.3976 0.5764 0.7139
vn -0.4145 0.5764 0.7043
vn -0.3809 0.6267 0.6799
vn -0.3808 0.6099 0.6950
vn -0.3808 0.5931 0.7094
vn -0.3978 0.6267 0.6701
vn -0.3977 0.6099 0.6855
vn -0.3977 0.5931 0.7000
vn -0.4147 0.6267 0.6598
vn -0.4147 0.6099 0.6753
vn -0.4146 0.5931 0.6902
vn -0.4317 0.6267 0.6488
vn -0.4316 0.6099 0.6646
vn -0.4315 0.5931 0.6797
vn -0.3809 0.6435 0.6640
vn -0.3979 0.6435 0.6540
vn -0.4148 0.6435 0.6434
vn -0.3811 0.6939 0.6109
vn -0.3811 0.6770 0.6296
vn -0.3810 0.6602 0.6473
vn -0.3981 0.6939 0.6000
vn -0.3980 0.6770 0.6190
vn -0.3979 0.6602 0.6370
vn -0.4151 0.6939 0.5884
vn -0.4150 0.6770 0.6078
vn -0.4149 0.6602 0.6261
vn -0.4320 0.6939 0.5761
vn -0.4320 0.6770 0.5958
vn -0.4319 0.6602 0.6145
vn -0.3132 -0.6267 0.7136
vn -0.3301 -0.6267 0.7059
vn -0.3471 -0.6267 0.6977
vn -0.3130 -0.5764 0.7549
vn -0.3131 -0.5931 0.7418
vn -0.3131 -0.6099 0.7280
vn -0.3300 -0.5764 0.7476
vn -0.3301 -0.5931 0.7344
vn -0.3301 -0.6099 0.7205
vn -0.3469 -0.5764 0.7399
vn -0.3470 -0.5931 0.7265
vn -0.3470 -0.6099 0.7125
vn -0.3638 -0.5764 0.7317
vn -0.3639 -0.5931 0.7182
vn -0.3639 -0.6099 0.7040
vn -0.3130 -0.5595 0.7674
vn -0.3299 -0.5595 0.7603
vn -0.3469 -0.5595 0.7527
vn -0.3128 -0.5092 0.8018
vn -0.3129 -0.5259 0.7909
vn -0.3129 -0.5427 0.7794
vn -0.3298 -0.5092 0.7949
vn -0.3299 -0.5259 0.7840
vn -0.3299 -0.5427 0.7724
vn -0.3468 -0.5092 0.7877
vn -0.3468 -0.5259 0.7766
vn -0.3469 -0.5427 0.7649
vn -0.3637 -0.5092 0.7800
vn -0.3637 -0.5260 0.7688
vn -0.3638 -0.5427 0.7571
vn -0.3128 -0.4924 0.8122
vn -0.3298 -0.4924 0.8055
vn -0.3467 -0.4924 0.7983
vn -0.3127 -0.4423 0.8406
vn -0.3127 -0.4591 0.8316
vn -0.3128 -0.4757 0.8221
vn -0.3296 -0.4423 0.8341
vn -0.3297 -0.4590 0.8250
vn -0.3297 -0.4758 0.8154
vn -0.3465 -0.4423 0.8272
vn -0.3466 -0.4590 0.8180
vn -0.3467 -0.4757 0.8084
vn -0.3635 -0.4423 0.8199
vn -0.3635 -0.4591 0.8106
vn -0.3636 -0.4757 0.8009
vn -0.3127 -0.4256 0.8492
vn -0.3296 -0.4256 0.8428
vn -0.3465 -0.4256 0.8359
vn -0.3126 -0.3754 0.8726
vn -0.3126 -0.3921 0.8652
vn -0.3126 -0.4089 0.8574
vn -0.3295 -0.3753 0.8663
vn -0.3295 -0.3921 0.8589
vn -0.3295 -0.4089 0.8510
vn -0.3464 -0.3753 0.8597
vn -0.3465 -0.3921 0.8522
vn -0.3465 -0.4089 0.8443
vn -0.3633 -0.3754 0.8527
vn -0.3634 -0.3921 0.8451
vn -0.3634 -0.4089 0.8371
vn -0.3125 -0.3586 0.8796
vn -0.3295 -0.3586 0.8734
vn -0.3464 -0.3586 0.8668
vn -0.3125 -0.3086 0.8984
vn -0.3125 -0.3252 0.8925
vn -0.3125 -0.3419 0.8862
vn -0.3294 -0.3086 0.8923
vn -0.3294 -0.3252 0.8864
vn -0.3295 -0.3419 0.8801
vn -0.3463 -0.3086 0.8859
vn -0.3463 -0.3252 0.8799
vn -0.3464 -0.3419 0.8736
vn -0.3633 -0.3085 0.8791
vn -0.3633 -0.3252 0.8731
vn -0.3633 -0.3419 0.8667
vn -0.3125 -0.2918 0.9040
vn -0.3294 -0.2918 0.8980
vn -0.3463 -0.2918 0.8916
vn -0.3124 -0.2418 0.9187
vn -0.3124 -0.2586 0.9141
vn -0.3125 -0.2751 0.9092
vn -0.3293 -0.2418 0.9127
vn -0.3293 -0.2586 0.9081
vn -0.3293 -0.2752 0.9032
vn -0.3462 -0.2418 0.9065
vn -0.3462 -0.2586 0.9018
vn -0.3462 -0.2752 0.8969
vn -0.3631 -0.2418 0.8998
vn -0.3631 -0.2585 0.8952
vn -0.3631 -0.2752 0.8902
vn -0.3124 -0.2252 0.9229
vn -0.3293 -0.2252 0.9170
vn -0.3462 -0.2252 0.9108
vn -0.3123 -0.1751 0.9337
vn -0.3124 -0.1917 0.9304
vn -0.3124 -0.2085 0.9268
vn -0.3292 -0.1751 0.9279
vn -0.3293 -0.1917 0.9246
vn -0.3293 -0.2085 0.9209
vn -0.3461 -0.1751 0.9217
vn -0.3461 -0.1917 0.9184
vn -0.3461 -0.2085 0.9147
vn -0.3630 -0.1751 0.9152
vn -0.3631 -0.1917 0.9118
vn -0.3631 -0.2085 0.9081
vn -0.3124 -0.1582 0.9367
vn -0.3293 -0.1582 0.9309
vn -0.3461 -0.1582 0.9247
vn -0.3123 -0.1084 0.9438
vn -0.3123 -0.1250 0.9417
vn -0.3124 -0.1417 0.9393
vn -0.3292 -0.1084 0.9380
vn -0.3292 -0.1250 0.9360
vn -0.3292 -0.1417 0.9336
vn -0.3461 -0.1083 0.9319
vn -0.3461 -0.1250 0.9298
vn -0.3461 -0.1417 0.9274
vn -0.3630 -0.1083 0.9255
vn -0.3630 -0.1250 0.9234
vn -0.3630 -0.1417 0.9209
vn -0.3123 -0.0917 0.9455
vn -0.3292 -0.0916 0.9398
vn -0.3461 -0.0916 0.9337
vn -0.3123 -0.0418 0.9491
vn -0.3123 -0.0583 0.9482
vn -0.3124 -0.0751 0.9470
vn -0.3292 -0.0418 0.9433
vn -0.3292 -0.0584 0.9425
vn -0.3292 -0.0751 0.9413
vn -0.3461 -0.0418 0.9373
vn -0.3461 -0.0584 0.9364
vn -0.3461 -0.0751 0.9352
vn -0.3629 -0.0418 0.9309
vn -0.3630 -0.0584 0.9300
vn -0.3630 -0.0751 0.9288
vn -0.3123 -0.0250 0.9496
vn -0.3292 -0.0250 0.9439
vn -0.3460 -0.0250 0.9379
vn -0.3123 0.0250 0.9496
vn -0.3123 0.0084 0.9499
vn -0.3123 -0.0084 0.9499
vn -0.3292 0.0250 0.9439
vn -0.3292 0.0084 0.9442
vn -0.3292 -0.0084 0.9442
vn -0.3460 0.0250 0.9379
vn -0.3460 0.0084 0.9382
vn -0.3460 -0.0084 0.9382
vn -0.3629 0.0250 0.9315
vn -0.3629 0.0084 0.9318
vn -0.3629 -0.0084 0.9318
vn -0.3123 0.0418 0.9491
vn -0.3292 0.0418 0.9433
vn -0.3461 0.0418 0.9373
vn -0.3123 0.0917 0.9455
vn -0.3124 0.0750 0.9470
vn -0.3123 0.0583 0.9482
vn -0.3292 0.0916 0.9398
vn -0.3292 0.0751 0.9413
vn -0.3292 0.0584 0.9425
vn -0.3461 0.0916 0.9337
vn -0.3461 0.0751 0.9352
vn -0.3461 0.0584 0.9364
vn -0.3630 0.0916 0.9273
vn -0.3630 0.0751 0.9288
vn -0.3630 0.0584 0.9300
vn -0.3123 0.1084 0.9438
vn -0.3292 0.1084 0.9380
vn -0.3461 0.1083 0.9319
vn -0.3124 0.1582 0.9367
vn -0.3124 0.1417 0.9393
vn -0.3123 0.1250 0.9417
vn -0.3292 0.1582 0.9309
vn -0.3292 0.1417 0.9336
vn -0.3292 0.1250 0.9360
vn -0.3461 0.1582 0.9247
vn -0.3461 0.1417 0.9274
vn -0.3461 0.1250 0.9298
vn -0.3630 0.1582 0.9182
vn -0.3630 0.1417 0.9209
vn -0.3630 0.1250 0.9234
vn -0.3124 0.1751 0.9337
vn -0.3292 0.1751 0.9279
vn -0.3461 0.1751 0.9217
vn -0.3124 0.2252 0.9229
vn -0.3124 0.2085 0.9268
vn -0.3124 0.1917 0.9304
vn -0.3293 0.2252 0.9170
vn -0.3293 0.2085 0.9209
vn -0.3293 0.1917 0.9246
vn -0.3462 0.2252 0.9108
vn -0.3462 0.2085 0.9147
vn -0.3461 0.1917 0.9184
vn -0.3631 0.2251 0.9041
vn -0.3631 0.2085 0.9081
vn -0.3631 0.1917 0.9118
vn -0.3124 0.2418 0.9187
vn -0.3293 0.2418 0.9127
vn -0.3462 0.2418 0.9065
vn -0.3125 0.2918 0.9040
vn -0.3125 0.2751 0.9092
vn -0.3124 0.2586 0.9141
vn -0.3294 0.2918 0.8980
vn -0.3293 0.2752 0.9032
vn -0.3293 0.2586 0.9081
vn -0.3463 0.2918 0.8916
vn -0.3462 0.2752 0.8969
vn -0.3462 0.2586 0.9018
vn -0.3632 0.2918 0.8848
vn -0.3631 0.2752 0.8902
vn -0.3631 0.2585 0.8952
vn -0.3125 0.3086 0.8984
vn -0.3294 0.3086 0.8923
vn -0.3463 0.3086 0.8859
vn -0.3125 0.3586 0.8796
vn -0.3125 0.3419 0.8862
vn -0.3125 0.3252 0.8925
vn -0.3295 0.3586 0.8734
vn -0.3295 0.3419 0.8801
vn -0.3294 0.3252 0.8864
vn -0.3464 0.3586 0.8668
vn -0.3463 0.3419 0.8736
vn -0.3463 0.3252 0.8799
vn -0.3633 0.3586 0.8599
vn -0.3633 0.3419 0.8667
vn -0.3633 0.3252 0.8731
vn -0.3126 0.3754 0.8726
vn -0.3295 0.3754 0.8663
vn -0.3464 0.3753 0.8597
vn -0.3127 0.4256 0.8492
vn -0.3126 0.4089 0.8574
vn -0.3126 0.3921 0.8652
vn -0.3296 0.4256 0.8428
vn -0.3295 0.4089 0.8510
vn -0.3295 0.3921 0.8589
vn -0.3465 0.4256 0.8359
vn -0.3465 0.4089 0.8443
vn -0.3465 0.3921 0.8522
vn -0.3635 0.4256 0.8287
vn -0.3634 0.4089 0.8371
vn -0.3634 0.3921 0.8451
vn -0.3127 0.4423 0.8406
vn -0.3296 0.4423 0.8341
vn -0.3465 0.4423 0.8272
vn -0.3128 0.4924 0.8122
vn -0.3128 0.4757 0.8221
vn -0.3127 0.4590 0.8316
vn -0.3298 0.4924 0.8055
vn -0.3297 0.4758 0.8154
vn -0.3297 0.4590 0.8250
vn -0.3467 0.4924 0.7983
vn -0.3467 0.4757 0.8084
vn -0.3466 0.4590 0.8180
vn -0.3636 0.4924 0.7907
vn -0.3636 0.4757 0.8009
vn -0.3635 0.4591 0.8106
vn -0.3128 0.5092 0.8018
vn -0.3298 0.5092 0.7949
vn -0.3468 0.5092 0.7877
vn -0.3130 0.5595 0.7674
vn -0.3129 0.5427 0.7794
vn -0.3129 0.5259 0.7909
vn -0.3299 0.5595 0.7603
vn -0.3299 0.5427 0.7724
vn -0.3299 0.5259 0.7840
vn -0.3469 0.5595 0.7527
vn -0.3469 0.5427 0.7650
vn -0.3468 0.5259 0.7766
vn -0.3638 0.5595 0.7447
vn -0.3638 0.5427 0.7571
vn -0.3637 0.5260 0.7688
vn -0.3130 0.5764 0.7549
vn -0.3300 0.5764 0.7476
vn -0.3469 0.5764 0.7399
vn -0.3132 0.6267 0.7136
vn -0.3131 0.6099 0.7280
vn -0.3131 0.5931 0.7418
vn -0.3301 0.6267 0.7059
vn -0.3301 0.6099 0.7205
vn -0.3301 0.5931 0.7344
vn -0.3471 0.6267 0.6977
vn -0.3470 0.6099 0.7125
vn -0.3470 0.5931 0.7265
vn -0.3640 0.6267 0.6891
vn -0.3639 0.6099 0.7040
vn -0.3639 0.5931 0.7182
vn -0.3133 0.6435 0.6985
vn -0.3302 0.6435 0.6906
vn -0.3471 0.6434 0.6823
vn -0.3134 0.6939 0.6483
vn -0.3134 0.6770 0.6659
vn -0.3133 0.6602 0.6826
vn -0.3304 0.6939 0.6398
vn -0.3303 0.6770 0.6577
vn -0.3303 0.6602 0.6746
vn -0.3473 0.6939 0.6308
vn -0.3472 0.6770 0.6489
vn -0.3472 0.6602 0.6660
vn -0.3642 0.6939 0.6212
vn -0.3641 0.6770 0.6396
vn -0.3641 0.6602 0.6569
vn -0.2454 -0.6267 0.7396
vn -0.2623 -0.6267 0.7338
vn -0.2793 -0.6267 0.7275
vn -0.2453 -0.5764 0.7795
vn -0.2454 -0.5931 0.7668
vn -0.2454 -0.6099 0.7535
vn -0.2622 -0.5764 0.7740
vn -0.2623 -0.5931 0.7612
vn -0.2623 -0.6099 0.7478
vn -0.2791 -0.5763 0.7681
vn -0.2792 -0.5931 0.7552
vn -0.2792 -0.6099 0.7417
vn -0.2961 -0.5763 0.7617
vn -0.2962 -0.5931 0.7487
vn -0.2962 -0.6099 0.7351
vn -0.2453 -0.5595 0.7917
vn -0.2622 -0.5595 0.7862
vn -0.2791 -0.5595 0.7804
vn -0.2452 -0.5092 0.8250
vn -0.2453 -0.5260 0.8144
vn -0.2453 -0.5427 0.8033
vn -0.2622 -0.5092 0.8198
vn -0.2622 -0.5260 0.8091
vn -0.2622 -0.5427 0.7979
vn -0.2790 -0.5092 0.8142
vn -0.2791 -0.5259 0.8034
vn -0.2791 -0.5427 0.7922
vn -0.2959 -0.5092 0.8082
vn -0.2960 -0.5259 0.7974
vn -0.2960 -0.5427 0.7860
vn -0.2452 -0.4924 0.8351
vn -0.2621 -0.4924 0.8299
vn -0.2790 -0.4924 0.8244
vn -0.2451 -0.4423 0.8627
vn -0.2451 -0.4590 0.8539
vn -0.2452 -0.4757 0.8447
vn -0.2621 -0.4423 0.8577
vn -0.2621 -0.4590 0.8489
vn -0.2621 -0.4757 0.8396
vn -0.2789 -0.4423 0.8524
vn -0.2789 -0.4590 0.8435
vn -0.2789 -0.4757 0.8342
vn -0.2958 -0.4423 0.8467
vn -0.2959 -0.4590 0.8377
vn -0.2959 -0.4757 0.8283
vn -0.2451 -0.4256 0.8711
vn -0.2620 -0.4256 0.8661
vn -0.2789 -0.4256 0.8609
vn -0.2451 -0.3754 0.8939
vn -0.2451 -0.3921 0.8867
vn -0.2451 -0.4088 0.8791
vn -0.2619 -0.3754 0.8891
vn -0.2620 -0.3921 0.8818
vn -0.2620 -0.4088 0.8742
vn -0.2788 -0.3753 0.8840
vn -0.2788 -0.3921 0.8766
vn -0.2788 -0.4089 0.8690
vn -0.2957 -0.3753 0.8784
vn -0.2958 -0.3921 0.8711
vn -0.2958 -0.4089 0.8633
vn -0.2451 -0.3586 0.9008
vn -0.2619 -0.3586 0.8960
vn -0.2788 -0.3586 0.8909
vn -0.2450 -0.3085 0.9191
vn -0.2450 -0.3252 0.9133
vn -0.2450 -0.3419 0.9072
vn -0.2619 -0.3085 0.9145
vn -0.2619 -0.3252 0.9086
vn -0.2619 -0.3419 0.9025
vn -0.2787 -0.3085 0.9094
vn -0.2788 -0.3252 0.9036
vn -0.2788 -0.3419 0.8974
vn -0.2956 -0.3086 0.9041
vn -0.2956 -0.3252 0.8982
vn -0.2956 -0.3419 0.8920
vn -0.2450 -0.2918 0.9246
vn -0.2619 -0.2918 0.9199
vn -0.2787 -0.2918 0.9150
vn -0.2450 -0.2418 0.9389
vn -0.2450 -0.2585 0.9344
vn -0.2450 -0.2752 0.9297
vn -0.2618 -0.2418 0.9343
vn -0.2618 -0.2586 0.9298
vn -0.2619 -0.2751 0.9251
vn -0.2787 -0.2418 0.9294
vn -0.2787 -0.2586 0.9249
vn -0.2787 -0.2751 0.9201
vn -0.2956 -0.2418 0.9242
vn -0.2956 -0.2586 0.9197
vn -0.2956 -0.2751 0.9148
vn -0.2450 -0.2251 0.9430
vn -0.2618 -0.2251 0.9385
vn -0.2787 -0.2251 0.9336
vn -0.2449 -0.1750 0.9536
vn -0.2449 -0.1917 0.9504
vn -0.2449 -0.2085 0.9469
vn -0.2618 -0.1750 0.9491
vn -0.2618 -0.1917 0.9459
vn -0.2618 -0.2085 0.9423
vn -0.2786 -0.1751 0.9443
vn -0.2787 -0.1916 0.9411
vn -0.2787 -0.2085 0.9375
vn -0.2955 -0.1751 0.9392
vn -0.2955 -0.1916 0.9359
vn -0.2955 -0.2085 0.9323
vn -0.2449 -0.1582 0.9565
vn -0.2618 -0.1583 0.9521
vn -0.2786 -0.1583 0.9473
vn -0.2449 -0.1084 0.9635
vn -0.2449 -0.1250 0.9615
vn -0.2449 -0.1417 0.9591
vn -0.2618 -0.1084 0.9590
vn -0.2618 -0.1249 0.9570
vn -0.2617 -0.1417 0.9547
vn -0.2786 -0.1084 0.9543
vn -0.2787 -0.1249 0.9522
vn -0.2786 -0.1417 0.9499
vn -0.2955 -0.1084 0.9492
vn -0.2955 -0.1249 0.9471
vn -0.2955 -0.1416 0.9448
vn -0.2449 -0.0917 0.9652
vn -0.2618 -0.0916 0.9608
vn -0.2786 -0.0917 0.9560
vn -0.2449 -0.0418 0.9686
vn -0.2449 -0.0583 0.9678
vn -0.2449 -0.0751 0.9666
vn -0.2617 -0.0418 0.9642
vn -0.2617 -0.0584 0.9634
vn -0.2617 -0.0751 0.9622
vn -0.2786 -0.0418 0.9595
vn -0.2786 -0.0584 0.9586
vn -0.2786 -0.0751 0.9575
vn -0.2955 -0.0418 0.9544
vn -0.2955 -0.0584 0.9536
vn -0.2954 -0.0751 0.9524
vn -0.2449 -0.0250 0.9692
vn -0.2617 -0.0250 0.9648
vn -0.2786 -0.0250 0.9601
vn -0.2449 0.0250 0.9692
vn -0.2449 0.0084 0.9695
vn -0.2449 -0.0084 0.9695
vn -0.2617 0.0250 0.9648
vn -0.2617 0.0084 0.9651
vn -0.2617 -0.0084 0.9651
vn -0.2786 0.0250 0.9601
vn -0.2786 0.0084 0.9604
vn -0.2786 -0.0084 0.9604
vn -0.2955 0.0250 0.9550
vn -0.2955 0.0084 0.9553
vn -0.2955 -0.0084 0.9553
vn -0.2449 0.0418 0.9686
vn -0.2617 0.0418 0.9642
vn -0.2786 0.0418 0.9595
vn -0.2449 0.0917 0.9652
vn -0.2449 0.0751 0.9666
vn -0.2449 0.0583 0.9678
vn -0.2618 0.0916 0.9608
vn -0.2617 0.0751 0.9622
vn -0.2617 0.0584 0.9634
vn -0.2786 0.0917 0.9560
vn -0.2786 0.0751 0.9575
vn -0.2786 0.0584 0.9586
vn -0.2954 0.0917 0.9510
vn -0.2954 0.0751 0.9524
vn -0.2955 0.0584 0.9536
vn -0.2449 0.1084 0.9635
vn -0.2618 0.1083 0.9590
vn -0.2786 0.1084 0.9543
vn -0.2449 0.1582 0.9565
vn -0.2449 0.1417 0.9591
vn -0.2449 0.1250 0.9615
vn -0.2618 0.1583 0.9521
vn -0.2617 0.1417 0.9547
vn -0.2618 0.1249 0.9570
vn -0.2786 0.1583 0.9473
vn -0.2786 0.1417 0.9499
vn -0.2787 0.1249 0.9522
vn -0.2955 0.1583 0.9421
vn -0.2955 0.1416 0.9448
vn -0.2955 0.1249 0.9471
vn -0.2449 0.1750 0.9536
vn -0.2618 0.1750 0.9491
vn -0.2786 0.1751 0.9443
vn -0.2450 0.2251 0.9430
vn -0.2449 0.2085 0.9469
vn -0.2449 0.1917 0.9504
vn -0.2618 0.2251 0.9385
vn -0.2618 0.2085 0.9423
vn -0.2618 0.1917 0.9459
vn -0.2787 0.2251 0.9336
vn -0.2786 0.2085 0.9375
vn -0.2787 0.1916 0.9411
vn -0.2955 0.2251 0.9284
vn -0.2955 0.2085 0.9323
vn -0.2955 0.1916 0.9359
vn -0.2450 0.2418 0.9389
vn -0.2618 0.2418 0.9343
vn -0.2787 0.2418 0.9294
vn -0.2450 0.2918 0.9246
vn -0.2450 0.2752 0.9297
vn -0.2450 0.2585 0.9344
vn -0.2619 0.2918 0.9199
vn -0.2619 0.2751 0.9251
vn -0.2618 0.2586 0.9298
vn -0.2787 0.2918 0.9150
vn -0.2787 0.2751 0.9201
vn -0.2787 0.2586 0.9249
vn -0.2956 0.2918 0.9096
vn -0.2956 0.2751 0.9148
vn -0.2956 0.2586 0.9197
vn -0.2450 0.3085 0.9191
vn -0.2619 0.3085 0.9144
vn -0.2788 0.3085 0.9094
vn -0.2451 0.3586 0.9008
vn -0.2451 0.3419 0.9072
vn -0.2450 0.3252 0.9133
vn -0.2619 0.3586 0.8960
vn -0.2619 0.3419 0.9025
vn -0.2619 0.3252 0.9086
vn -0.2788 0.3586 0.8909
vn -0.2788 0.3419 0.8974
vn -0.2788 0.3252 0.9036
vn -0.2957 0.3586 0.8854
vn -0.2957 0.3419 0.8920
vn -0.2956 0.3252 0.8982
vn -0.2451 0.3754 0.8939
vn -0.2619 0.3754 0.8891
vn -0.2788 0.3753 0.8840
vn -0.2451 0.4256 0.8711
vn -0.2451 0.4089 0.8791
vn -0.2451 0.3921 0.8867
vn -0.2620 0.4256 0.8662
vn -0.2620 0.4088 0.8742
vn -0.2620 0.3921 0.8818
vn -0.2789 0.4256 0.8609
vn -0.2788 0.4089 0.8690
vn -0.2788 0.3921 0.8766
vn -0.2958 0.4256 0.8552
vn -0.2958 0.4089 0.8633
vn -0.2958 0.3921 0.8711
vn -0.2451 0.4423 0.8627
vn -0.2621 0.4423 0.8577
vn -0.2789 0.4423 0.8524
vn -0.2452 0.4924 0.8351
vn -0.2452 0.4757 0.8447
vn -0.2451 0.4590 0.8539
vn -0.2621 0.4924 0.8299
vn -0.2621 0.4757 0.8396
vn -0.2621 0.4590 0.8489
vn -0.2790 0.4924 0.8244
vn -0.2789 0.4757 0.8342
vn -0.2789 0.4590 0.8435
vn -0.2959 0.4924 0.8185
vn -0.2959 0.4757 0.8283
vn -0.2958 0.4590 0.8377
vn -0.2452 0.5092 0.8250
vn -0.2622 0.5092 0.8198
vn -0.2790 0.5092 0.8142
vn -0.2453 0.5595 0.7917
vn -0.2453 0.5427 0.8033
vn -0.2453 0.5260 0.8144
vn -0.2622 0.5595 0.7862
vn -0.2622 0.5427 0.7979
vn -0.2622 0.5260 0.8091
vn -0.2791 0.5595 0.7804
vn -0.2791 0.5427 0.7922
vn -0.2791 0.5259 0.8034
vn -0.2960 0.5595 0.7741
vn -0.2960 0.5427 0.7860
vn -0.2960 0.5259 0.7974
vn -0.2453 0.5764 0.7795
vn -0.2622 0.5764 0.7740
vn -0.2791 0.5763 0.7681
vn -0.2454 0.6267 0.7396
vn -0.2454 0.6099 0.7535
vn -0.2454 0.5931 0.7668
vn -0.2624 0.6267 0.7338
vn -0.2623 0.6099 0.7478
vn -0.2623 0.5931 0.7612
vn -0.2793 0.6267 0.7275
vn -0.2792 0.6099 0.7417
vn -0.2792 0.5931 0.7552
vn -0.2962 0.6267 0.7208
vn -0.2962 0.6099 0.7351
vn -0.2961 0.5931 0.7487
vn -0.2455 0.6434 0.7251
vn -0.2624 0.6434 0.7191
vn -0.2793 0.6434 0.7127
vn -0.2456 0.6939 0.6769
vn -0.2456 0.6770 0.6938
vn -0.2455 0.6602 0.7098
vn -0.2625 0.6939 0.6705
vn -0.2625 0.6770 0.6876
vn -0.2624 0.6602 0.7037
vn -0.2795 0.6939 0.6636
vn -0.2795 0.6770 0.6808
vn -0.2794 0.6602 0.6972
vn -0.2965 0.6939 0.6562
vn -0.2964 0.6770 0.6736
vn -0.2964 0.6602 0.6901
vn -0.1778 -0.6267 0.7587
vn -0.1947 -0.6267 0.7546
vn -0.2116 -0.6267 0.7500
vn -0.1777 -0.5763 0.7977
vn -0.1777 -0.5931 0.7853
vn -0.1777 -0.6099 0.7723
vn -0.1946 -0.5764 0.7937
vn -0.1947 -0.5931 0.7812
vn -0.1947 -0.6099 0.7682
vn -0.2115 -0.5764 0.7893
vn -0.2116 -0.5931 0.7768
vn -0.2116 -0.6099 0.7637
vn -0.2284 -0.5764 0.7846
vn -0.2285 -0.5931 0.7720
vn -0.2285 -0.6099 0.7588
vn -0.1777 -0.5595 0.8095
vn -0.1946 -0.5595 0.8056
vn -0.2115 -0.5595 0.8014
vn -0.1776 -0.5092 0.8421
vn -0.1777 -0.5259 0.8318
vn -0.1777 -0.5427 0.8209
vn -0.1945 -0.5092 0.8384
vn -0.1945 -0.5259 0.8280
vn -0.1946 -0.5427 0.8171
vn -0.2115 -0.5092 0.8343
vn -0.2115 -0.5259 0.8238
vn -0.2115 -0.5427 0.8129
vn -0.2284 -0.5092 0.8298
vn -0.2284 -0.5259 0.8193
vn -0.2284 -0.5427 0.8083
vn -0.1776 -0.4924 0.8520
vn -0.1945 -0.4924 0.8483
vn -0.2114 -0.4924 0.8443
vn -0.1775 -0.4423 0.8791
vn -0.1775 -0.4590 0.8705
vn -0.1775 -0.4757 0.8615
vn -0.1944 -0.4423 0.8755
vn -0.1945 -0.4590 0.8669
vn -0.1945 -0.4757 0.8578
vn -0.2114 -0.4423 0.8716
vn -0.2114 -0.4590 0.8629
vn -0.2114 -0.4757 0.8538
vn -0.2283 -0.4423 0.8673
vn -0.2283 -0.4590 0.8586
vn -0.2283 -0.4757 0.8494
vn -0.1775 -0.4256 0.8873
vn -0.1944 -0.4256 0.8838
vn -0.2114 -0.4256 0.8799
vn -0.1774 -0.3753 0.9098
vn -0.1774 -0.3922 0.9026
vn -0.1775 -0.4088 0.8952
vn -0.1944 -0.3753 0.9063
vn -0.1944 -0.3921 0.8991
vn -0.1944 -0.4089 0.8917
vn -0.2113 -0.3753 0.9025
vn -0.2113 -0.3921 0.8953
vn -0.2113 -0.4089 0.8878
vn -0.2282 -0.3754 0.8984
vn -0.2282 -0.3921 0.8912
vn -0.2282 -0.4089 0.8836
vn -0.1774 -0.3586 0.9165
vn -0.1944 -0.3586 0.9130
vn -0.2113 -0.3586 0.9093
vn -0.1774 -0.3086 0.9345
vn -0.1774 -0.3252 0.9289
vn -0.1774 -0.3419 0.9229
vn -0.1943 -0.3086 0.9311
vn -0.1943 -0.3252 0.9255
vn -0.1943 -0.3419 0.9194
vn -0.2112 -0.3086 0.9275
vn -0.2112 -0.3252 0.9217
vn -0.2113 -0.3419 0.9157
vn -0.2281 -0.3085 0.9234
vn -0.2281 -0.3252 0.9177
vn -0.2282 -0.3419 0.9116
vn -0.1774 -0.2918 0.9399
vn -0.1943 -0.2918 0.9365
vn -0.2112 -0.2918 0.9329
vn -0.1773 -0.2418 0.9540
vn -0.1773 -0.2586 0.9496
vn -0.1773 -0.2752 0.9449
vn -0.1943 -0.2418 0.9507
vn -0.1943 -0.2585 0.9463
vn -0.1943 -0.2752 0.9416
vn -0.2112 -0.2418 0.9471
vn -0.2112 -0.2585 0.9426
vn -0.2112 -0.2752 0.9379
vn -0.2280 -0.2418 0.9431
vn -0.2281 -0.2585 0.9387
vn -0.2281 -0.2752 0.9339
vn -0.1773 -0.2251 0.9581
vn -0.1942 -0.2252 0.9548
vn -0.2111 -0.2252 0.9512
vn -0.1773 -0.1751 0.9685
vn -0.1772 -0.1917 0.9653
vn -0.1773 -0.2085 0.9618
vn -0.1943 -0.1750 0.9652
vn -0.1942 -0.1917 0.9620
vn -0.1942 -0.2085 0.9585
vn -0.2111 -0.1751 0.9617
vn -0.2112 -0.1917 0.9585
vn -0.2111 -0.2085 0.9550
vn -0.2280 -0.1751 0.9578
vn -0.2280 -0.1917 0.9546
vn -0.2281 -0.2085 0.9511
vn -0.1773 -0.1583 0.9713
vn -0.1942 -0.1583 0.9681
vn -0.2111 -0.1583 0.9646
vn -0.1772 -0.1084 0.9782
vn -0.1773 -0.1249 0.9762
vn -0.1773 -0.1417 0.9739
vn -0.1941 -0.1084 0.9750
vn -0.1941 -0.1250 0.9730
vn -0.1942 -0.1417 0.9707
vn -0.2111 -0.1083 0.9714
vn -0.2112 -0.1250 0.9694
vn -0.2111 -0.1417 0.9671
vn -0.2280 -0.1084 0.9676
vn -0.2280 -0.1249 0.9656
vn -0.2281 -0.1416 0.9633
vn -0.1772 -0.0917 0.9799
vn -0.1942 -0.0917 0.9767
vn -0.2111 -0.0917 0.9732
vn -0.1772 -0.0418 0.9833
vn -0.1772 -0.0583 0.9824
vn -0.1772 -0.0751 0.9813
vn -0.1942 -0.0418 0.9801
vn -0.1942 -0.0583 0.9792
vn -0.1942 -0.0751 0.9781
vn -0.2111 -0.0418 0.9766
vn -0.2111 -0.0584 0.9757
vn -0.2111 -0.0751 0.9746
vn -0.2280 -0.0418 0.9728
vn -0.2280 -0.0584 0.9719
vn -0.2279 -0.0751 0.9708
vn -0.1772 -0.0250 0.9839
vn -0.1942 -0.0250 0.9806
vn -0.2110 -0.0250 0.9772
vn -0.1772 0.0250 0.9839
vn -0.1772 0.0084 0.9841
vn -0.1772 -0.0084 0.9841
vn -0.1942 0.0250 0.9806
vn -0.1942 0.0084 0.9809
vn -0.1942 -0.0084 0.9809
vn -0.2111 0.0250 0.9772
vn -0.2110 0.0084 0.9774
vn -0.2110 -0.0084 0.9774
vn -0.2280 0.0250 0.9733
vn -0.2280 0.0084 0.9736
vn -0.2280 -0.0084 0.9736
vn -0.1772 0.0418 0.9833
vn -0.1942 0.0418 0.9801
vn -0.2111 0.0418 0.9766
vn -0.1772 0.0917 0.9799
vn -0.1772 0.0751 0.9813
vn -0.1772 0.0584 0.9824
vn -0.1942 0.0917 0.9767
vn -0.1942 0.0751 0.9781
vn -0.1942 0.0584 0.9792
vn -0.2111 0.0917 0.9732
vn -0.2111 0.0751 0.9746
vn -0.2111 0.0584 0.9757
vn -0.2280 0.0917 0.9693
vn -0.2279 0.0751 0.9708
vn -0.2280 0.0584 0.9719
vn -0.1772 0.1084 0.9782
vn -0.1941 0.1084 0.9750
vn -0.2111 0.1083 0.9714
vn -0.1773 0.1583 0.9713
vn -0.1773 0.1417 0.9739
vn -0.1773 0.1249 0.9762
vn -0.1942 0.1583 0.9681
vn -0.1942 0.1417 0.9707
vn -0.1941 0.1250 0.9730
vn -0.2111 0.1583 0.9646
vn -0.2111 0.1417 0.9671
vn -0.2111 0.1249 0.9694
vn -0.2280 0.1583 0.9607
vn -0.2281 0.1417 0.9633
vn -0.2280 0.1249 0.9656
vn -0.1773 0.1751 0.9685
vn -0.1942 0.1750 0.9652
vn -0.2111 0.1751 0.9617
vn -0.1773 0.2251 0.9581
vn -0.1773 0.2085 0.9618
vn -0.1772 0.1917 0.9653
vn -0.1942 0.2251 0.9548
vn -0.1942 0.2085 0.9585
vn -0.1942 0.1917 0.9620
vn -0.2111 0.2252 0.9512
vn -0.2112 0.2085 0.9550
vn -0.2112 0.1916 0.9585
vn -0.2281 0.2251 0.9473
vn -0.2281 0.2085 0.9511
vn -0.2280 0.1917 0.9546
vn -0.1773 0.2418 0.9540
vn -0.1943 0.2418 0.9507
vn -0.2112 0.2418 0.9471
vn -0.1774 0.2918 0.9399
vn -0.1773 0.2752 0.9449
vn -0.1773 0.2586 0.9496
vn -0.1943 0.2918 0.9365
vn -0.1943 0.2752 0.9416
vn -0.1943 0.2586 0.9463
vn -0.2112 0.2918 0.9329
vn -0.2112 0.2752 0.9379
vn -0.2112 0.2585 0.9426
vn -0.2281 0.2918 0.9289
vn -0.2281 0.2752 0.9339
vn -0.2281 0.2585 0.9387
vn -0.1774 0.3086 0.9345
vn -0.1943 0.3086 0.9311
vn -0.2112 0.3086 0.9275
vn -0.1774 0.3586 0.9165
vn -0.1774 0.3419 0.9229
vn -0.1774 0.3252 0.9289
vn -0.1944 0.3586 0.9130
vn -0.1944 0.3419 0.9194
vn -0.1943 0.3252 0.9255
vn -0.2113 0.3586 0.9093
vn -0.2113 0.3419 0.9157
vn -0.2112 0.3252 0.9217
vn -0.2282 0.3586 0.9052
vn -0.2282 0.3419 0.9116
vn -0.2281 0.3252 0.9177
vn -0.1774 0.3753 0.9098
vn -0.1944 0.3753 0.9063
vn -0.2113 0.3753 0.9025
vn -0.1775 0.4256 0.8873
vn -0.1775 0.4088 0.8952
vn -0.1774 0.3921 0.9026
vn -0.1944 0.4256 0.8838
vn -0.1944 0.4089 0.8917
vn -0.1944 0.3921 0.8991
vn -0.2114 0.4256 0.8799
vn -0.2113 0.4089 0.8878
vn -0.2113 0.3921 0.8953
vn -0.2282 0.4256 0.8757
vn -0.2282 0.4089 0.8836
vn -0.2282 0.3921 0.8912
vn -0.1775 0.4423 0.8791
vn -0.1944 0.4423 0.8755
vn -0.2114 0.4423 0.8716
vn -0.1776 0.4924 0.8521
vn -0.1775 0.4757 0.8615
vn -0.1775 0.4590 0.8705
vn -0.1945 0.4924 0.8483
vn -0.1945 0.4757 0.8578
vn -0.1945 0.4590 0.8669
vn -0.2114 0.4924 0.8443
vn -0.2114 0.4757 0.8538
vn -0.2114 0.4590 0.8629
vn -0.2283 0.4924 0.8399
vn -0.2283 0.4757 0.8494
vn -0.2283 0.4590 0.8586
vn -0.1776 0.5092 0.8421
vn -0.1945 0.5092 0.8384
vn -0.2115 0.5092 0.8343
vn -0.1777 0.5595 0.8095
vn -0.1777 0.5427 0.8209
vn -0.1776 0.5259 0.8318
vn -0.1946 0.5595 0.8056
vn -0.1946 0.5427 0.8171
vn -0.1945 0.5259 0.8280
vn -0.2115 0.5595 0.8014
vn -0.2115 0.5427 0.8129
vn -0.2115 0.5259 0.8238
vn -0.2284 0.5595 0.7967
vn -0.2284 0.5427 0.8083
vn -0.2284 0.5259 0.8193
vn -0.1777 0.5763 0.7977
vn -0.1946 0.5764 0.7937
vn -0.2115 0.5764 0.7893
vn -0.1778 0.6267 0.7587
vn -0.1777 0.6099 0.7723
vn -0.1777 0.5931 0.7853
vn -0.1947 0.6267 0.7546
vn -0.1947 0.6099 0.7682
vn -0.1947 0.5931 0.7812
vn -0.2116 0.6267 0.7500
vn -0.2116 0.6099 0.7637
vn -0.2116 0.5931 0.7768
vn -0.2285 0.6267 0.7450
vn -0.2285 0.6099 0.7588
vn -0.2285 0.5931 0.7720
vn -0.1778 0.6434 0.7446
vn -0.1947 0.6434 0.7403
vn -0.2116 0.6434 0.7357
vn -0.1779 0.6939 0.6978
vn -0.1779 0.6770 0.7141
vn -0.1779 0.6602 0.7297
vn -0.1948 0.6939 0.6932
vn -0.1948 0.6770 0.7097
vn -0.1948 0.6602 0.7254
vn -0.2117 0.6939 0.6883
vn -0.2117 0.6770 0.7049
vn -0.2117 0.6602 0.7206
vn -0.2286 0.6939 0.6828
vn -0.2286 0.6770 0.6996
vn -0.2286 0.6602 0.7154
vn -0.1100 -0.6266 0.7715
vn -0.1269 -0.6267 0.7689
vn -0.1439 -0.6267 0.7659
vn -0.1099 -0.5764 0.8098
vn -0.1100 -0.5931 0.7976
vn -0.1100 -0.6099 0.7848
vn -0.1269 -0.5764 0.8073
vn -0.1269 -0.5931 0.7951
vn -0.1269 -0.6099 0.7823
vn -0.1438 -0.5764 0.8044
vn -0.1438 -0.5931 0.7922
vn -0.1438 -0.6099 0.7793
vn -0.1607 -0.5764 0.8012
vn -0.1608 -0.5931 0.7889
vn -0.1608 -0.6099 0.7760
vn -0.1099 -0.5595 0.8215
vn -0.1268 -0.5595 0.8191
vn -0.1438 -0.5595 0.8162
vn -0.1099 -0.5092 0.8536
vn -0.1099 -0.5259 0.8434
vn -0.1099 -0.5427 0.8327
vn -0.1268 -0.5092 0.8513
vn -0.1268 -0.5259 0.8410
vn -0.1268 -0.5427 0.8303
vn -0.1437 -0.5092 0.8486
vn -0.1437 -0.5259 0.8383
vn -0.1437 -0.5427 0.8275
vn -0.1606 -0.5092 0.8455
vn -0.1607 -0.5259 0.8352
vn -0.1607 -0.5427 0.8244
vn -0.1099 -0.4924 0.8634
vn -0.1268 -0.4924 0.8611
vn -0.1437 -0.4924 0.8584
vn -0.1098 -0.4423 0.8901
vn -0.1099 -0.4590 0.8816
vn -0.1099 -0.4757 0.8727
vn -0.1267 -0.4423 0.8878
vn -0.1267 -0.4590 0.8793
vn -0.1268 -0.4757 0.8704
vn -0.1436 -0.4423 0.8853
vn -0.1437 -0.4590 0.8767
vn -0.1437 -0.4757 0.8678
vn -0.1606 -0.4423 0.8824
vn -0.1606 -0.4590 0.8738
vn -0.1606 -0.4757 0.8648
vn -0.1098 -0.4256 0.8982
vn -0.1267 -0.4256 0.8960
vn -0.1436 -0.4256 0.8934
vn -0.1098 -0.3753 0.9204
vn -0.1098 -0.3921 0.9133
vn -0.1098 -0.4089 0.9060
vn -0.1267 -0.3753 0.9182
vn -0.1267 -0.3921 0.9111
vn -0.1267 -0.4089 0.9038
vn -0.1436 -0.3753 0.9157
vn -0.1436 -0.3921 0.9086
vn -0.1436 -0.4089 0.9012
vn -0.1605 -0.3753 0.9129
vn -0.1605 -0.3921 0.9058
vn -0.1605 -0.4088 0.8984
vn -0.1098 -0.3586 0.9270
vn -0.1267 -0.3586 0.9249
vn -0.1436 -0.3586 0.9224
vn -0.1098 -0.3085 0.9449
vn -0.1098 -0.3252 0.9393
vn -0.1098 -0.3419 0.9333
vn -0.1267 -0.3086 0.9427
vn -0.1267 -0.3252 0.9371
vn -0.1267 -0.3419 0.9312
vn -0.1435 -0.3086 0.9403
vn -0.1436 -0.3252 0.9347
vn -0.1436 -0.3419 0.9287
vn -0.1604 -0.3086 0.9376
vn -0.1605 -0.3252 0.9319
vn -0.1605 -0.3419 0.9259
vn -0.1098 -0.2918 0.9502
vn -0.1266 -0.2918 0.9481
vn -0.1435 -0.2918 0.9456
vn -0.1098 -0.2418 0.9641
vn -0.1097 -0.2586 0.9597
vn -0.1097 -0.2752 0.9551
vn -0.1267 -0.2418 0.9620
vn -0.1267 -0.2585 0.9577
vn -0.1266 -0.2752 0.9530
vn -0.1435 -0.2418 0.9597
vn -0.1435 -0.2585 0.9553
vn -0.1436 -0.2751 0.9506
vn -0.1604 -0.2418 0.9570
vn -0.1604 -0.2586 0.9526
vn -0.1604 -0.2751 0.9479
vn -0.1098 -0.2251 0.9681
vn -0.1266 -0.2251 0.9661
vn -0.1435 -0.2252 0.9637
vn -0.1097 -0.1751 0.9784
vn -0.1098 -0.1917 0.9753
vn -0.1098 -0.2085 0.9718
vn -0.1266 -0.1750 0.9764
vn -0.1266 -0.1917 0.9733
vn -0.1266 -0.2085 0.9698
vn -0.1435 -0.1750 0.9740
vn -0.1435 -0.1917 0.9709
vn -0.1435 -0.2085 0.9674
vn -0.1603 -0.1751 0.9714
vn -0.1604 -0.1917 0.9683
vn -0.1604 -0.2085 0.9648
vn -0.1097 -0.1583 0.9813
vn -0.1266 -0.1583 0.9792
vn -0.1435 -0.1583 0.9769
vn -0.1097 -0.1084 0.9880
vn -0.1097 -0.1249 0.9861
vn -0.1097 -0.1417 0.9838
vn -0.1266 -0.1084 0.9860
vn -0.1266 -0.1249 0.9840
vn -0.1267 -0.1417 0.9818
vn -0.1434 -0.1084 0.9837
vn -0.1434 -0.1250 0.9817
vn -0.1435 -0.1417 0.9795
vn -0.1604 -0.1084 0.9811
vn -0.1604 -0.1249 0.9791
vn -0.1603 -0.1417 0.9768
vn -0.1097 -0.0916 0.9897
vn -0.1266 -0.0917 0.9877
vn -0.1434 -0.0916 0.9854
vn -0.1098 -0.0418 0.9931
vn -0.1097 -0.0584 0.9922
vn -0.1097 -0.0751 0.9911
vn -0.1266 -0.0418 0.9911
vn -0.1266 -0.0584 0.9902
vn -0.1266 -0.0751 0.9891
vn -0.1435 -0.0418 0.9888
vn -0.1434 -0.0583 0.9879
vn -0.1434 -0.0751 0.9868
vn -0.1603 -0.0418 0.9862
vn -0.1604 -0.0583 0.9853
vn -0.1604 -0.0751 0.9842
vn -0.1098 -0.0250 0.9936
vn -0.1266 -0.0250 0.9916
vn -0.1435 -0.0250 0.9893
vn -0.1098 0.0250 0.9936
vn -0.1098 0.0084 0.9939
vn -0.1098 -0.0084 0.9939
vn -0.1266 0.0250 0.9916
vn -0.1266 0.0084 0.9919
vn -0.1266 -0.0084 0.9919
vn -0.1435 0.0250 0.9893
vn -0.1435 0.0084 0.9896
vn -0.1435 -0.0084 0.9896
vn -0.1603 0.0250 0.9867
vn -0.1603 0.0084 0.9870
vn -0.1603 -0.0084 0.9870
vn -0.1098 0.0418 0.9931
vn -0.1266 0.0418 0.9911
vn -0.1435 0.0418 0.9888
vn -0.1097 0.0917 0.9897
vn -0.1098 0.0751 0.9911
vn -0.1098 0.0584 0.9922
vn -0.1266 0.0917 0.9877
vn -0.1266 0.0751 0.9891
vn -0.1266 0.0584 0.9902
vn -0.1434 0.0916 0.9854
vn -0.1434 0.0751 0.9868
vn -0.1434 0.0584 0.9879
vn -0.1604 0.0916 0.9828
vn -0.1604 0.0751 0.9842
vn -0.1604 0.0583 0.9853
vn -0.1097 0.1084 0.9880
vn -0.1266 0.1084 0.9860
vn -0.1434 0.1084 0.9837
vn -0.1097 0.1583 0.9813
vn -0.1097 0.1417 0.9838
vn -0.1097 0.1249 0.9861
vn -0.1266 0.1583 0.9792
vn -0.1267 0.1417 0.9818
vn -0.1267 0.1249 0.9840
vn -0.1435 0.1583 0.9769
vn -0.1435 0.1417 0.9795
vn -0.1434 0.1250 0.9817
vn -0.1603 0.1583 0.9743
vn -0.1603 0.1417 0.9768
vn -0.1604 0.1250 0.9791
vn -0.1097 0.1751 0.9784
vn -0.1266 0.1750 0.9764
vn -0.1435 0.1750 0.9740
vn -0.1098 0.2251 0.9681
vn -0.1098 0.2085 0.9718
vn -0.1098 0.1917 0.9753
vn -0.1266 0.2251 0.9661
vn -0.1266 0.2085 0.9698
vn -0.1266 0.1917 0.9733
vn -0.1435 0.2252 0.9637
vn -0.1435 0.2085 0.9674
vn -0.1435 0.1917 0.9709
vn -0.1604 0.2251 0.9610
vn -0.1604 0.2085 0.9648
vn -0.1604 0.1917 0.9683
vn -0.1098 0.2418 0.9641
vn -0.1267 0.2418 0.9620
vn -0.1435 0.2418 0.9597
vn -0.1098 0.2918 0.9502
vn -0.1097 0.2752 0.9551
vn -0.1097 0.2586 0.9597
vn -0.1266 0.2918 0.9481
vn -0.1266 0.2752 0.9530
vn -0.1267 0.2585 0.9577
vn -0.1435 0.2918 0.9456
vn -0.1435 0.2751 0.9506
vn -0.1435 0.2585 0.9553
vn -0.1604 0.2918 0.9429
vn -0.1604 0.2751 0.9479
vn -0.1604 0.2586 0.9526
vn -0.1098 0.3085 0.9449
vn -0.1267 0.3086 0.9427
vn -0.1435 0.3086 0.9403
vn -0.1098 0.3586 0.9270
vn -0.1098 0.3419 0.9333
vn -0.1098 0.3252 0.9393
vn -0.1267 0.3586 0.9248
vn -0.1267 0.3419 0.9312
vn -0.1267 0.3252 0.9371
vn -0.1436 0.3586 0.9224
vn -0.1436 0.3419 0.9287
vn -0.1436 0.3252 0.9347
vn -0.1605 0.3586 0.9196
vn -0.1605 0.3419 0.9259
vn -0.1605 0.3252 0.9319
vn -0.1098 0.3753 0.9204
vn -0.1267 0.3753 0.9182
vn -0.1436 0.3753 0.9157
vn -0.1098 0.4256 0.8982
vn -0.1098 0.4089 0.9060
vn -0.1098 0.3921 0.9133
vn -0.1267 0.4256 0.8960
vn -0.1267 0.4089 0.9038
vn -0.1267 0.3921 0.9111
vn -0.1436 0.4256 0.8934
vn -0.1436 0.4089 0.9012
vn -0.1436 0.3921 0.9086
vn -0.1605 0.4256 0.8905
vn -0.1605 0.4088 0.8984
vn -0.1605 0.3921 0.9058
vn -0.1098 0.4423 0.8901
vn -0.1267 0.4423 0.8878
vn -0.1436 0.4423 0.8853
vn -0.1099 0.4924 0.8634
vn -0.1099 0.4757 0.8727
vn -0.1099 0.4590 0.8816
vn -0.1268 0.4924 0.8611
vn -0.1268 0.4757 0.8704
vn -0.1267 0.4590 0.8793
vn -0.1437 0.4924 0.8584
vn -0.1437 0.4757 0.8678
vn -0.1437 0.4590 0.8767
vn -0.1606 0.4924 0.8554
vn -0.1606 0.4757 0.8648
vn -0.1606 0.4590 0.8738
vn -0.1099 0.5092 0.8536
vn -0.1268 0.5092 0.8513
vn -0.1437 0.5092 0.8486
vn -0.1099 0.5595 0.8215
vn -0.1099 0.5427 0.8327
vn -0.1099 0.5259 0.8434
vn -0.1268 0.5595 0.8191
vn -0.1268 0.5427 0.8303
vn -0.1268 0.5259 0.8410
vn -0.1438 0.5595 0.8162
vn -0.1437 0.5427 0.8275
vn -0.1437 0.5259 0.8383
vn -0.1607 0.5595 0.8131
vn -0.1607 0.5427 0.8244
vn -0.1607 0.5259 0.8352
vn -0.1099 0.5764 0.8098
vn -0.1269 0.5764 0.8073
vn -0.1438 0.5764 0.8044
vn -0.1100 0.6266 0.7715
vn -0.1100 0.6099 0.7848
vn -0.1100 0.5931 0.7976
vn -0.1269 0.6267 0.7689
vn -0.1269 0.6099 0.7823
vn -0.1269 0.5931 0.7951
vn -0.1439 0.6267 0.7659
vn -0.1438 0.6099 0.7793
vn -0.1438 0.5931 0.7922
vn -0.1608 0.6266 0.7625
vn -0.1608 0.6099 0.7760
vn -0.1608 0.5931 0.7889
vn -0.1100 0.6434 0.7575
vn -0.1270 0.6434 0.7549
vn -0.1439 0.6434 0.7519
vn -0.1101 0.6939 0.7116
vn -0.1100 0.6770 0.7277
vn -0.1100 0.6602 0.7430
vn -0.1270 0.6939 0.7088
vn -0.1270 0.6770 0.7249
vn -0.1270 0.6602 0.7403
vn -0.1440 0.6939 0.7056
vn -0.1440 0.6770 0.7218
vn -0.1439 0.6602 0.7372
vn -0.1610 0.6939 0.7019
vn -0.1609 0.6770 0.7181
vn -0.1609 0.6602 0.7336
vn -0.0424 -0.6267 0.7781
vn -0.0593 -0.6267 0.7770
vn -0.0762 -0.6267 0.7756
vn -0.0423 -0.5764 0.8161
vn -0.0424 -0.5931 0.8040
vn -0.0424 -0.6099 0.7914
vn -0.0592 -0.5764 0.8150
vn -0.0593 -0.5931 0.8029
vn -0.0593 -0.6099 0.7903
vn -0.0761 -0.5763 0.8137
vn -0.0761 -0.5931 0.8015
vn -0.0762 -0.6099 0.7888
vn -0.0930 -0.5763 0.8119
vn -0.0931 -0.5931 0.7997
vn -0.0931 -0.6099 0.7870
vn -0.0423 -0.5595 0.8277
vn -0.0593 -0.5595 0.8267
vn -0.0761 -0.5595 0.8253
vn -0.0423 -0.5092 0.8596
vn -0.0424 -0.5259 0.8495
vn -0.0424 -0.5427 0.8389
vn -0.0592 -0.5092 0.8586
vn -0.0592 -0.5259 0.8485
vn -0.0592 -0.5427 0.8378
vn -0.0761 -0.5092 0.8573
vn -0.0761 -0.5259 0.8471
vn -0.0761 -0.5427 0.8365
vn -0.0930 -0.5092 0.8556
vn -0.0930 -0.5259 0.8454
vn -0.0930 -0.5427 0.8348
vn -0.0423 -0.4924 0.8693
vn -0.0593 -0.4924 0.8683
vn -0.0761 -0.4924 0.8670
vn -0.0423 -0.4423 0.8959
vn -0.0423 -0.4590 0.8874
vn -0.0423 -0.4757 0.8786
vn -0.0592 -0.4423 0.8949
vn -0.0592 -0.4590 0.8865
vn -0.0592 -0.4757 0.8776
vn -0.0761 -0.4423 0.8936
vn -0.0761 -0.4590 0.8852
vn -0.0761 -0.4757 0.8763
vn -0.0930 -0.4423 0.8920
vn -0.0930 -0.4590 0.8835
vn -0.0930 -0.4757 0.8747
vn -0.0423 -0.4256 0.9039
vn -0.0592 -0.4256 0.9030
vn -0.0761 -0.4256 0.9017
vn -0.0423 -0.3753 0.9259
vn -0.0423 -0.3921 0.9190
vn -0.0423 -0.4089 0.9116
vn -0.0592 -0.3753 0.9250
vn -0.0592 -0.3921 0.9180
vn -0.0592 -0.4089 0.9107
vn -0.0761 -0.3753 0.9238
vn -0.0761 -0.3921 0.9168
vn -0.0761 -0.4089 0.9094
vn -0.0929 -0.3753 0.9222
vn -0.0930 -0.3921 0.9152
vn -0.0930 -0.4089 0.9078
vn -0.0423 -0.3586 0.9325
vn -0.0592 -0.3586 0.9316
vn -0.0761 -0.3586 0.9304
vn -0.0423 -0.3086 0.9503
vn -0.0423 -0.3252 0.9447
vn -0.0423 -0.3419 0.9388
vn -0.0592 -0.3086 0.9494
vn -0.0592 -0.3252 0.9438
vn -0.0592 -0.3419 0.9379
vn -0.0760 -0.3086 0.9482
vn -0.0760 -0.3252 0.9426
vn -0.0761 -0.3419 0.9367
vn -0.0929 -0.3085 0.9467
vn -0.0929 -0.3252 0.9411
vn -0.0929 -0.3419 0.9351
vn -0.0423 -0.2918 0.9555
vn -0.0591 -0.2918 0.9546
vn -0.0761 -0.2918 0.9535
vn -0.0422 -0.2418 0.9694
vn -0.0422 -0.2586 0.9651
vn -0.0423 -0.2752 0.9605
vn -0.0592 -0.2418 0.9685
vn -0.0592 -0.2585 0.9642
vn -0.0592 -0.2752 0.9596
vn -0.0760 -0.2418 0.9673
vn -0.0761 -0.2585 0.9630
vn -0.0761 -0.2751 0.9584
vn -0.0929 -0.2418 0.9659
vn -0.0929 -0.2586 0.9615
vn -0.0929 -0.2752 0.9569
vn -0.0422 -0.2251 0.9734
vn -0.0592 -0.2251 0.9725
vn -0.0760 -0.2251 0.9714
vn -0.0423 -0.1751 0.9836
vn -0.0423 -0.1917 0.9805
vn -0.0422 -0.2085 0.9771
vn -0.0592 -0.1751 0.9828
vn -0.0592 -0.1917 0.9797
vn -0.0592 -0.2085 0.9762
vn -0.0760 -0.1750 0.9816
vn -0.0760 -0.1917 0.9785
vn -0.0760 -0.2085 0.9751
vn -0.0929 -0.1750 0.9802
vn -0.0929 -0.1917 0.9771
vn -0.0929 -0.2085 0.9736
vn -0.0423 -0.1583 0.9865
vn -0.0592 -0.1583 0.9856
vn -0.0760 -0.1583 0.9845
vn -0.0423 -0.1084 0.9932
vn -0.0423 -0.1249 0.9913
vn -0.0423 -0.1417 0.9890
vn -0.0591 -0.1084 0.9924
vn -0.0591 -0.1250 0.9904
vn -0.0592 -0.1417 0.9881
vn -0.0760 -0.1084 0.9912
vn -0.0760 -0.1250 0.9892
vn -0.0760 -0.1417 0.9870
vn -0.0929 -0.1084 0.9898
vn -0.0929 -0.1250 0.9878
vn -0.0929 -0.1417 0.9855
vn -0.0423 -0.0917 0.9949
vn -0.0591 -0.0917 0.9940
vn -0.0761 -0.0917 0.9929
vn -0.0423 -0.0418 0.9982
vn -0.0423 -0.0584 0.9974
vn -0.0423 -0.0751 0.9963
vn -0.0591 -0.0418 0.9974
vn -0.0591 -0.0584 0.9965
vn -0.0591 -0.0751 0.9954
vn -0.0761 -0.0418 0.9962
vn -0.0761 -0.0584 0.9954
vn -0.0761 -0.0751 0.9943
vn -0.0928 -0.0418 0.9948
vn -0.0928 -0.0584 0.9940
vn -0.0928 -0.0751 0.9928
vn -0.0423 -0.0250 0.9988
vn -0.0591 -0.0250 0.9979
vn -0.0761 -0.0250 0.9968
vn -0.0423 0.0250 0.9988
vn -0.0423 0.0084 0.9991
vn -0.0423 -0.0084 0.9991
vn -0.0591 0.0250 0.9979
vn -0.0591 0.0084 0.9982
vn -0.0591 -0.0084 0.9982
vn -0.0761 0.0250 0.9968
vn -0.0761 0.0084 0.9971
vn -0.0761 -0.0084 0.9971
vn -0.0928 0.0250 0.9954
vn -0.0928 0.0084 0.9956
vn -0.0928 -0.0084 0.9956
vn -0.0423 0.0418 0.9982
vn -0.0591 0.0418 0.9974
vn -0.0761 0.0418 0.9962
vn -0.0423 0.0917 0.9949
vn -0.0423 0.0751 0.9963
vn -0.0423 0.0584 0.9974
vn -0.0591 0.0917 0.9940
vn -0.0591 0.0751 0.9954
vn -0.0591 0.0584 0.9965
vn -0.0760 0.0917 0.9929
vn -0.0761 0.0751 0.9943
vn -0.0761 0.0584 0.9954
vn -0.0929 0.0917 0.9915
vn -0.0928 0.0751 0.9928
vn -0.0928 0.0584 0.9940
vn -0.0423 0.1084 0.9932
vn -0.0591 0.1084 0.9924
vn -0.0760 0.1084 0.9912
vn -0.0423 0.1583 0.9865
vn -0.0423 0.1417 0.9890
vn -0.0423 0.1249 0.9913
vn -0.0592 0.1583 0.9856
vn -0.0591 0.1417 0.9881
vn -0.0591 0.1250 0.9904
vn -0.0760 0.1583 0.9845
vn -0.0760 0.1417 0.9870
vn -0.0760 0.1250 0.9892
vn -0.0929 0.1583 0.9830
vn -0.0929 0.1417 0.9855
vn -0.0929 0.1249 0.9878
vn -0.0423 0.1750 0.9837
vn -0.0592 0.1751 0.9828
vn -0.0760 0.1750 0.9816
vn -0.0422 0.2251 0.9734
vn -0.0423 0.2085 0.9771
vn -0.0423 0.1917 0.9805
vn -0.0592 0.2251 0.9725
vn -0.0592 0.2085 0.9762
vn -0.0592 0.1917 0.9797
vn -0.0760 0.2251 0.9714
vn -0.0760 0.2085 0.9751
vn -0.0760 0.1917 0.9785
vn -0.0929 0.2251 0.9699
vn -0.0929 0.2085 0.9736
vn -0.0929 0.1917 0.9770
vn -0.0422 0.2418 0.9694
vn -0.0592 0.2418 0.9685
vn -0.0760 0.2418 0.9673
vn -0.0423 0.2918 0.9555
vn -0.0423 0.2752 0.9605
vn -0.0422 0.2586 0.9651
vn -0.0591 0.2918 0.9546
vn -0.0592 0.2752 0.9596
vn -0.0592 0.2586 0.9642
vn -0.0761 0.2918 0.9535
vn -0.0761 0.2751 0.9584
vn -0.0761 0.2585 0.9630
vn -0.0929 0.2918 0.9520
vn -0.0929 0.2752 0.9569
vn -0.0929 0.2586 0.9615
vn -0.0423 0.3086 0.9503
vn -0.0592 0.3086 0.9494
vn -0.0760 0.3086 0.9482
vn -0.0423 0.3586 0.9325
vn -0.0423 0.3419 0.9388
vn -0.0423 0.3252 0.9447
vn -0.0592 0.3586 0.9316
vn -0.0592 0.3419 0.9379
vn -0.0592 0.3252 0.9438
vn -0.0761 0.3586 0.9304
vn -0.0761 0.3419 0.9367
vn -0.0760 0.3252 0.9426
vn -0.0929 0.3586 0.9289
vn -0.0929 0.3419 0.9351
vn -0.0929 0.3252 0.9411
vn -0.0423 0.3753 0.9259
vn -0.0592 0.3753 0.9250
vn -0.0761 0.3753 0.9238
vn -0.0423 0.4256 0.9039
vn -0.0423 0.4089 0.9116
vn -0.0423 0.3921 0.9190
vn -0.0592 0.4256 0.9030
vn -0.0592 0.4089 0.9107
vn -0.0592 0.3921 0.9180
vn -0.0761 0.4256 0.9017
vn -0.0761 0.4089 0.9094
vn -0.0761 0.3921 0.9168
vn -0.0930 0.4256 0.9001
vn -0.0930 0.4089 0.9078
vn -0.0929 0.3921 0.9152
vn -0.0423 0.4423 0.8959
vn -0.0592 0.4423 0.8949
vn -0.0761 0.4423 0.8936
vn -0.0423 0.4924 0.8693
vn -0.0423 0.4757 0.8786
vn -0.0423 0.4590 0.8874
vn -0.0593 0.4924 0.8683
vn -0.0592 0.4757 0.8776
vn -0.0592 0.4590 0.8865
vn -0.0761 0.4924 0.8670
vn -0.0761 0.4757 0.8763
vn -0.0761 0.4590 0.8852
vn -0.0930 0.4924 0.8654
vn -0.0930 0.4757 0.8747
vn -0.0930 0.4590 0.8835
vn -0.0423 0.5092 0.8596
vn -0.0592 0.5092 0.8586
vn -0.0761 0.5092 0.8573
vn -0.0423 0.5595 0.8277
vn -0.0424 0.5427 0.8389
vn -0.0424 0.5259 0.8495
vn -0.0593 0.5595 0.8267
vn -0.0592 0.5427 0.8378
vn -0.0592 0.5259 0.8485
vn -0.0761 0.5595 0.8253
vn -0.0761 0.5427 0.8365
vn -0.0761 0.5259 0.8471
vn -0.0930 0.5595 0.8236
vn -0.0930 0.5427 0.8348
vn -0.0930 0.5259 0.8454
vn -0.0423 0.5764 0.8161
vn -0.0593 0.5764 0.8150
vn -0.0761 0.5763 0.8137
vn -0.0424 0.6267 0.7781
vn -0.0424 0.6099 0.7914
vn -0.0423 0.5931 0.8040
vn -0.0593 0.6267 0.7770
vn -0.0593 0.6099 0.7903
vn -0.0593 0.5931 0.8029
vn -0.0762 0.6267 0.7756
vn -0.0762 0.6099 0.7888
vn -0.0761 0.5931 0.8015
vn -0.0931 0.6266 0.7737
vn -0.0931 0.6099 0.7870
vn -0.0931 0.5931 0.7997
vn -0.0424 0.6434 0.7643
vn -0.0593 0.6434 0.7632
vn -0.0762 0.6434 0.7617
vn -0.0424 0.6939 0.7189
vn -0.0424 0.6770 0.7347
vn -0.0424 0.6602 0.7499
vn -0.0593 0.6939 0.7177
vn -0.0593 0.6770 0.7336
vn -0.0593 0.6602 0.7487
vn -0.0762 0.6939 0.7161
vn -0.0762 0.6770 0.7320
vn -0.0762 0.6602 0.7472
vn -0.0932 0.6939 0.7141
vn -0.0931 0.6770 0.7301
vn -0.0931 0.6602 0.7453
vn 0.0254 -0.6267 0.7789
vn 0.0085 -0.6267 0.7792
vn -0.0085 -0.6267 0.7792
vn 0.0254 -0.5763 0.8168
vn 0.0255 -0.5931 0.8047
vn 0.0254 -0.6099 0.7921
vn 0.0085 -0.5763 0.8172
vn 0.0085 -0.5931 0.8051
vn 0.0085 -0.6099 0.7925
vn -0.0085 -0.5763 0.8172
vn -0.0085 -0.5931 0.8051
vn -0.0085 -0.6099 0.7925
vn -0.0254 -0.5763 0.8168
vn -0.0254 -0.5931 0.8047
vn -0.0254 -0.6099 0.7921
vn 0.0254 -0.5595 0.8284
vn 0.0085 -0.5595 0.8288
vn -0.0085 -0.5595 0.8288
vn 0.0254 -0.5092 0.8603
vn 0.0254 -0.5259 0.8501
vn 0.0254 -0.5427 0.8395
vn 0.0085 -0.5092 0.8606
vn 0.0085 -0.5259 0.8505
vn 0.0085 -0.5427 0.8399
vn -0.0085 -0.5092 0.8606
vn -0.0085 -0.5259 0.8505
vn -0.0085 -0.5427 0.8399
vn -0.0254 -0.5092 0.8603
vn -0.0254 -0.5259 0.8501
vn -0.0254 -0.5427 0.8395
vn 0.0254 -0.4924 0.8700
vn 0.0085 -0.4924 0.8703
vn -0.0085 -0.4924 0.8703
vn 0.0254 -0.4423 0.8965
vn 0.0254 -0.4590 0.8881
vn 0.0254 -0.4757 0.8792
vn 0.0085 -0.4423 0.8968
vn 0.0085 -0.4590 0.8884
vn 0.0085 -0.4757 0.8795
vn -0.0085 -0.4423 0.8968
vn -0.0085 -0.4590 0.8884
vn -0.0085 -0.4757 0.8796
vn -0.0254 -0.4423 0.8965
vn -0.0254 -0.4590 0.8881
vn -0.0254 -0.4757 0.8792
vn 0.0254 -0.4256 0.9046
vn 0.0085 -0.4256 0.9049
vn -0.0085 -0.4256 0.9049
vn 0.0254 -0.3753 0.9265
vn 0.0254 -0.3921 0.9196
vn 0.0254 -0.4089 0.9122
vn 0.0085 -0.3753 0.9268
vn 0.0085 -0.3921 0.9199
vn 0.0085 -0.4089 0.9126
vn -0.0085 -0.3753 0.9268
vn -0.0085 -0.3921 0.9199
vn -0.0085 -0.4089 0.9126
vn -0.0254 -0.3753 0.9265
vn -0.0254 -0.3921 0.9196
vn -0.0254 -0.4089 0.9122
vn 0.0254 -0.3586 0.9332
vn 0.0085 -0.3586 0.9335
vn -0.0085 -0.3586 0.9335
vn 0.0254 -0.3086 0.9509
vn 0.0254 -0.3252 0.9453
vn 0.0254 -0.3419 0.9394
vn 0.0085 -0.3086 0.9512
vn 0.0085 -0.3252 0.9456
vn 0.0085 -0.3419 0.9397
vn -0.0085 -0.3086 0.9512
vn -0.0085 -0.3252 0.9456
vn -0.0085 -0.3419 0.9397
vn -0.0254 -0.3086 0.9509
vn -0.0254 -0.3252 0.9453
vn -0.0254 -0.3419 0.9394
vn 0.0254 -0.2918 0.9561
vn 0.0085 -0.2918 0.9564
vn -0.0085 -0.2918 0.9564
vn 0.0254 -0.2418 0.9700
vn 0.0254 -0.2585 0.9657
vn 0.0254 -0.2752 0.9611
vn 0.0085 -0.2418 0.9703
vn 0.0085 -0.2585 0.9660
vn 0.0085 -0.2752 0.9614
vn -0.0085 -0.2418 0.9703
vn -0.0085 -0.2585 0.9660
vn -0.0085 -0.2752 0.9614
vn -0.0254 -0.2418 0.9700
vn -0.0254 -0.2586 0.9657
vn -0.0254 -0.2752 0.9611
vn 0.0254 -0.2251 0.9740
vn 0.0085 -0.2251 0.9743
vn -0.0085 -0.2251 0.9743
vn 0.0254 -0.1751 0.9842
vn 0.0254 -0.1917 0.9811
vn 0.0254 -0.2085 0.9777
vn 0.0085 -0.1751 0.9845
vn 0.0085 -0.1917 0.9814
vn 0.0085 -0.2085 0.9780
vn -0.0085 -0.1751 0.9845
vn -0.0085 -0.1917 0.9814
vn -0.0085 -0.2085 0.9780
vn -0.0254 -0.1751 0.9842
vn -0.0253 -0.1917 0.9811
vn -0.0254 -0.2085 0.9777
vn 0.0254 -0.1583 0.9871
vn 0.0085 -0.1583 0.9874
vn -0.0085 -0.1583 0.9874
vn 0.0253 -0.1084 0.9938
vn 0.0253 -0.1250 0.9918
vn 0.0253 -0.1417 0.9896
vn 0.0085 -0.1084 0.9941
vn 0.0085 -0.1250 0.9921
vn 0.0085 -0.1417 0.9899
vn -0.0085 -0.1084 0.9941
vn -0.0085 -0.1250 0.9921
vn -0.0085 -0.1417 0.9899
vn -0.0253 -0.1084 0.9938
vn -0.0253 -0.1249 0.9918
vn -0.0253 -0.1417 0.9896
vn 0.0253 -0.0917 0.9955
vn 0.0085 -0.0917 0.9958
vn -0.0085 -0.0917 0.9958
vn 0.0253 -0.0418 0.9988
vn 0.0253 -0.0584 0.9980
vn 0.0253 -0.0751 0.9969
vn 0.0085 -0.0418 0.9991
vn 0.0085 -0.0583 0.9983
vn 0.0085 -0.0751 0.9971
vn -0.0085 -0.0418 0.9991
vn -0.0085 -0.0584 0.9983
vn -0.0085 -0.0751 0.9971
vn -0.0253 -0.0418 0.9988
vn -0.0253 -0.0584 0.9980
vn -0.0253 -0.0751 0.9969
vn 0.0253 -0.0250 0.9994
vn 0.0085 -0.0250 0.9997
vn -0.0085 -0.0250 0.9997
vn 0.0253 0.0250 0.9994
vn 0.0253 0.0084 0.9996
vn 0.0253 -0.0084 0.9996
vn 0.0085 0.0250 0.9997
vn 0.0085 0.0084 0.9999
vn 0.0085 -0.0084 0.9999
vn -0.0085 0.0250 0.9997
vn -0.0085 0.0084 0.9999
vn -0.0085 -0.0084 0.9999
vn -0.0253 0.0250 0.9994
vn -0.0253 0.0084 0.9996
vn -0.0253 -0.0084 0.9996
vn 0.0253 0.0418 0.9988
vn 0.0085 0.0418 0.9991
vn -0.0085 0.0418 0.9991
vn 0.0253 0.0917 0.9955
vn 0.0253 0.0751 0.9969
vn 0.0253 0.0584 0.9980
vn 0.0085 0.0917 0.9958
vn 0.0085 0.0751 0.9971
vn 0.0085 0.0584 0.9983
vn -0.0085 0.0917 0.9958
vn -0.0085 0.0751 0.9971
vn -0.0085 0.0584 0.9983
vn -0.0253 0.0917 0.9955
vn -0.0253 0.0751 0.9969
vn -0.0253 0.0584 0.9980
vn 0.0253 0.1084 0.9938
vn 0.0085 0.1084 0.9941
vn -0.0085 0.1084 0.9941
vn 0.0254 0.1583 0.9871
vn 0.0254 0.1417 0.9896
vn 0.0253 0.1249 0.9918
vn 0.0085 0.1583 0.9874
vn 0.0085 0.1417 0.9899
vn 0.0085 0.1249 0.9921
vn -0.0085 0.1583 0.9874
vn -0.0085 0.1417 0.9899
vn -0.0085 0.1250 0.9921
vn -0.0253 0.1583 0.9871
vn -0.0253 0.1417 0.9896
vn -0.0253 0.1250 0.9918
vn 0.0254 0.1751 0.9842
vn 0.0085 0.1751 0.9845
vn -0.0085 0.1751 0.9845
vn 0.0254 0.2251 0.9740
vn 0.0254 0.2085 0.9777
vn 0.0254 0.1917 0.9811
vn 0.0085 0.2251 0.9743
vn 0.0085 0.2085 0.9780
vn 0.0085 0.1917 0.9814
vn -0.0085 0.2251 0.9743
vn -0.0085 0.2085 0.9780
vn -0.0085 0.1917 0.9814
vn -0.0254 0.2251 0.9740
vn -0.0254 0.2085 0.9777
vn -0.0254 0.1917 0.9811
vn 0.0254 0.2418 0.9700
vn 0.0085 0.2418 0.9703
vn -0.0085 0.2418 0.9703
vn 0.0254 0.2918 0.9561
vn 0.0254 0.2752 0.9611
vn 0.0254 0.2585 0.9657
vn 0.0085 0.2918 0.9564
vn 0.0085 0.2752 0.9614
vn 0.0085 0.2585 0.9660
vn -0.0085 0.2918 0.9564
vn -0.0085 0.2752 0.9614
vn -0.0085 0.2585 0.9660
vn -0.0254 0.2918 0.9561
vn -0.0254 0.2752 0.9611
vn -0.0254 0.2585 0.9657
vn 0.0254 0.3085 0.9509
vn 0.0085 0.3086 0.9512
vn -0.0085 0.3086 0.9512
vn 0.0254 0.3586 0.9331
vn 0.0254 0.3419 0.9394
vn 0.0254 0.3252 0.9453
vn 0.0085 0.3586 0.9335
vn 0.0085 0.3419 0.9397
vn 0.0085 0.3252 0.9456
vn -0.0085 0.3586 0.9335
vn -0.0085 0.3419 0.9397
vn -0.0085 0.3252 0.9456
vn -0.0254 0.3586 0.9331
vn -0.0254 0.3419 0.9394
vn -0.0254 0.3252 0.9453
vn 0.0254 0.3753 0.9265
vn 0.0085 0.3753 0.9269
vn -0.0085 0.3753 0.9269
vn 0.0254 0.4256 0.9046
vn 0.0254 0.4089 0.9122
vn 0.0254 0.3921 0.9196
vn 0.0085 0.4256 0.9049
vn 0.0085 0.4089 0.9126
vn 0.0085 0.3921 0.9199
vn -0.0085 0.4256 0.9049
vn -0.0085 0.4089 0.9126
vn -0.0085 0.3921 0.9199
vn -0.0254 0.4256 0.9046
vn -0.0254 0.4089 0.9122
vn -0.0254 0.3921 0.9196
vn 0.0254 0.4423 0.8965
vn 0.0085 0.4423 0.8968
vn -0.0085 0.4423 0.8968
vn 0.0254 0.4924 0.8700
vn 0.0254 0.4757 0.8792
vn 0.0254 0.4590 0.8881
vn 0.0085 0.4924 0.8703
vn 0.0085 0.4757 0.8796
vn 0.0085 0.4590 0.8884
vn -0.0085 0.4924 0.8703
vn -0.0085 0.4757 0.8796
vn -0.0085 0.4590 0.8884
vn -0.0254 0.4924 0.8700
vn -0.0254 0.4757 0.8792
vn -0.0254 0.4590 0.8881
vn 0.0254 0.5092 0.8603
vn 0.0085 0.5092 0.8606
vn -0.0085 0.5092 0.8606
vn 0.0254 0.5595 0.8284
vn 0.0254 0.5427 0.8395
vn 0.0254 0.5259 0.8501
vn 0.0085 0.5595 0.8288
vn 0.0085 0.5427 0.8399
vn 0.0085 0.5259 0.8505
vn -0.0085 0.5595 0.8288
vn -0.0085 0.5427 0.8399
vn -0.0085 0.5259 0.8505
vn -0.0254 0.5595 0.8284
vn -0.0254 0.5427 0.8395
vn -0.0254 0.5259 0.8501
vn 0.0254 0.5763 0.8168
vn 0.0085 0.5763 0.8172
vn -0.0085 0.5763 0.8172
vn 0.0254 0.6267 0.7789
vn 0.0254 0.6099 0.7921
vn 0.0254 0.5931 0.8047
vn 0.0085 0.6267 0.7792
vn 0.0085 0.6099 0.7925
vn 0.0085 0.5931 0.8051
vn -0.0085 0.6267 0.7792
vn -0.0085 0.6099 0.7925
vn -0.0085 0.5931 0.8051
vn -0.0254 0.6267 0.7789
vn -0.0254 0.6099 0.7921
vn -0.0254 0.5931 0.8047
vn 0.0255 0.6434 0.7651
vn 0.0085 0.6434 0.7655
vn -0.0085 0.6434 0.7654
vn 0.0254 0.6939 0.7197
vn 0.0254 0.6770 0.7355
vn 0.0254 0.6602 0.7507
vn 0.0085 0.6939 0.7201
vn 0.0085 0.6770 0.7359
vn 0.0085 0.6602 0.7510
vn -0.0085 0.6939 0.7201
vn -0.0085 0.6770 0.7359
vn -0.0085 0.6602 0.7510
vn -0.0255 0.6939 0.7197
vn -0.0254 0.6770 0.7355
vn -0.0254 0.6602 0.7507
vn 0.0931 -0.6267 0.7737
vn 0.0762 -0.6267 0.7756
vn 0.0593 -0.6267 0.7770
vn 0.0930 -0.5763 0.8119
vn 0.0931 -0.5931 0.7997
vn 0.0931 -0.6099 0.7870
vn 0.0761 -0.5763 0.8137
vn 0.0761 -0.5931 0.8015
vn 0.0762 -0.6099 0.7888
vn 0.0593 -0.5764 0.8150
vn 0.0593 -0.5931 0.8029
vn 0.0593 -0.6099 0.7903
vn 0.0423 -0.5764 0.8161
vn 0.0424 -0.5931 0.8040
vn 0.0424 -0.6099 0.7914
vn 0.0930 -0.5595 0.8236
vn 0.0761 -0.5595 0.8253
vn 0.0593 -0.5595 0.8267
vn 0.0930 -0.5092 0.8556
vn 0.0930 -0.5259 0.8454
vn 0.0930 -0.5427 0.8348
vn 0.0761 -0.5092 0.8573
vn 0.0761 -0.5259 0.8471
vn 0.0761 -0.5427 0.8365
vn 0.0592 -0.5092 0.8586
vn 0.0592 -0.5259 0.8485
vn 0.0593 -0.5427 0.8378
vn 0.0423 -0.5092 0.8596
vn 0.0424 -0.5259 0.8495
vn 0.0424 -0.5427 0.8389
vn 0.0930 -0.4924 0.8654
vn 0.0761 -0.4924 0.8670
vn 0.0593 -0.4924 0.8683
vn 0.0930 -0.4423 0.8920
vn 0.0930 -0.4590 0.8835
vn 0.0930 -0.4757 0.8747
vn 0.0761 -0.4423 0.8936
vn 0.0761 -0.4590 0.8852
vn 0.0761 -0.4757 0.8763
vn 0.0592 -0.4423 0.8949
vn 0.0592 -0.4590 0.8865
vn 0.0592 -0.4757 0.8776
vn 0.0423 -0.4423 0.8959
vn 0.0423 -0.4590 0.8874
vn 0.0423 -0.4757 0.8786
vn 0.0930 -0.4256 0.9001
vn 0.0761 -0.4256 0.9017
vn 0.0592 -0.4256 0.9030
vn 0.0929 -0.3753 0.9222
vn 0.0930 -0.3921 0.9152
vn 0.0930 -0.4089 0.9078
vn 0.0761 -0.3753 0.9238
vn 0.0761 -0.3921 0.9168
vn 0.0761 -0.4089 0.9094
vn 0.0592 -0.3753 0.9250
vn 0.0592 -0.3921 0.9180
vn 0.0592 -0.4089 0.9107
vn 0.0423 -0.3753 0.9259
vn 0.0423 -0.3921 0.9190
vn 0.0423 -0.4089 0.9116
vn 0.0929 -0.3586 0.9289
vn 0.0761 -0.3586 0.9304
vn 0.0592 -0.3586 0.9316
vn 0.0929 -0.3085 0.9467
vn 0.0929 -0.3252 0.9411
vn 0.0929 -0.3419 0.9351
vn 0.0760 -0.3086 0.9482
vn 0.0760 -0.3252 0.9426
vn 0.0761 -0.3419 0.9367
vn 0.0591 -0.3086 0.9494
vn 0.0592 -0.3252 0.9438
vn 0.0592 -0.3419 0.9379
vn 0.0423 -0.3086 0.9503
vn 0.0423 -0.3252 0.9447
vn 0.0423 -0.3419 0.9388
vn 0.0929 -0.2918 0.9520
vn 0.0761 -0.2918 0.9535
vn 0.0591 -0.2918 0.9546
vn 0.0929 -0.2418 0.9659
vn 0.0929 -0.2586 0.9615
vn 0.0929 -0.2752 0.9569
vn 0.0760 -0.2418 0.9673
vn 0.0761 -0.2585 0.9630
vn 0.0761 -0.2751 0.9584
vn 0.0592 -0.2418 0.9685
vn 0.0592 -0.2585 0.9642
vn 0.0592 -0.2752 0.9596
vn 0.0422 -0.2418 0.9694
vn 0.0422 -0.2586 0.9651
vn 0.0423 -0.2752 0.9605
vn 0.0929 -0.2251 0.9699
vn 0.0760 -0.2251 0.9714
vn 0.0592 -0.2251 0.9725
vn 0.0929 -0.1750 0.9802
vn 0.0929 -0.1917 0.9771
vn 0.0929 -0.2085 0.9736
vn 0.0760 -0.1751 0.9816
vn 0.0760 -0.1917 0.9785
vn 0.0760 -0.2085 0.9751
vn 0.0592 -0.1751 0.9828
vn 0.0592 -0.1917 0.9797
vn 0.0592 -0.2085 0.9762
vn 0.0423 -0.1751 0.9836
vn 0.0423 -0.1917 0.9805
vn 0.0423 -0.2085 0.9771
vn 0.0929 -0.1583 0.9830
vn 0.0760 -0.1583 0.9845
vn 0.0592 -0.1583 0.9856
vn 0.0929 -0.1084 0.9898
vn 0.0929 -0.1249 0.9878
vn 0.0929 -0.1417 0.9855
vn 0.0760 -0.1084 0.9912
vn 0.0760 -0.1250 0.9892
vn 0.0760 -0.1417 0.9870
vn 0.0591 -0.1084 0.9924
vn 0.0591 -0.1250 0.9904
vn 0.0592 -0.1417 0.9881
vn 0.0423 -0.1084 0.9932
vn 0.0423 -0.1250 0.9913
vn 0.0423 -0.1417 0.9890
vn 0.0929 -0.0917 0.9915
vn 0.0761 -0.0917 0.9929
vn 0.0591 -0.0917 0.9940
vn 0.0928 -0.0418 0.9948
vn 0.0928 -0.0584 0.9940
vn 0.0928 -0.0751 0.9928
vn 0.0761 -0.0418 0.9962
vn 0.0761 -0.0584 0.9954
vn 0.0761 -0.0751 0.9943
vn 0.0591 -0.0418 0.9974
vn 0.0591 -0.0584 0.9965
vn 0.0591 -0.0751 0.9954
vn 0.0423 -0.0418 0.9982
vn 0.0423 -0.0584 0.9974
vn 0.0423 -0.0751 0.9963
vn 0.0928 -0.0250 0.9954
vn 0.0761 -0.0250 0.9968
vn 0.0591 -0.0250 0.9979
vn 0.0928 0.0250 0.9954
vn 0.0928 0.0084 0.9956
vn 0.0928 -0.0084 0.9956
vn 0.0761 0.0250 0.9968
vn 0.0761 0.0084 0.9971
vn 0.0761 -0.0084 0.9971
vn 0.0591 0.0250 0.9979
vn 0.0591 0.0084 0.9982
vn 0.0591 -0.0084 0.9982
vn 0.0423 0.0250 0.9988
vn 0.0423 0.0084 0.9991
vn 0.0423 -0.0084 0.9991
vn 0.0928 0.0418 0.9948
vn 0.0761 0.0418 0.9962
vn 0.0591 0.0418 0.9974
vn 0.0929 0.0917 0.9915
vn 0.0929 0.0751 0.9928
vn 0.0928 0.0584 0.9940
vn 0.0761 0.0917 0.9929
vn 0.0761 0.0751 0.9943
vn 0.0761 0.0584 0.9954
vn 0.0591 0.0917 0.9940
vn 0.0591 0.0751 0.9954
vn 0.0591 0.0584 0.9965
vn 0.0423 0.0917 0.9949
vn 0.0423 0.0751 0.9963
vn 0.0423 0.0584 0.9974
vn 0.0929 0.1084 0.9898
vn 0.0760 0.1084 0.9912
vn 0.0591 0.1084 0.9924
vn 0.0929 0.1583 0.9830
vn 0.0929 0.1417 0.9855
vn 0.0929 0.1249 0.9878
vn 0.0760 0.1583 0.9845
vn 0.0760 0.1417 0.9870
vn 0.0760 0.1249 0.9892
vn 0.0592 0.1583 0.9856
vn 0.0591 0.1417 0.9881
vn 0.0591 0.1250 0.9904
vn 0.0423 0.1583 0.9865
vn 0.0423 0.1417 0.9890
vn 0.0423 0.1250 0.9913
vn 0.0929 0.1750 0.9802
vn 0.0760 0.1751 0.9816
vn 0.0592 0.1751 0.9828
vn 0.0929 0.2251 0.9699
vn 0.0929 0.2085 0.9736
vn 0.0929 0.1917 0.9771
vn 0.0760 0.2251 0.9714
vn 0.0760 0.2085 0.9751
vn 0.0760 0.1917 0.9785
vn 0.0592 0.2251 0.9725
vn 0.0592 0.2085 0.9762
vn 0.0592 0.1917 0.9797
vn 0.0422 0.2251 0.9734
vn 0.0423 0.2085 0.9771
vn 0.0423 0.1917 0.9805
vn 0.0929 0.2418 0.9659
vn 0.0760 0.2418 0.9673
vn 0.0592 0.2418 0.9685
vn 0.0929 0.2918 0.9520
vn 0.0929 0.2752 0.9569
vn 0.0929 0.2586 0.9615
vn 0.0761 0.2918 0.9535
vn 0.0761 0.2751 0.9584
vn 0.0761 0.2585 0.9630
vn 0.0591 0.2918 0.9546
vn 0.0592 0.2752 0.9596
vn 0.0592 0.2585 0.9642
vn 0.0423 0.2918 0.9555
vn 0.0423 0.2752 0.9605
vn 0.0423 0.2586 0.9651
vn 0.0929 0.3085 0.9467
vn 0.0760 0.3086 0.9482
vn 0.0592 0.3086 0.9494
vn 0.0929 0.3586 0.9289
vn 0.0929 0.3419 0.9351
vn 0.0929 0.3252 0.9411
vn 0.0761 0.3586 0.9304
vn 0.0761 0.3419 0.9367
vn 0.0760 0.3252 0.9426
vn 0.0592 0.3586 0.9316
vn 0.0592 0.3419 0.9379
vn 0.0592 0.3252 0.9438
vn 0.0423 0.3586 0.9325
vn 0.0423 0.3419 0.9388
vn 0.0423 0.3252 0.9447
vn 0.0929 0.3753 0.9222
vn 0.0761 0.3753 0.9238
vn 0.0592 0.3753 0.9250
vn 0.0930 0.4256 0.9001
vn 0.0930 0.4089 0.9078
vn 0.0930 0.3921 0.9152
vn 0.0761 0.4256 0.9017
vn 0.0761 0.4089 0.9094
vn 0.0761 0.3921 0.9168
vn 0.0592 0.4256 0.9030
vn 0.0592 0.4089 0.9107
vn 0.0592 0.3921 0.9180
vn 0.0423 0.4256 0.9039
vn 0.0423 0.4089 0.9116
vn 0.0423 0.3921 0.9189
vn 0.0930 0.4423 0.8920
vn 0.0761 0.4423 0.8936
vn 0.0592 0.4423 0.8949
vn 0.0930 0.4924 0.8654
vn 0.0930 0.4757 0.8747
vn 0.0930 0.4590 0.8835
vn 0.0761 0.4924 0.8670
vn 0.0761 0.4757 0.8763
vn 0.0761 0.4590 0.8852
vn 0.0592 0.4924 0.8683
vn 0.0592 0.4757 0.8776
vn 0.0592 0.4590 0.8865
vn 0.0423 0.4924 0.8693
vn 0.0423 0.4757 0.8786
vn 0.0423 0.4590 0.8874
vn 0.0930 0.5092 0.8556
vn 0.0761 0.5092 0.8573
vn 0.0592 0.5092 0.8586
vn 0.0930 0.5595 0.8236
vn 0.0930 0.5427 0.8348
vn 0.0930 0.5259 0.8454
vn 0.0761 0.5595 0.8253
vn 0.0761 0.5427 0.8365
vn 0.0761 0.5259 0.8471
vn 0.0593 0.5595 0.8267
vn 0.0592 0.5427 0.8378
vn 0.0592 0.5259 0.8485
vn 0.0423 0.5595 0.8277
vn 0.0424 0.5427 0.8389
vn 0.0424 0.5259 0.8495
vn 0.0930 0.5763 0.8119
vn 0.0761 0.5763 0.8137
vn 0.0593 0.5764 0.8150
vn 0.0931 0.6266 0.7737
vn 0.0931 0.6099 0.7870
vn 0.0931 0.5931 0.7997
vn 0.0762 0.6267 0.7756
vn 0.0762 0.6099 0.7888
vn 0.0761 0.5931 0.8015
vn 0.0593 0.6267 0.7770
vn 0.0593 0.6099 0.7903
vn 0.0593 0.5931 0.8029
vn 0.0424 0.6267 0.7781
vn 0.0424 0.6099 0.7914
vn 0.0424 0.5931 0.8040
vn 0.0931 0.6434 0.7598
vn 0.0762 0.6434 0.7617
vn 0.0593 0.6434 0.7632
vn 0.0932 0.6939 0.7141
vn 0.0931 0.6770 0.7301
vn 0.0931 0.6602 0.7453
vn 0.0762 0.6939 0.7161
vn 0.0762 0.6770 0.7320
vn 0.0762 0.6602 0.7472
vn 0.0593 0.6939 0.7177
vn 0.0593 0.6770 0.7336
vn 0.0593 0.6602 0.7487
vn 0.0424 0.6939 0.7189
vn 0.0424 0.6770 0.7347
vn 0.0424 0.6602 0.7499
vn 0.1608 -0.6267 0.7625
vn 0.1439 -0.6267 0.7659
vn 0.1269 -0.6267 0.7689
vn 0.1607 -0.5764 0.8012
vn 0.1608 -0.5931 0.7889
vn 0.1608 -0.6099 0.7760
vn 0.1438 -0.5764 0.8044
vn 0.1438 -0.5931 0.7922
vn 0.1438 -0.6099 0.7793
vn 0.1269 -0.5764 0.8073
vn 0.1269 -0.5931 0.7951
vn 0.1269 -0.6099 0.7823
vn 0.1099 -0.5763 0.8098
vn 0.1100 -0.5931 0.7976
vn 0.1100 -0.6099 0.7848
vn 0.1607 -0.5595 0.8131
vn 0.1438 -0.5595 0.8162
vn 0.1268 -0.5595 0.8191
vn 0.1606 -0.5092 0.8455
vn 0.1607 -0.5259 0.8352
vn 0.1607 -0.5427 0.8244
vn 0.1437 -0.5092 0.8486
vn 0.1437 -0.5259 0.8383
vn 0.1437 -0.5427 0.8275
vn 0.1268 -0.5092 0.8513
vn 0.1268 -0.5259 0.8410
vn 0.1268 -0.5427 0.8303
vn 0.1099 -0.5092 0.8536
vn 0.1099 -0.5259 0.8434
vn 0.1099 -0.5427 0.8327
vn 0.1606 -0.4924 0.8554
vn 0.1437 -0.4924 0.8584
vn 0.1268 -0.4924 0.8611
vn 0.1606 -0.4423 0.8824
vn 0.1606 -0.4591 0.8738
vn 0.1606 -0.4757 0.8648
vn 0.1436 -0.4423 0.8853
vn 0.1437 -0.4590 0.8767
vn 0.1437 -0.4757 0.8678
vn 0.1267 -0.4423 0.8878
vn 0.1267 -0.4590 0.8793
vn 0.1268 -0.4757 0.8704
vn 0.1098 -0.4423 0.8901
vn 0.1099 -0.4590 0.8816
vn 0.1099 -0.4757 0.8727
vn 0.1605 -0.4256 0.8906
vn 0.1436 -0.4256 0.8934
vn 0.1267 -0.4256 0.8960
vn 0.1605 -0.3753 0.9129
vn 0.1605 -0.3921 0.9058
vn 0.1605 -0.4088 0.8984
vn 0.1436 -0.3753 0.9157
vn 0.1436 -0.3921 0.9086
vn 0.1436 -0.4089 0.9012
vn 0.1267 -0.3753 0.9182
vn 0.1267 -0.3921 0.9111
vn 0.1267 -0.4089 0.9038
vn 0.1098 -0.3753 0.9204
vn 0.1098 -0.3921 0.9133
vn 0.1098 -0.4089 0.9060
vn 0.1605 -0.3586 0.9196
vn 0.1436 -0.3586 0.9224
vn 0.1267 -0.3586 0.9248
vn 0.1604 -0.3086 0.9376
vn 0.1605 -0.3252 0.9319
vn 0.1605 -0.3419 0.9259
vn 0.1435 -0.3086 0.9403
vn 0.1436 -0.3252 0.9347
vn 0.1436 -0.3419 0.9287
vn 0.1267 -0.3086 0.9427
vn 0.1267 -0.3252 0.9371
vn 0.1267 -0.3419 0.9312
vn 0.1098 -0.3085 0.9449
vn 0.1098 -0.3252 0.9393
vn 0.1098 -0.3419 0.9333
vn 0.1604 -0.2918 0.9429
vn 0.1435 -0.2918 0.9456
vn 0.1266 -0.2918 0.9481
vn 0.1604 -0.2418 0.9570
vn 0.1604 -0.2586 0.9526
vn 0.1604 -0.2751 0.9479
vn 0.1435 -0.2418 0.9597
vn 0.1435 -0.2585 0.9553
vn 0.1435 -0.2751 0.9506
vn 0.1267 -0.2418 0.9620
vn 0.1267 -0.2585 0.9577
vn 0.1266 -0.2752 0.9530
vn 0.1098 -0.2418 0.9641
vn 0.1097 -0.2586 0.9597
vn 0.1098 -0.2752 0.9551
vn 0.1604 -0.2251 0.9610
vn 0.1435 -0.2252 0.9637
vn 0.1266 -0.2251 0.9661
vn 0.1603 -0.1751 0.9714
vn 0.1604 -0.1917 0.9683
vn 0.1604 -0.2085 0.9648
vn 0.1435 -0.1750 0.9740
vn 0.1435 -0.1917 0.9709
vn 0.1435 -0.2085 0.9674
vn 0.1266 -0.1751 0.9764
vn 0.1266 -0.1917 0.9733
vn 0.1266 -0.2085 0.9698
vn 0.1097 -0.1751 0.9784
vn 0.1098 -0.1917 0.9753
vn 0.1098 -0.2085 0.9718
vn 0.1603 -0.1583 0.9743
vn 0.1435 -0.1583 0.9769
vn 0.1266 -0.1583 0.9792
vn 0.1604 -0.1084 0.9811
vn 0.1604 -0.1250 0.9791
vn 0.1603 -0.1417 0.9768
vn 0.1434 -0.1084 0.9837
vn 0.1434 -0.1250 0.9817
vn 0.1435 -0.1417 0.9795
vn 0.1266 -0.1084 0.9860
vn 0.1267 -0.1249 0.9840
vn 0.1267 -0.1417 0.9818
vn 0.1097 -0.1084 0.9880
vn 0.1097 -0.1249 0.9861
vn 0.1097 -0.1417 0.9838
vn 0.1604 -0.0916 0.9828
vn 0.1434 -0.0916 0.9854
vn 0.1266 -0.0916 0.9877
vn 0.1604 -0.0418 0.9862
vn 0.1604 -0.0584 0.9853
vn 0.1604 -0.0751 0.9842
vn 0.1435 -0.0418 0.9888
vn 0.1434 -0.0584 0.9879
vn 0.1434 -0.0751 0.9868
vn 0.1266 -0.0418 0.9911
vn 0.1266 -0.0584 0.9902
vn 0.1266 -0.0751 0.9891
vn 0.1098 -0.0418 0.9931
vn 0.1098 -0.0584 0.9922
vn 0.1098 -0.0751 0.9911
vn 0.1604 -0.0250 0.9867
vn 0.1435 -0.0250 0.9893
vn 0.1266 -0.0250 0.9916
vn 0.1603 0.0250 0.9867
vn 0.1603 0.0084 0.9870
vn 0.1604 -0.0084 0.9870
vn 0.1435 0.0250 0.9893
vn 0.1435 0.0084 0.9896
vn 0.1435 -0.0084 0.9896
vn 0.1266 0.0250 0.9916
vn 0.1266 0.0084 0.9919
vn 0.1266 -0.0084 0.9919
vn 0.1098 0.0250 0.9936
vn 0.1098 0.0084 0.9939
vn 0.1098 -0.0084 0.9939
vn 0.1604 0.0418 0.9862
vn 0.1435 0.0418 0.9888
vn 0.1266 0.0418 0.9911
vn 0.1604 0.0916 0.9828
vn 0.1604 0.0751 0.9842
vn 0.1604 0.0584 0.9853
vn 0.1434 0.0917 0.9854
vn 0.1434 0.0751 0.9868
vn 0.1435 0.0584 0.9879
vn 0.1266 0.0917 0.9877
vn 0.1266 0.0751 0.9891
vn 0.1266 0.0584 0.9902
vn 0.1097 0.0917 0.9897
vn 0.1097 0.0751 0.9911
vn 0.1098 0.0584 0.9922
vn 0.1604 0.1084 0.9811
vn 0.1434 0.1084 0.9837
vn 0.1266 0.1084 0.9860
vn 0.1603 0.1583 0.9743
vn 0.1603 0.1417 0.9768
vn 0.1604 0.1250 0.9791
vn 0.1435 0.1583 0.9769
vn 0.1435 0.1417 0.9795
vn 0.1434 0.1250 0.9817
vn 0.1266 0.1583 0.9792
vn 0.1267 0.1417 0.9818
vn 0.1266 0.1249 0.9840
vn 0.1097 0.1583 0.9813
vn 0.1097 0.1417 0.9838
vn 0.1097 0.1249 0.9861
vn 0.1604 0.1751 0.9714
vn 0.1435 0.1750 0.9740
vn 0.1266 0.1750 0.9764
vn 0.1604 0.2251 0.9610
vn 0.1604 0.2085 0.9648
vn 0.1604 0.1917 0.9683
vn 0.1435 0.2251 0.9637
vn 0.1435 0.2085 0.9674
vn 0.1435 0.1917 0.9709
vn 0.1266 0.2251 0.9661
vn 0.1266 0.2085 0.9698
vn 0.1266 0.1917 0.9733
vn 0.1098 0.2251 0.9681
vn 0.1098 0.2085 0.9718
vn 0.1098 0.1917 0.9753
vn 0.1604 0.2418 0.9570
vn 0.1435 0.2418 0.9597
vn 0.1267 0.2418 0.9620
vn 0.1604 0.2918 0.9429
vn 0.1604 0.2751 0.9479
vn 0.1604 0.2586 0.9526
vn 0.1435 0.2918 0.9456
vn 0.1435 0.2751 0.9506
vn 0.1435 0.2585 0.9553
vn 0.1266 0.2918 0.9481
vn 0.1266 0.2752 0.9530
vn 0.1267 0.2585 0.9577
vn 0.1098 0.2918 0.9502
vn 0.1098 0.2752 0.9551
vn 0.1097 0.2585 0.9597
vn 0.1604 0.3086 0.9376
vn 0.1435 0.3086 0.9403
vn 0.1267 0.3086 0.9427
vn 0.1605 0.3586 0.9196
vn 0.1605 0.3419 0.9259
vn 0.1605 0.3252 0.9319
vn 0.1436 0.3586 0.9224
vn 0.1436 0.3419 0.9287
vn 0.1436 0.3252 0.9347
vn 0.1267 0.3586 0.9248
vn 0.1267 0.3419 0.9312
vn 0.1267 0.3252 0.9371
vn 0.1098 0.3586 0.9270
vn 0.1098 0.3419 0.9333
vn 0.1098 0.3252 0.9393
vn 0.1605 0.3753 0.9129
vn 0.1436 0.3753 0.9157
vn 0.1267 0.3753 0.9182
vn 0.1605 0.4256 0.8905
vn 0.1605 0.4088 0.8984
vn 0.1605 0.3921 0.9058
vn 0.1436 0.4256 0.8934
vn 0.1436 0.4089 0.9012
vn 0.1436 0.3921 0.9086
vn 0.1267 0.4256 0.8960
vn 0.1267 0.4089 0.9038
vn 0.1267 0.3921 0.9111
vn 0.1098 0.4256 0.8982
vn 0.1098 0.4089 0.9060
vn 0.1098 0.3921 0.9133
vn 0.1606 0.4423 0.8824
vn 0.1436 0.4423 0.8853
vn 0.1267 0.4423 0.8878
vn 0.1606 0.4924 0.8554
vn 0.1606 0.4757 0.8648
vn 0.1606 0.4590 0.8738
vn 0.1437 0.4924 0.8584
vn 0.1437 0.4757 0.8678
vn 0.1437 0.4590 0.8767
vn 0.1268 0.4924 0.8611
vn 0.1268 0.4757 0.8704
vn 0.1267 0.4590 0.8793
vn 0.1099 0.4924 0.8634
vn 0.1099 0.4757 0.8727
vn 0.1099 0.4590 0.8816
vn 0.1606 0.5092 0.8455
vn 0.1437 0.5092 0.8486
vn 0.1268 0.5092 0.8513
vn 0.1607 0.5595 0.8131
vn 0.1607 0.5427 0.8244
vn 0.1607 0.5259 0.8352
vn 0.1438 0.5595 0.8162
vn 0.1437 0.5427 0.8275
vn 0.1437 0.5259 0.8383
vn 0.1268 0.5595 0.8191
vn 0.1268 0.5427 0.8303
vn 0.1268 0.5259 0.8410
vn 0.1099 0.5595 0.8215
vn 0.1099 0.5427 0.8327
vn 0.1099 0.5259 0.8434
vn 0.1607 0.5764 0.8012
vn 0.1438 0.5764 0.8044
vn 0.1269 0.5764 0.8073
vn 0.1608 0.6267 0.7625
vn 0.1608 0.6099 0.7760
vn 0.1608 0.5931 0.7889
vn 0.1439 0.6267 0.7659
vn 0.1438 0.6099 0.7793
vn 0.1438 0.5931 0.7922
vn 0.1269 0.6267 0.7689
vn 0.1269 0.6099 0.7823
vn 0.1269 0.5931 0.7951
vn 0.1100 0.6266 0.7715
vn 0.1100 0.6099 0.7848
vn 0.1100 0.5931 0.7976
vn 0.1609 0.6434 0.7484
vn 0.1439 0.6434 0.7519
vn 0.1270 0.6434 0.7549
vn 0.1610 0.6939 0.7019
vn 0.1609 0.6770 0.7181
vn 0.1609 0.6602 0.7336
vn 0.1440 0.6939 0.7056
vn 0.1440 0.6770 0.7217
vn 0.1439 0.6602 0.7372
vn 0.1270 0.6939 0.7088
vn 0.1270 0.6770 0.7249
vn 0.1270 0.6602 0.7403
vn 0.1101 0.6939 0.7116
vn 0.1100 0.6770 0.7277
vn 0.1100 0.6602 0.7430
vn 0.2285 -0.6267 0.7450
vn 0.2116 -0.6267 0.7500
vn 0.1947 -0.6267 0.7546
vn 0.2284 -0.5764 0.7846
vn 0.2285 -0.5931 0.7720
vn 0.2285 -0.6099 0.7588
vn 0.2115 -0.5764 0.7893
vn 0.2116 -0.5931 0.7768
vn 0.2116 -0.6099 0.7637
vn 0.1946 -0.5764 0.7937
vn 0.1947 -0.5931 0.7812
vn 0.1947 -0.6099 0.7682
vn 0.1777 -0.5764 0.7976
vn 0.1777 -0.5931 0.7853
vn 0.1777 -0.6099 0.7723
vn 0.2284 -0.5595 0.7967
vn 0.2115 -0.5595 0.8014
vn 0.1946 -0.5595 0.8056
vn 0.2284 -0.5092 0.8298
vn 0.2284 -0.5259 0.8193
vn 0.2284 -0.5427 0.8083
vn 0.2115 -0.5092 0.8343
vn 0.2115 -0.5259 0.8238
vn 0.2115 -0.5427 0.8129
vn 0.1945 -0.5092 0.8384
vn 0.1945 -0.5259 0.8280
vn 0.1946 -0.5427 0.8171
vn 0.1776 -0.5092 0.8421
vn 0.1776 -0.5260 0.8318
vn 0.1777 -0.5427 0.8209
vn 0.2283 -0.4924 0.8399
vn 0.2115 -0.4924 0.8443
vn 0.1945 -0.4924 0.8483
vn 0.2283 -0.4423 0.8673
vn 0.2283 -0.4590 0.8586
vn 0.2283 -0.4757 0.8494
vn 0.2114 -0.4423 0.8716
vn 0.2114 -0.4590 0.8629
vn 0.2114 -0.4757 0.8538
vn 0.1944 -0.4423 0.8755
vn 0.1945 -0.4590 0.8669
vn 0.1945 -0.4757 0.8578
vn 0.1775 -0.4423 0.8791
vn 0.1775 -0.4590 0.8705
vn 0.1775 -0.4757 0.8615
vn 0.2282 -0.4256 0.8757
vn 0.2114 -0.4256 0.8799
vn 0.1944 -0.4256 0.8838
vn 0.2282 -0.3753 0.8984
vn 0.2282 -0.3921 0.8912
vn 0.2282 -0.4089 0.8836
vn 0.2113 -0.3753 0.9025
vn 0.2113 -0.3921 0.8953
vn 0.2113 -0.4089 0.8878
vn 0.1944 -0.3753 0.9063
vn 0.1944 -0.3921 0.8991
vn 0.1944 -0.4089 0.8917
vn 0.1774 -0.3753 0.9098
vn 0.1775 -0.3921 0.9026
vn 0.1775 -0.4088 0.8952
vn 0.2282 -0.3586 0.9052
vn 0.2113 -0.3586 0.9093
vn 0.1944 -0.3586 0.9130
vn 0.2281 -0.3085 0.9234
vn 0.2281 -0.3252 0.9177
vn 0.2282 -0.3419 0.9116
vn 0.2112 -0.3086 0.9275
vn 0.2112 -0.3252 0.9217
vn 0.2113 -0.3419 0.9157
vn 0.1943 -0.3086 0.9311
vn 0.1943 -0.3252 0.9255
vn 0.1943 -0.3419 0.9194
vn 0.1774 -0.3086 0.9345
vn 0.1774 -0.3252 0.9289
vn 0.1774 -0.3419 0.9229
vn 0.2281 -0.2918 0.9289
vn 0.2112 -0.2918 0.9329
vn 0.1943 -0.2918 0.9365
vn 0.2281 -0.2418 0.9431
vn 0.2281 -0.2585 0.9387
vn 0.2281 -0.2752 0.9339
vn 0.2112 -0.2418 0.9471
vn 0.2112 -0.2585 0.9426
vn 0.2112 -0.2752 0.9379
vn 0.1943 -0.2418 0.9507
vn 0.1943 -0.2586 0.9463
vn 0.1943 -0.2752 0.9416
vn 0.1773 -0.2418 0.9540
vn 0.1773 -0.2586 0.9496
vn 0.1773 -0.2752 0.9449
vn 0.2281 -0.2251 0.9473
vn 0.2111 -0.2252 0.9512
vn 0.1942 -0.2252 0.9548
vn 0.2280 -0.1751 0.9578
vn 0.2280 -0.1917 0.9546
vn 0.2281 -0.2085 0.9511
vn 0.2111 -0.1751 0.9617
vn 0.2112 -0.1917 0.9585
vn 0.2112 -0.2085 0.9550
vn 0.1942 -0.1750 0.9652
vn 0.1942 -0.1917 0.9620
vn 0.1942 -0.2085 0.9585
vn 0.1773 -0.1751 0.9685
vn 0.1772 -0.1917 0.9653
vn 0.1773 -0.2085 0.9618
vn 0.2280 -0.1583 0.9607
vn 0.2111 -0.1583 0.9646
vn 0.1942 -0.1583 0.9681
vn 0.2280 -0.1084 0.9676
vn 0.2280 -0.1249 0.9656
vn 0.2281 -0.1416 0.9633
vn 0.2111 -0.1083 0.9714
vn 0.2112 -0.1249 0.9694
vn 0.2111 -0.1417 0.9671
vn 0.1941 -0.1084 0.9750
vn 0.1941 -0.1250 0.9730
vn 0.1942 -0.1417 0.9707
vn 0.1772 -0.1084 0.9782
vn 0.1773 -0.1250 0.9762
vn 0.1773 -0.1417 0.9739
vn 0.2280 -0.0917 0.9693
vn 0.2111 -0.0917 0.9732
vn 0.1942 -0.0917 0.9767
vn 0.2280 -0.0418 0.9728
vn 0.2280 -0.0583 0.9719
vn 0.2279 -0.0751 0.9708
vn 0.2111 -0.0418 0.9766
vn 0.2111 -0.0584 0.9757
vn 0.2111 -0.0751 0.9746
vn 0.1942 -0.0418 0.9801
vn 0.1942 -0.0583 0.9792
vn 0.1942 -0.0751 0.9781
vn 0.1772 -0.0418 0.9833
vn 0.1772 -0.0583 0.9824
vn 0.1772 -0.0751 0.9813
vn 0.2280 -0.0250 0.9733
vn 0.2111 -0.0250 0.9772
vn 0.1942 -0.0250 0.9806
vn 0.2280 0.0250 0.9733
vn 0.2280 0.0084 0.9736
vn 0.2280 -0.0084 0.9736
vn 0.2111 0.0250 0.9772
vn 0.2110 0.0084 0.9774
vn 0.2110 -0.0084 0.9774
vn 0.1942 0.0250 0.9806
vn 0.1942 0.0084 0.9809
vn 0.1942 -0.0084 0.9809
vn 0.1772 0.0250 0.9839
vn 0.1772 0.0084 0.9841
vn 0.1772 -0.0084 0.9841
vn 0.2280 0.0418 0.9728
vn 0.2111 0.0418 0.9766
vn 0.1942 0.0418 0.9801
vn 0.2280 0.0917 0.9693
vn 0.2280 0.0751 0.9708
vn 0.2280 0.0584 0.9719
vn 0.2111 0.0917 0.9732
vn 0.2111 0.0751 0.9746
vn 0.2111 0.0584 0.9757
vn 0.1942 0.0917 0.9767
vn 0.1942 0.0751 0.9781
vn 0.1942 0.0583 0.9792
vn 0.1772 0.0917 0.9799
vn 0.1772 0.0751 0.9813
vn 0.1772 0.0584 0.9824
vn 0.2280 0.1084 0.9676
vn 0.2111 0.1083 0.9714
vn 0.1942 0.1083 0.9750
vn 0.2280 0.1583 0.9607
vn 0.2281 0.1416 0.9633
vn 0.2280 0.1249 0.9656
vn 0.2111 0.1583 0.9646
vn 0.2111 0.1417 0.9671
vn 0.2111 0.1249 0.9694
vn 0.1942 0.1583 0.9681
vn 0.1942 0.1417 0.9707
vn 0.1941 0.1250 0.9730
vn 0.1773 0.1583 0.9713
vn 0.1773 0.1417 0.9739
vn 0.1773 0.1249 0.9762
vn 0.2280 0.1751 0.9578
vn 0.2111 0.1751 0.9617
vn 0.1942 0.1750 0.9652
vn 0.2281 0.2251 0.9473
vn 0.2281 0.2085 0.9511
vn 0.2280 0.1917 0.9546
vn 0.2111 0.2252 0.9512
vn 0.2112 0.2085 0.9550
vn 0.2112 0.1916 0.9585
vn 0.1942 0.2251 0.9548
vn 0.1942 0.2085 0.9585
vn 0.1942 0.1917 0.9620
vn 0.1773 0.2251 0.9581
vn 0.1773 0.2085 0.9618
vn 0.1773 0.1917 0.9653
vn 0.2281 0.2418 0.9431
vn 0.2112 0.2418 0.9471
vn 0.1943 0.2418 0.9507
vn 0.2281 0.2918 0.9289
vn 0.2281 0.2752 0.9339
vn 0.2281 0.2585 0.9387
vn 0.2112 0.2918 0.9329
vn 0.2112 0.2752 0.9379
vn 0.2112 0.2585 0.9426
vn 0.1943 0.2918 0.9365
vn 0.1943 0.2752 0.9416
vn 0.1943 0.2585 0.9463
vn 0.1774 0.2918 0.9399
vn 0.1773 0.2752 0.9449
vn 0.1773 0.2586 0.9496
vn 0.2281 0.3085 0.9234
vn 0.2112 0.3086 0.9275
vn 0.1943 0.3086 0.9311
vn 0.2282 0.3586 0.9052
vn 0.2282 0.3419 0.9116
vn 0.2281 0.3252 0.9177
vn 0.2113 0.3586 0.9093
vn 0.2113 0.3419 0.9157
vn 0.2112 0.3252 0.9217
vn 0.1944 0.3586 0.9130
vn 0.1943 0.3419 0.9194
vn 0.1943 0.3252 0.9255
vn 0.1774 0.3586 0.9165
vn 0.1774 0.3419 0.9229
vn 0.1774 0.3252 0.9289
vn 0.2282 0.3753 0.8984
vn 0.2113 0.3753 0.9025
vn 0.1944 0.3753 0.9063
vn 0.2282 0.4256 0.8757
vn 0.2282 0.4089 0.8836
vn 0.2282 0.3921 0.8912
vn 0.2114 0.4256 0.8799
vn 0.2113 0.4089 0.8878
vn 0.2113 0.3921 0.8953
vn 0.1944 0.4256 0.8838
vn 0.1944 0.4089 0.8917
vn 0.1944 0.3921 0.8991
vn 0.1775 0.4256 0.8873
vn 0.1775 0.4088 0.8952
vn 0.1774 0.3921 0.9026
vn 0.2283 0.4423 0.8673
vn 0.2114 0.4423 0.8716
vn 0.1944 0.4423 0.8755
vn 0.2283 0.4924 0.8399
vn 0.2283 0.4757 0.8494
vn 0.2283 0.4590 0.8586
vn 0.2115 0.4924 0.8443
vn 0.2114 0.4757 0.8538
vn 0.2114 0.4590 0.8629
vn 0.1945 0.4924 0.8483
vn 0.1945 0.4757 0.8578
vn 0.1945 0.4590 0.8669
vn 0.1776 0.4924 0.8521
vn 0.1775 0.4757 0.8615
vn 0.1775 0.4590 0.8705
vn 0.2284 0.5092 0.8298
vn 0.2115 0.5092 0.8343
vn 0.1945 0.5092 0.8384
vn 0.2284 0.5595 0.7967
vn 0.2284 0.5427 0.8083
vn 0.2284 0.5259 0.8193
vn 0.2115 0.5595 0.8014
vn 0.2115 0.5427 0.8129
vn 0.2115 0.5259 0.8238
vn 0.1946 0.5595 0.8056
vn 0.1946 0.5427 0.8171
vn 0.1945 0.5259 0.8280
vn 0.1777 0.5595 0.8095
vn 0.1777 0.5427 0.8209
vn 0.1776 0.5259 0.8318
vn 0.2284 0.5764 0.7846
vn 0.2115 0.5764 0.7893
vn 0.1946 0.5764 0.7937
vn 0.2285 0.6267 0.7450
vn 0.2285 0.6099 0.7588
vn 0.2285 0.5931 0.7720
vn 0.2116 0.6267 0.7500
vn 0.2116 0.6099 0.7637
vn 0.2116 0.5931 0.7768
vn 0.1947 0.6267 0.7546
vn 0.1947 0.6099 0.7682
vn 0.1947 0.5931 0.7812
vn 0.1778 0.6267 0.7587
vn 0.1777 0.6099 0.7723
vn 0.1777 0.5931 0.7853
vn 0.2286 0.6434 0.7306
vn 0.2116 0.6434 0.7357
vn 0.1948 0.6434 0.7403
vn 0.2287 0.6939 0.6828
vn 0.2286 0.6770 0.6996
vn 0.2286 0.6602 0.7154
vn 0.2117 0.6939 0.6883
vn 0.2117 0.6770 0.7049
vn 0.2117 0.6602 0.7206
vn 0.1948 0.6939 0.6932
vn 0.1948 0.6770 0.7097
vn 0.1948 0.6602 0.7254
vn 0.1779 0.6939 0.6978
vn 0.1779 0.6770 0.7141
vn 0.1779 0.6602 0.7297
vn 0.2962 -0.6267 0.7208
vn 0.2793 -0.6267 0.7275
vn 0.2624 -0.6267 0.7338
vn 0.2961 -0.5764 0.7617
vn 0.2961 -0.5931 0.7487
vn 0.2962 -0.6099 0.7351
vn 0.2791 -0.5763 0.7681
vn 0.2792 -0.5931 0.7552
vn 0.2792 -0.6099 0.7417
vn 0.2622 -0.5764 0.7740
vn 0.2622 -0.5931 0.7612
vn 0.2623 -0.6099 0.7478
vn 0.2453 -0.5764 0.7795
vn 0.2454 -0.5931 0.7668
vn 0.2454 -0.6099 0.7535
vn 0.2960 -0.5595 0.7741
vn 0.2791 -0.5595 0.7804
vn 0.2622 -0.5595 0.7862
vn 0.2959 -0.5092 0.8082
vn 0.2960 -0.5259 0.7974
vn 0.2960 -0.5427 0.7860
vn 0.2790 -0.5092 0.8142
vn 0.2791 -0.5259 0.8034
vn 0.2791 -0.5427 0.7922
vn 0.2622 -0.5092 0.8198
vn 0.2622 -0.5260 0.8091
vn 0.2622 -0.5427 0.7979
vn 0.2452 -0.5092 0.8250
vn 0.2453 -0.5260 0.8144
vn 0.2453 -0.5427 0.8033
vn 0.2959 -0.4924 0.8185
vn 0.2790 -0.4924 0.8244
vn 0.2621 -0.4924 0.8299
vn 0.2958 -0.4423 0.8467
vn 0.2958 -0.4590 0.8377
vn 0.2959 -0.4757 0.8283
vn 0.2789 -0.4423 0.8524
vn 0.2789 -0.4590 0.8435
vn 0.2789 -0.4757 0.8342
vn 0.2621 -0.4423 0.8577
vn 0.2621 -0.4590 0.8489
vn 0.2621 -0.4757 0.8396
vn 0.2451 -0.4423 0.8627
vn 0.2451 -0.4590 0.8539
vn 0.2452 -0.4757 0.8447
vn 0.2958 -0.4256 0.8552
vn 0.2789 -0.4256 0.8609
vn 0.2620 -0.4256 0.8661
vn 0.2957 -0.3753 0.8784
vn 0.2958 -0.3921 0.8711
vn 0.2958 -0.4089 0.8633
vn 0.2788 -0.3753 0.8840
vn 0.2788 -0.3921 0.8766
vn 0.2788 -0.4089 0.8690
vn 0.2620 -0.3754 0.8891
vn 0.2620 -0.3921 0.8818
vn 0.2620 -0.4088 0.8742
vn 0.2451 -0.3754 0.8939
vn 0.2451 -0.3921 0.8867
vn 0.2451 -0.4089 0.8791
vn 0.2957 -0.3586 0.8854
vn 0.2788 -0.3586 0.8909
vn 0.2619 -0.3586 0.8960
vn 0.2956 -0.3086 0.9041
vn 0.2956 -0.3252 0.8982
vn 0.2957 -0.3419 0.8920
vn 0.2788 -0.3085 0.9094
vn 0.2788 -0.3252 0.9036
vn 0.2788 -0.3419 0.8974
vn 0.2619 -0.3085 0.9144
vn 0.2619 -0.3252 0.9086
vn 0.2619 -0.3419 0.9025
vn 0.2450 -0.3085 0.9191
vn 0.2450 -0.3252 0.9133
vn 0.2451 -0.3419 0.9072
vn 0.2956 -0.2918 0.9096
vn 0.2787 -0.2918 0.9150
vn 0.2619 -0.2918 0.9199
vn 0.2956 -0.2418 0.9242
vn 0.2956 -0.2586 0.9197
vn 0.2956 -0.2751 0.9148
vn 0.2787 -0.2418 0.9294
vn 0.2787 -0.2586 0.9249
vn 0.2787 -0.2751 0.9201
vn 0.2618 -0.2418 0.9343
vn 0.2618 -0.2586 0.9298
vn 0.2619 -0.2751 0.9251
vn 0.2449 -0.2418 0.9389
vn 0.2450 -0.2585 0.9344
vn 0.2450 -0.2752 0.9297
vn 0.2955 -0.2252 0.9284
vn 0.2787 -0.2251 0.9336
vn 0.2618 -0.2251 0.9385
vn 0.2955 -0.1751 0.9392
vn 0.2955 -0.1916 0.9359
vn 0.2955 -0.2085 0.9323
vn 0.2786 -0.1751 0.9443
vn 0.2787 -0.1916 0.9411
vn 0.2787 -0.2085 0.9375
vn 0.2618 -0.1750 0.9491
vn 0.2618 -0.1917 0.9459
vn 0.2618 -0.2085 0.9423
vn 0.2449 -0.1750 0.9536
vn 0.2449 -0.1917 0.9504
vn 0.2449 -0.2085 0.9469
vn 0.2955 -0.1583 0.9421
vn 0.2786 -0.1583 0.9473
vn 0.2618 -0.1583 0.9521
vn 0.2955 -0.1084 0.9492
vn 0.2955 -0.1249 0.9471
vn 0.2955 -0.1416 0.9448
vn 0.2786 -0.1084 0.9543
vn 0.2787 -0.1249 0.9522
vn 0.2786 -0.1417 0.9499
vn 0.2618 -0.1083 0.9590
vn 0.2618 -0.1249 0.9570
vn 0.2617 -0.1417 0.9547
vn 0.2449 -0.1084 0.9635
vn 0.2449 -0.1250 0.9615
vn 0.2449 -0.1417 0.9591
vn 0.2954 -0.0917 0.9510
vn 0.2786 -0.0917 0.9560
vn 0.2618 -0.0916 0.9608
vn 0.2955 -0.0418 0.9544
vn 0.2955 -0.0583 0.9536
vn 0.2955 -0.0751 0.9524
vn 0.2786 -0.0418 0.9595
vn 0.2786 -0.0584 0.9586
vn 0.2786 -0.0751 0.9575
vn 0.2617 -0.0418 0.9642
vn 0.2617 -0.0584 0.9634
vn 0.2618 -0.0751 0.9622
vn 0.2449 -0.0418 0.9686
vn 0.2449 -0.0583 0.9678
vn 0.2449 -0.0751 0.9666
vn 0.2955 -0.0250 0.9550
vn 0.2786 -0.0250 0.9601
vn 0.2617 -0.0250 0.9648
vn 0.2955 0.0250 0.9550
vn 0.2955 0.0084 0.9553
vn 0.2955 -0.0084 0.9553
vn 0.2786 0.0250 0.9601
vn 0.2786 0.0084 0.9604
vn 0.2786 -0.0084 0.9604
vn 0.2617 0.0250 0.9648
vn 0.2617 0.0084 0.9651
vn 0.2617 -0.0084 0.9651
vn 0.2449 0.0250 0.9692
vn 0.2449 0.0084 0.9695
vn 0.2449 -0.0084 0.9695
vn 0.2955 0.0418 0.9544
vn 0.2786 0.0418 0.9595
vn 0.2617 0.0418 0.9642
vn 0.2954 0.0917 0.9510
vn 0.2954 0.0751 0.9524
vn 0.2955 0.0584 0.9536
vn 0.2786 0.0917 0.9560
vn 0.2786 0.0751 0.9575
vn 0.2786 0.0584 0.9586
vn 0.2618 0.0916 0.9608
vn 0.2618 0.0751 0.9622
vn 0.2617 0.0584 0.9634
vn 0.2449 0.0917 0.9652
vn 0.2449 0.0751 0.9666
vn 0.2449 0.0583 0.9678
vn 0.2955 0.1084 0.9492
vn 0.2786 0.1084 0.9543
vn 0.2618 0.1083 0.9590
vn 0.2955 0.1583 0.9421
vn 0.2955 0.1416 0.9448
vn 0.2955 0.1249 0.9471
vn 0.2786 0.1583 0.9473
vn 0.2786 0.1417 0.9499
vn 0.2787 0.1249 0.9522
vn 0.2618 0.1583 0.9521
vn 0.2617 0.1417 0.9547
vn 0.2618 0.1249 0.9570
vn 0.2449 0.1582 0.9565
vn 0.2449 0.1417 0.9591
vn 0.2449 0.1250 0.9615
vn 0.2955 0.1751 0.9392
vn 0.2786 0.1751 0.9443
vn 0.2618 0.1750 0.9491
vn 0.2955 0.2251 0.9284
vn 0.2955 0.2085 0.9323
vn 0.2955 0.1916 0.9359
vn 0.2787 0.2251 0.9336
vn 0.2787 0.2085 0.9375
vn 0.2787 0.1916 0.9411
vn 0.2618 0.2251 0.9385
vn 0.2618 0.2085 0.9423
vn 0.2618 0.1917 0.9459
vn 0.2450 0.2251 0.9430
vn 0.2449 0.2085 0.9469
vn 0.2449 0.1917 0.9504
vn 0.2956 0.2418 0.9242
vn 0.2787 0.2418 0.9294
vn 0.2618 0.2418 0.9343
vn 0.2956 0.2918 0.9096
vn 0.2956 0.2751 0.9148
vn 0.2956 0.2586 0.9197
vn 0.2787 0.2918 0.9150
vn 0.2787 0.2751 0.9201
vn 0.2787 0.2586 0.9249
vn 0.2619 0.2918 0.9199
vn 0.2619 0.2751 0.9251
vn 0.2618 0.2586 0.9298
vn 0.2450 0.2918 0.9246
vn 0.2450 0.2752 0.9297
vn 0.2450 0.2585 0.9344
vn 0.2956 0.3086 0.9041
vn 0.2788 0.3086 0.9094
vn 0.2619 0.3085 0.9144
vn 0.2957 0.3586 0.8854
vn 0.2957 0.3419 0.8920
vn 0.2956 0.3252 0.8983
vn 0.2788 0.3586 0.8909
vn 0.2788 0.3419 0.8974
vn 0.2788 0.3252 0.9036
vn 0.2620 0.3586 0.8960
vn 0.2619 0.3419 0.9025
vn 0.2619 0.3252 0.9086
vn 0.2451 0.3586 0.9008
vn 0.2451 0.3419 0.9072
vn 0.2450 0.3252 0.9133
vn 0.2957 0.3753 0.8785
vn 0.2788 0.3753 0.8840
vn 0.2619 0.3754 0.8891
vn 0.2958 0.4256 0.8552
vn 0.2958 0.4089 0.8633
vn 0.2957 0.3921 0.8711
vn 0.2789 0.4256 0.8609
vn 0.2788 0.4089 0.8690
vn 0.2788 0.3921 0.8766
vn 0.2620 0.4256 0.8661
vn 0.2620 0.4088 0.8742
vn 0.2620 0.3921 0.8818
vn 0.2451 0.4256 0.8711
vn 0.2451 0.4088 0.8791
vn 0.2451 0.3921 0.8867
vn 0.2958 0.4423 0.8467
vn 0.2789 0.4423 0.8524
vn 0.2621 0.4423 0.8577
vn 0.2959 0.4924 0.8185
vn 0.2959 0.4757 0.8283
vn 0.2958 0.4590 0.8377
vn 0.2790 0.4924 0.8244
vn 0.2789 0.4757 0.8342
vn 0.2789 0.4590 0.8435
vn 0.2621 0.4924 0.8299
vn 0.2621 0.4757 0.8396
vn 0.2621 0.4590 0.8489
vn 0.2452 0.4924 0.8351
vn 0.2452 0.4757 0.8447
vn 0.2451 0.4590 0.8539
vn 0.2959 0.5092 0.8082
vn 0.2790 0.5092 0.8142
vn 0.2622 0.5092 0.8198
vn 0.2960 0.5595 0.7741
vn 0.2960 0.5427 0.7860
vn 0.2960 0.5259 0.7974
vn 0.2791 0.5595 0.7804
vn 0.2791 0.5427 0.7922
vn 0.2791 0.5259 0.8034
vn 0.2622 0.5595 0.7862
vn 0.2622 0.5427 0.7979
vn 0.2622 0.5260 0.8091
vn 0.2453 0.5595 0.7917
vn 0.2453 0.5427 0.8033
vn 0.2453 0.5260 0.8144
vn 0.2961 0.5763 0.7617
vn 0.2791 0.5763 0.7681
vn 0.2622 0.5763 0.7740
vn 0.2962 0.6267 0.7208
vn 0.2962 0.6099 0.7351
vn 0.2961 0.5931 0.7487
vn 0.2793 0.6267 0.7275
vn 0.2792 0.6099 0.7417
vn 0.2792 0.5931 0.7552
vn 0.2624 0.6267 0.7338
vn 0.2623 0.6099 0.7478
vn 0.2623 0.5931 0.7612
vn 0.2454 0.6267 0.7396
vn 0.2454 0.6099 0.7535
vn 0.2454 0.5931 0.7668
vn 0.2963 0.6434 0.7058
vn 0.2793 0.6434 0.7127
vn 0.2624 0.6434 0.7191
vn 0.2965 0.6939 0.6562
vn 0.2964 0.6770 0.6736
vn 0.2964 0.6602 0.6901
vn 0.2795 0.6939 0.6636
vn 0.2795 0.6770 0.6808
vn 0.2794 0.6602 0.6972
vn 0.2626 0.6939 0.6705
vn 0.2625 0.6770 0.6876
vn 0.2624 0.6602 0.7037
vn 0.2456 0.6939 0.6769
vn 0.2456 0.6770 0.6938
vn 0.2455 0.6602 0.7098
vn 0.3640 -0.6267 0.6891
vn 0.3471 -0.6267 0.6977
vn 0.3301 -0.6267 0.7059
vn 0.3638 -0.5764 0.7317
vn 0.3639 -0.5931 0.7182
vn 0.3639 -0.6099 0.7040
vn 0.3469 -0.5764 0.7399
vn 0.3470 -0.5931 0.7265
vn 0.3470 -0.6099 0.7125
vn 0.3300 -0.5764 0.7476
vn 0.3301 -0.5931 0.7344
vn 0.3301 -0.6099 0.7205
vn 0.3130 -0.5764 0.7549
vn 0.3131 -0.5931 0.7418
vn 0.3131 -0.6099 0.7280
vn 0.3638 -0.5595 0.7447
vn 0.3469 -0.5595 0.7527
vn 0.3299 -0.5595 0.7603
vn 0.3637 -0.5092 0.7800
vn 0.3637 -0.5260 0.7688
vn 0.3638 -0.5427 0.7571
vn 0.3468 -0.5092 0.7877
vn 0.3468 -0.5259 0.7766
vn 0.3469 -0.5427 0.7649
vn 0.3298 -0.5092 0.7949
vn 0.3299 -0.5259 0.7840
vn 0.3299 -0.5427 0.7724
vn 0.3128 -0.5092 0.8018
vn 0.3129 -0.5259 0.7909
vn 0.3129 -0.5427 0.7794
vn 0.3636 -0.4924 0.7907
vn 0.3467 -0.4924 0.7983
vn 0.3298 -0.4924 0.8055
vn 0.3635 -0.4423 0.8199
vn 0.3635 -0.4591 0.8106
vn 0.3636 -0.4757 0.8009
vn 0.3465 -0.4423 0.8272
vn 0.3466 -0.4590 0.8180
vn 0.3467 -0.4757 0.8084
vn 0.3296 -0.4423 0.8341
vn 0.3297 -0.4590 0.8250
vn 0.3297 -0.4758 0.8155
vn 0.3127 -0.4423 0.8406
vn 0.3127 -0.4591 0.8316
vn 0.3128 -0.4757 0.8221
vn 0.3635 -0.4256 0.8287
vn 0.3465 -0.4256 0.8359
vn 0.3296 -0.4256 0.8428
vn 0.3633 -0.3754 0.8527
vn 0.3634 -0.3921 0.8451
vn 0.3634 -0.4089 0.8371
vn 0.3464 -0.3753 0.8597
vn 0.3465 -0.3921 0.8522
vn 0.3465 -0.4089 0.8443
vn 0.3295 -0.3753 0.8663
vn 0.3295 -0.3921 0.8589
vn 0.3295 -0.4089 0.8510
vn 0.3126 -0.3754 0.8726
vn 0.3126 -0.3921 0.8652
vn 0.3126 -0.4089 0.8574
vn 0.3633 -0.3586 0.8599
vn 0.3464 -0.3586 0.8668
vn 0.3295 -0.3586 0.8734
vn 0.3633 -0.3085 0.8791
vn 0.3633 -0.3252 0.8731
vn 0.3633 -0.3419 0.8667
vn 0.3463 -0.3086 0.8859
vn 0.3463 -0.3252 0.8799
vn 0.3464 -0.3419 0.8736
vn 0.3294 -0.3086 0.8923
vn 0.3294 -0.3252 0.8864
vn 0.3295 -0.3419 0.8801
vn 0.3125 -0.3086 0.8984
vn 0.3125 -0.3252 0.8925
vn 0.3125 -0.3419 0.8862
vn 0.3632 -0.2918 0.8848
vn 0.3463 -0.2918 0.8916
vn 0.3294 -0.2918 0.8980
vn 0.3631 -0.2418 0.8998
vn 0.3631 -0.2585 0.8952
vn 0.3631 -0.2752 0.8902
vn 0.3462 -0.2418 0.9065
vn 0.3462 -0.2586 0.9018
vn 0.3462 -0.2752 0.8969
vn 0.3293 -0.2418 0.9127
vn 0.3293 -0.2586 0.9081
vn 0.3293 -0.2752 0.9032
vn 0.3124 -0.2418 0.9187
vn 0.3124 -0.2586 0.9141
vn 0.3125 -0.2752 0.9092
vn 0.3631 -0.2251 0.9041
vn 0.3462 -0.2252 0.9108
vn 0.3293 -0.2252 0.9170
vn 0.3630 -0.1751 0.9152
vn 0.3631 -0.1917 0.9118
vn 0.3631 -0.2085 0.9081
vn 0.3461 -0.1751 0.9217
vn 0.3462 -0.1917 0.9184
vn 0.3462 -0.2085 0.9147
vn 0.3292 -0.1751 0.9279
vn 0.3293 -0.1917 0.9246
vn 0.3293 -0.2085 0.9209
vn 0.3124 -0.1751 0.9337
vn 0.3124 -0.1917 0.9304
vn 0.3124 -0.2085 0.9268
vn 0.3630 -0.1582 0.9182
vn 0.3461 -0.1582 0.9247
vn 0.3293 -0.1582 0.9309
vn 0.3630 -0.1083 0.9255
vn 0.3630 -0.1250 0.9234
vn 0.3630 -0.1417 0.9210
vn 0.3461 -0.1083 0.9319
vn 0.3461 -0.1250 0.9298
vn 0.3461 -0.1417 0.9274
vn 0.3292 -0.1084 0.9380
vn 0.3292 -0.1250 0.9360
vn 0.3292 -0.1417 0.9336
vn 0.3123 -0.1084 0.9438
vn 0.3123 -0.1250 0.9417
vn 0.3124 -0.1417 0.9393
vn 0.3630 -0.0916 0.9273
vn 0.3461 -0.0916 0.9337
vn 0.3292 -0.0916 0.9398
vn 0.3629 -0.0418 0.9309
vn 0.3630 -0.0584 0.9300
vn 0.3630 -0.0751 0.9288
vn 0.3460 -0.0418 0.9373
vn 0.3461 -0.0584 0.9364
vn 0.3461 -0.0751 0.9352
vn 0.3292 -0.0418 0.9433
vn 0.3292 -0.0584 0.9425
vn 0.3292 -0.0751 0.9413
vn 0.3123 -0.0418 0.9491
vn 0.3123 -0.0583 0.9482
vn 0.3124 -0.0751 0.9470
vn 0.3629 -0.0250 0.9315
vn 0.3460 -0.0250 0.9379
vn 0.3292 -0.0250 0.9439
vn 0.3629 0.0250 0.9315
vn 0.3629 0.0084 0.9318
vn 0.3629 -0.0084 0.9318
vn 0.3460 0.0250 0.9379
vn 0.3460 0.0084 0.9382
vn 0.3460 -0.0084 0.9382
vn 0.3292 0.0250 0.9439
vn 0.3292 0.0084 0.9442
vn 0.3292 -0.0084 0.9442
vn 0.3123 0.0250 0.9496
vn 0.3123 0.0084 0.9499
vn 0.3123 -0.0084 0.9499
vn 0.3629 0.0418 0.9309
vn 0.3460 0.0418 0.9373
vn 0.3292 0.0418 0.9433
vn 0.3630 0.0917 0.9273
vn 0.3630 0.0751 0.9288
vn 0.3630 0.0584 0.9300
vn 0.3461 0.0916 0.9337
vn 0.3461 0.0751 0.9352
vn 0.3461 0.0584 0.9364
vn 0.3292 0.0916 0.9398
vn 0.3292 0.0751 0.9413
vn 0.3292 0.0584 0.9425
vn 0.3123 0.0917 0.9455
vn 0.3124 0.0751 0.9470
vn 0.3123 0.0583 0.9482
vn 0.3630 0.1083 0.9255
vn 0.3461 0.1083 0.9319
vn 0.3292 0.1084 0.9380
vn 0.3630 0.1582 0.9182
vn 0.3630 0.1417 0.9209
vn 0.3630 0.1250 0.9234
vn 0.3461 0.1582 0.9248
vn 0.3461 0.1417 0.9274
vn 0.3461 0.1250 0.9298
vn 0.3293 0.1582 0.9309
vn 0.3292 0.1417 0.9336
vn 0.3292 0.1250 0.9360
vn 0.3124 0.1582 0.9367
vn 0.3124 0.1417 0.9393
vn 0.3123 0.1250 0.9417
vn 0.3630 0.1751 0.9152
vn 0.3461 0.1751 0.9217
vn 0.3292 0.1751 0.9279
vn 0.3631 0.2251 0.9041
vn 0.3631 0.2085 0.9081
vn 0.3631 0.1917 0.9118
vn 0.3462 0.2252 0.9107
vn 0.3462 0.2085 0.9147
vn 0.3461 0.1917 0.9184
vn 0.3293 0.2252 0.9170
vn 0.3293 0.2085 0.9209
vn 0.3293 0.1917 0.9246
vn 0.3124 0.2252 0.9229
vn 0.3124 0.2085 0.9268
vn 0.3124 0.1916 0.9304
vn 0.3631 0.2418 0.8998
vn 0.3462 0.2418 0.9065
vn 0.3293 0.2418 0.9127
vn 0.3632 0.2918 0.8848
vn 0.3631 0.2752 0.8902
vn 0.3631 0.2585 0.8952
vn 0.3463 0.2918 0.8916
vn 0.3462 0.2752 0.8969
vn 0.3462 0.2586 0.9018
vn 0.3294 0.2918 0.8980
vn 0.3293 0.2752 0.9032
vn 0.3293 0.2586 0.9081
vn 0.3125 0.2918 0.9040
vn 0.3125 0.2751 0.9092
vn 0.3124 0.2586 0.9141
vn 0.3632 0.3085 0.8791
vn 0.3463 0.3086 0.8859
vn 0.3294 0.3086 0.8923
vn 0.3633 0.3586 0.8599
vn 0.3633 0.3419 0.8667
vn 0.3633 0.3252 0.8731
vn 0.3464 0.3586 0.8668
vn 0.3464 0.3419 0.8736
vn 0.3463 0.3252 0.8799
vn 0.3295 0.3586 0.8734
vn 0.3295 0.3419 0.8801
vn 0.3294 0.3252 0.8864
vn 0.3125 0.3586 0.8796
vn 0.3125 0.3419 0.8862
vn 0.3125 0.3252 0.8925
vn 0.3633 0.3754 0.8527
vn 0.3464 0.3753 0.8597
vn 0.3295 0.3753 0.8663
vn 0.3635 0.4256 0.8287
vn 0.3634 0.4089 0.8371
vn 0.3634 0.3921 0.8451
vn 0.3465 0.4256 0.8359
vn 0.3465 0.4089 0.8443
vn 0.3465 0.3921 0.8522
vn 0.3296 0.4256 0.8428
vn 0.3295 0.4089 0.8510
vn 0.3295 0.3921 0.8589
vn 0.3127 0.4256 0.8492
vn 0.3126 0.4089 0.8574
vn 0.3126 0.3921 0.8652
vn 0.3635 0.4423 0.8199
vn 0.3465 0.4423 0.8272
vn 0.3296 0.4423 0.8341
vn 0.3636 0.4924 0.7907
vn 0.3636 0.4757 0.8009
vn 0.3635 0.4591 0.8106
vn 0.3467 0.4924 0.7983
vn 0.3467 0.4757 0.8084
vn 0.3466 0.4590 0.8180
vn 0.3298 0.4924 0.8055
vn 0.3297 0.4758 0.8154
vn 0.3297 0.4590 0.8250
vn 0.3128 0.4924 0.8122
vn 0.3128 0.4757 0.8221
vn 0.3127 0.4591 0.8316
vn 0.3637 0.5092 0.7800
vn 0.3468 0.5092 0.7877
vn 0.3298 0.5092 0.7949
vn 0.3638 0.5595 0.7447
vn 0.3638 0.5427 0.7571
vn 0.3637 0.5260 0.7688
vn 0.3469 0.5595 0.7527
vn 0.3469 0.5427 0.7650
vn 0.3468 0.5259 0.7766
vn 0.3299 0.5595 0.7603
vn 0.3299 0.5427 0.7724
vn 0.3299 0.5259 0.7840
vn 0.3130 0.5595 0.7674
vn 0.3129 0.5427 0.7794
vn 0.3129 0.5259 0.7909
vn 0.3638 0.5764 0.7317
vn 0.3469 0.5764 0.7399
vn 0.3300 0.5764 0.7476
vn 0.3640 0.6267 0.6891
vn 0.3639 0.6099 0.7040
vn 0.3639 0.5931 0.7182
vn 0.3471 0.6267 0.6977
vn 0.3470 0.6099 0.7125
vn 0.3470 0.5931 0.7265
vn 0.3301 0.6267 0.7059
vn 0.3301 0.6099 0.7205
vn 0.3301 0.5931 0.7344
vn 0.3132 0.6267 0.7136
vn 0.3131 0.6099 0.7280
vn 0.3131 0.5931 0.7418
vn 0.3640 0.6434 0.6734
vn 0.3471 0.6434 0.6823
vn 0.3302 0.6435 0.6906
vn 0.3642 0.6939 0.6212
vn 0.3641 0.6770 0.6396
vn 0.3641 0.6602 0.6569
vn 0.3473 0.6939 0.6308
vn 0.3472 0.6770 0.6489
vn 0.3472 0.6602 0.6660
vn 0.3304 0.6939 0.6398
vn 0.3303 0.6770 0.6577
vn 0.3303 0.6602 0.6746
vn 0.3134 0.6939 0.6483
vn 0.3134 0.6770 0.6659
vn 0.3133 0.6602 0.6826
vn 0.4317 -0.6267 0.6488
vn 0.4147 -0.6267 0.6598
vn 0.3978 -0.6267 0.6701
vn 0.4314 -0.5764 0.6940
vn 0.4315 -0.5931 0.6797
vn 0.4316 -0.6099 0.6646
vn 0.4145 -0.5764 0.7043
vn 0.4146 -0.5931 0.6902
vn 0.4147 -0.6099 0.6753
vn 0.3976 -0.5764 0.7139
vn 0.3977 -0.5931 0.7000
vn 0.3977 -0.6099 0.6855
vn 0.3807 -0.5764 0.7231
vn 0.3808 -0.5931 0.7094
vn 0.3808 -0.6099 0.6950
vn 0.4314 -0.5596 0.7077
vn 0.4145 -0.5595 0.7177
vn 0.3976 -0.5595 0.7272
vn 0.4312 -0.5092 0.7448
vn 0.4313 -0.5260 0.7330
vn 0.4314 -0.5427 0.7207
vn 0.4144 -0.5092 0.7543
vn 0.4144 -0.5260 0.7427
vn 0.4145 -0.5427 0.7305
vn 0.3975 -0.5092 0.7634
vn 0.3975 -0.5260 0.7519
vn 0.3976 -0.5427 0.7399
vn 0.3806 -0.5092 0.7719
vn 0.3806 -0.5260 0.7606
vn 0.3806 -0.5427 0.7487
vn 0.4312 -0.4924 0.7560
vn 0.4144 -0.4924 0.7654
vn 0.3974 -0.4924 0.7743
vn 0.4311 -0.4424 0.7865
vn 0.4311 -0.4591 0.7768
vn 0.4312 -0.4757 0.7667
vn 0.4142 -0.4423 0.7955
vn 0.4142 -0.4590 0.7859
vn 0.4143 -0.4757 0.7759
vn 0.3973 -0.4423 0.8041
vn 0.3974 -0.4591 0.7946
vn 0.3974 -0.4757 0.7847
vn 0.3804 -0.4423 0.8122
vn 0.3805 -0.4591 0.8028
vn 0.3805 -0.4757 0.7930
vn 0.4310 -0.4256 0.7957
vn 0.4142 -0.4256 0.8046
vn 0.3973 -0.4256 0.8130
vn 0.4310 -0.3753 0.8206
vn 0.4310 -0.3921 0.8127
vn 0.4310 -0.4089 0.8044
vn 0.4141 -0.3753 0.8292
vn 0.4141 -0.3921 0.8214
vn 0.4141 -0.4089 0.8132
vn 0.3972 -0.3754 0.8375
vn 0.3972 -0.3921 0.8297
vn 0.3973 -0.4088 0.8216
vn 0.3803 -0.3753 0.8453
vn 0.3803 -0.3921 0.8376
vn 0.3803 -0.4089 0.8296
vn 0.4309 -0.3586 0.8281
vn 0.4141 -0.3586 0.8366
vn 0.3971 -0.3586 0.8448
vn 0.4308 -0.3086 0.8481
vn 0.4308 -0.3252 0.8418
vn 0.4309 -0.3419 0.8351
vn 0.4140 -0.3086 0.8564
vn 0.4140 -0.3252 0.8502
vn 0.4141 -0.3419 0.8436
vn 0.3970 -0.3086 0.8644
vn 0.3971 -0.3252 0.8582
vn 0.3971 -0.3419 0.8517
vn 0.3802 -0.3086 0.8719
vn 0.3802 -0.3252 0.8658
vn 0.3803 -0.3419 0.8594
vn 0.4308 -0.2918 0.8540
vn 0.4140 -0.2918 0.8623
vn 0.3970 -0.2918 0.8702
vn 0.4308 -0.2418 0.8695
vn 0.4308 -0.2586 0.8646
vn 0.4308 -0.2752 0.8595
vn 0.4139 -0.2418 0.8776
vn 0.4138 -0.2586 0.8729
vn 0.4139 -0.2752 0.8677
vn 0.3970 -0.2418 0.8854
vn 0.3970 -0.2586 0.8807
vn 0.3970 -0.2751 0.8756
vn 0.3800 -0.2418 0.8928
vn 0.3801 -0.2585 0.8881
vn 0.3801 -0.2752 0.8831
vn 0.4307 -0.2252 0.8740
vn 0.4138 -0.2251 0.8821
vn 0.3970 -0.2251 0.8898
vn 0.4307 -0.1750 0.8854
vn 0.4307 -0.1917 0.8819
vn 0.4307 -0.2085 0.8781
vn 0.4138 -0.1751 0.8934
vn 0.4138 -0.1916 0.8900
vn 0.4138 -0.2085 0.8862
vn 0.3969 -0.1751 0.9010
vn 0.3969 -0.1916 0.8976
vn 0.3969 -0.2085 0.8939
vn 0.3800 -0.1751 0.9083
vn 0.3800 -0.1917 0.9049
vn 0.3800 -0.2085 0.9012
vn 0.4307 -0.1583 0.8885
vn 0.4138 -0.1582 0.8965
vn 0.3969 -0.1582 0.9041
vn 0.4306 -0.1084 0.8960
vn 0.4306 -0.1250 0.8938
vn 0.4306 -0.1416 0.8913
vn 0.4137 -0.1083 0.9039
vn 0.4138 -0.1250 0.9018
vn 0.4138 -0.1417 0.8993
vn 0.3968 -0.1083 0.9115
vn 0.3968 -0.1250 0.9093
vn 0.3969 -0.1417 0.9069
vn 0.3799 -0.1083 0.9187
vn 0.3799 -0.1250 0.9165
vn 0.3799 -0.1417 0.9141
vn 0.4306 -0.0916 0.8979
vn 0.4137 -0.0916 0.9058
vn 0.3968 -0.0916 0.9133
vn 0.4306 -0.0418 0.9016
vn 0.4306 -0.0584 0.9007
vn 0.4306 -0.0751 0.8994
vn 0.4137 -0.0418 0.9094
vn 0.4137 -0.0584 0.9085
vn 0.4137 -0.0751 0.9073
vn 0.3968 -0.0418 0.9170
vn 0.3968 -0.0584 0.9160
vn 0.3968 -0.0751 0.9148
vn 0.3799 -0.0418 0.9241
vn 0.3799 -0.0584 0.9232
vn 0.3799 -0.0751 0.9220
vn 0.4306 -0.0250 0.9022
vn 0.4137 -0.0250 0.9101
vn 0.3968 -0.0250 0.9176
vn 0.4306 0.0250 0.9022
vn 0.4306 0.0084 0.9025
vn 0.4306 -0.0084 0.9025
vn 0.4137 0.0250 0.9101
vn 0.4137 0.0084 0.9104
vn 0.4137 -0.0084 0.9104
vn 0.3968 0.0250 0.9176
vn 0.3968 0.0084 0.9179
vn 0.3968 -0.0084 0.9179
vn 0.3799 0.0250 0.9247
vn 0.3799 0.0084 0.9250
vn 0.3799 -0.0084 0.9250
vn 0.4306 0.0418 0.9016
vn 0.4137 0.0418 0.9094
vn 0.3968 0.0418 0.9170
vn 0.4306 0.0916 0.8979
vn 0.4306 0.0751 0.8994
vn 0.4306 0.0584 0.9007
vn 0.4137 0.0916 0.9058
vn 0.4137 0.0751 0.9073
vn 0.4137 0.0584 0.9085
vn 0.3968 0.0916 0.9133
vn 0.3968 0.0751 0.9148
vn 0.3968 0.0584 0.9160
vn 0.3799 0.0917 0.9205
vn 0.3799 0.0751 0.9220
vn 0.3799 0.0584 0.9232
vn 0.4306 0.1084 0.8960
vn 0.4137 0.1083 0.9039
vn 0.3968 0.1083 0.9115
vn 0.4307 0.1583 0.8885
vn 0.4306 0.1416 0.8913
vn 0.4306 0.1250 0.8938
vn 0.4138 0.1582 0.8965
vn 0.4138 0.1417 0.8993
vn 0.4138 0.1250 0.9018
vn 0.3969 0.1582 0.9041
vn 0.3969 0.1417 0.9069
vn 0.3969 0.1250 0.9093
vn 0.3799 0.1582 0.9114
vn 0.3799 0.1417 0.9141
vn 0.3799 0.1250 0.9165
vn 0.4307 0.1750 0.8854
vn 0.4138 0.1751 0.8934
vn 0.3969 0.1751 0.9010
vn 0.4307 0.2252 0.8740
vn 0.4307 0.2085 0.8781
vn 0.4307 0.1917 0.8819
vn 0.4138 0.2251 0.8821
vn 0.4138 0.2085 0.8862
vn 0.4138 0.1916 0.8900
vn 0.3970 0.2251 0.8898
vn 0.3969 0.2085 0.8939
vn 0.3969 0.1916 0.8976
vn 0.3800 0.2251 0.8972
vn 0.3800 0.2085 0.9012
vn 0.3800 0.1916 0.9049
vn 0.4308 0.2418 0.8695
vn 0.4139 0.2418 0.8776
vn 0.3970 0.2418 0.8854
vn 0.4308 0.2918 0.8540
vn 0.4308 0.2752 0.8595
vn 0.4308 0.2586 0.8646
vn 0.4140 0.2918 0.8623
vn 0.4139 0.2752 0.8677
vn 0.4138 0.2586 0.8729
vn 0.3971 0.2918 0.8702
vn 0.3970 0.2751 0.8756
vn 0.3970 0.2586 0.8807
vn 0.3801 0.2918 0.8777
vn 0.3801 0.2752 0.8831
vn 0.3801 0.2585 0.8881
vn 0.4308 0.3086 0.8481
vn 0.4140 0.3086 0.8564
vn 0.3970 0.3086 0.8644
vn 0.4309 0.3586 0.8281
vn 0.4309 0.3419 0.8351
vn 0.4308 0.3252 0.8418
vn 0.4141 0.3586 0.8366
vn 0.4141 0.3419 0.8436
vn 0.4140 0.3252 0.8502
vn 0.3971 0.3586 0.8448
vn 0.3971 0.3419 0.8517
vn 0.3971 0.3252 0.8582
vn 0.3803 0.3586 0.8525
vn 0.3803 0.3419 0.8594
vn 0.3802 0.3252 0.8658
vn 0.4310 0.3753 0.8206
vn 0.4141 0.3753 0.8292
vn 0.3972 0.3754 0.8375
vn 0.4310 0.4256 0.7957
vn 0.4310 0.4089 0.8044
vn 0.4310 0.3921 0.8127
vn 0.4142 0.4256 0.8046
vn 0.4141 0.4089 0.8132
vn 0.4141 0.3921 0.8214
vn 0.3973 0.4256 0.8130
vn 0.3973 0.4088 0.8216
vn 0.3972 0.3921 0.8297
vn 0.3804 0.4256 0.8211
vn 0.3803 0.4089 0.8296
vn 0.3803 0.3921 0.8376
vn 0.4311 0.4424 0.7865
vn 0.4142 0.4423 0.7955
vn 0.3973 0.4423 0.8041
vn 0.4312 0.4924 0.7560
vn 0.4312 0.4757 0.7667
vn 0.4311 0.4590 0.7768
vn 0.4144 0.4924 0.7654
vn 0.4143 0.4757 0.7759
vn 0.4142 0.4590 0.7859
vn 0.3974 0.4924 0.7743
vn 0.3974 0.4757 0.7847
vn 0.3974 0.4591 0.7946
vn 0.3805 0.4924 0.7827
vn 0.3805 0.4757 0.7930
vn 0.3804 0.4591 0.8028
vn 0.4312 0.5092 0.7448
vn 0.4144 0.5092 0.7543
vn 0.3975 0.5092 0.7634
vn 0.4314 0.5596 0.7077
vn 0.4313 0.5427 0.7207
vn 0.4313 0.5260 0.7330
vn 0.4145 0.5595 0.7177
vn 0.4145 0.5427 0.7305
vn 0.4144 0.5260 0.7427
vn 0.3976 0.5595 0.7272
vn 0.3976 0.5427 0.7399
vn 0.3975 0.5260 0.7519
vn 0.3807 0.5595 0.7362
vn 0.3806 0.5427 0.7487
vn 0.3806 0.5260 0.7606
vn 0.4314 0.5764 0.6940
vn 0.4145 0.5764 0.7043
vn 0.3976 0.5764 0.7139
vn 0.4317 0.6267 0.6488
vn 0.4316 0.6099 0.6646
vn 0.4315 0.5931 0.6797
vn 0.4147 0.6267 0.6598
vn 0.4147 0.6099 0.6753
vn 0.4146 0.5931 0.6902
vn 0.3978 0.6267 0.6701
vn 0.3977 0.6099 0.6855
vn 0.3977 0.5931 0.7000
vn 0.3809 0.6267 0.6799
vn 0.3808 0.6099 0.6950
vn 0.3808 0.5931 0.7094
vn 0.4318 0.6435 0.6321
vn 0.4148 0.6435 0.6434
vn 0.3979 0.6435 0.6540
vn 0.4320 0.6939 0.5761
vn 0.4320 0.6770 0.5958
vn 0.4319 0.6602 0.6145
vn 0.4151 0.6939 0.5884
vn 0.4150 0.6770 0.6078
vn 0.4149 0.6602 0.6261
vn 0.3981 0.6939 0.6000
vn 0.3980 0.6770 0.6190
vn 0.3979 0.6602 0.6370
vn 0.3811 0.6939 0.6109
vn 0.3811 0.6770 0.6296
vn 0.3810 0.6602 0.6473
vn 0.4994 -0.6267 0.5982
vn 0.4825 -0.6267 0.6119
vn 0.4656 -0.6267 0.6249
vn 0.4992 -0.5764 0.6470
vn 0.4993 -0.5931 0.6316
vn 0.4993 -0.6099 0.6154
vn 0.4823 -0.5764 0.6597
vn 0.4824 -0.5931 0.6446
vn 0.4824 -0.6099 0.6287
vn 0.4654 -0.5764 0.6717
vn 0.4654 -0.5931 0.6569
vn 0.4655 -0.6099 0.6413
vn 0.4484 -0.5764 0.6832
vn 0.4485 -0.5931 0.6686
vn 0.4486 -0.6099 0.6533
vn 0.4992 -0.5596 0.6616
vn 0.4822 -0.5595 0.6741
vn 0.4653 -0.5596 0.6859
vn 0.4990 -0.5092 0.7012
vn 0.4991 -0.5260 0.6887
vn 0.4991 -0.5427 0.6755
vn 0.4820 -0.5092 0.7130
vn 0.4821 -0.5260 0.7007
vn 0.4822 -0.5427 0.6877
vn 0.4651 -0.5092 0.7241
vn 0.4652 -0.5260 0.7120
vn 0.4652 -0.5427 0.6993
vn 0.4482 -0.5092 0.7347
vn 0.4482 -0.5260 0.7228
vn 0.4483 -0.5427 0.7103
vn 0.4989 -0.4924 0.7131
vn 0.4820 -0.4925 0.7247
vn 0.4651 -0.4924 0.7357
vn 0.4987 -0.4423 0.7454
vn 0.4987 -0.4591 0.7352
vn 0.4989 -0.4757 0.7244
vn 0.4818 -0.4423 0.7565
vn 0.4818 -0.4590 0.7464
vn 0.4819 -0.4757 0.7358
vn 0.4649 -0.4423 0.7670
vn 0.4649 -0.4591 0.7571
vn 0.4650 -0.4757 0.7466
vn 0.4479 -0.4423 0.7770
vn 0.4480 -0.4591 0.7672
vn 0.4480 -0.4758 0.7569
vn 0.4986 -0.4256 0.7551
vn 0.4817 -0.4256 0.7660
vn 0.4648 -0.4256 0.7764
vn 0.4985 -0.3754 0.7814
vn 0.4986 -0.3921 0.7731
vn 0.4986 -0.4089 0.7643
vn 0.4816 -0.3754 0.7919
vn 0.4816 -0.3921 0.7838
vn 0.4816 -0.4089 0.7751
vn 0.4647 -0.3754 0.8020
vn 0.4647 -0.3921 0.7939
vn 0.4648 -0.4089 0.7854
vn 0.4478 -0.3754 0.8115
vn 0.4479 -0.3921 0.8036
vn 0.4479 -0.4089 0.7951
vn 0.4985 -0.3586 0.7893
vn 0.4816 -0.3586 0.7997
vn 0.4647 -0.3586 0.8096
vn 0.4984 -0.3086 0.8102
vn 0.4984 -0.3252 0.8037
vn 0.4984 -0.3419 0.7967
vn 0.4814 -0.3086 0.8204
vn 0.4815 -0.3252 0.8139
vn 0.4815 -0.3419 0.8070
vn 0.4645 -0.3086 0.8300
vn 0.4646 -0.3252 0.8236
vn 0.4647 -0.3419 0.8168
vn 0.4477 -0.3086 0.8392
vn 0.4478 -0.3252 0.8329
vn 0.4478 -0.3419 0.8262
vn 0.4983 -0.2918 0.8164
vn 0.4814 -0.2918 0.8265
vn 0.4645 -0.2918 0.8361
vn 0.4982 -0.2418 0.8326
vn 0.4982 -0.2586 0.8276
vn 0.4983 -0.2752 0.8222
vn 0.4813 -0.2418 0.8425
vn 0.4813 -0.2586 0.8375
vn 0.4814 -0.2752 0.8322
vn 0.4645 -0.2418 0.8519
vn 0.4645 -0.2586 0.8470
vn 0.4645 -0.2752 0.8417
vn 0.4476 -0.2418 0.8609
vn 0.4476 -0.2586 0.8560
vn 0.4477 -0.2752 0.8508
vn 0.4982 -0.2251 0.8373
vn 0.4813 -0.2251 0.8472
vn 0.4645 -0.2251 0.8565
vn 0.4981 -0.1750 0.8492
vn 0.4982 -0.1917 0.8456
vn 0.4981 -0.2085 0.8417
vn 0.4813 -0.1751 0.8589
vn 0.4813 -0.1917 0.8554
vn 0.4813 -0.2085 0.8514
vn 0.4644 -0.1751 0.8682
vn 0.4644 -0.1917 0.8646
vn 0.4644 -0.2085 0.8607
vn 0.4475 -0.1750 0.8770
vn 0.4475 -0.1917 0.8735
vn 0.4476 -0.2085 0.8696
vn 0.4981 -0.1583 0.8525
vn 0.4813 -0.1583 0.8622
vn 0.4644 -0.1582 0.8714
vn 0.4981 -0.1084 0.8603
vn 0.4981 -0.1250 0.8581
vn 0.4981 -0.1417 0.8555
vn 0.4812 -0.1084 0.8699
vn 0.4812 -0.1250 0.8676
vn 0.4812 -0.1417 0.8651
vn 0.4644 -0.1084 0.8790
vn 0.4644 -0.1249 0.8768
vn 0.4644 -0.1417 0.8742
vn 0.4475 -0.1084 0.8877
vn 0.4475 -0.1249 0.8855
vn 0.4475 -0.1417 0.8830
vn 0.4980 -0.0916 0.8623
vn 0.4812 -0.0917 0.8718
vn 0.4644 -0.0917 0.8809
vn 0.4981 -0.0418 0.8661
vn 0.4981 -0.0584 0.8652
vn 0.4980 -0.0751 0.8639
vn 0.4811 -0.0418 0.8756
vn 0.4812 -0.0584 0.8747
vn 0.4812 -0.0751 0.8734
vn 0.4643 -0.0418 0.8847
vn 0.4643 -0.0583 0.8838
vn 0.4643 -0.0751 0.8825
vn 0.4475 -0.0418 0.8933
vn 0.4475 -0.0584 0.8924
vn 0.4475 -0.0751 0.8912
vn 0.4980 -0.0250 0.8668
vn 0.4812 -0.0250 0.8763
vn 0.4643 -0.0250 0.8853
vn 0.4980 0.0250 0.8668
vn 0.4980 0.0084 0.8671
vn 0.4980 -0.0084 0.8671
vn 0.4812 0.0250 0.8763
vn 0.4811 0.0084 0.8766
vn 0.4811 -0.0084 0.8766
vn 0.4643 0.0250 0.8853
vn 0.4643 0.0084 0.8856
vn 0.4643 -0.0084 0.8856
vn 0.4475 0.0250 0.8939
vn 0.4475 0.0084 0.8943
vn 0.4475 -0.0084 0.8943
vn 0.4981 0.0418 0.8661
vn 0.4811 0.0418 0.8756
vn 0.4643 0.0418 0.8847
vn 0.4980 0.0917 0.8623
vn 0.4980 0.0751 0.8639
vn 0.4981 0.0584 0.8652
vn 0.4812 0.0917 0.8718
vn 0.4812 0.0751 0.8734
vn 0.4812 0.0584 0.8747
vn 0.4644 0.0917 0.8809
vn 0.4643 0.0751 0.8825
vn 0.4643 0.0583 0.8838
vn 0.4475 0.0916 0.8896
vn 0.4475 0.0751 0.8912
vn 0.4475 0.0584 0.8924
vn 0.4981 0.1084 0.8603
vn 0.4812 0.1083 0.8699
vn 0.4644 0.1084 0.8790
vn 0.4981 0.1583 0.8525
vn 0.4981 0.1417 0.8555
vn 0.4981 0.1250 0.8581
vn 0.4813 0.1583 0.8622
vn 0.4812 0.1417 0.8651
vn 0.4812 0.1250 0.8676
vn 0.4644 0.1582 0.8714
vn 0.4644 0.1417 0.8742
vn 0.4643 0.1249 0.8768
vn 0.4475 0.1583 0.8801
vn 0.4475 0.1417 0.8830
vn 0.4475 0.1250 0.8855
vn 0.4981 0.1751 0.8492
vn 0.4813 0.1751 0.8589
vn 0.4644 0.1751 0.8682
vn 0.4982 0.2251 0.8373
vn 0.4981 0.2085 0.8417
vn 0.4982 0.1917 0.8456
vn 0.4813 0.2251 0.8472
vn 0.4813 0.2085 0.8514
vn 0.4813 0.1917 0.8554
vn 0.4644 0.2251 0.8565
vn 0.4644 0.2085 0.8607
vn 0.4644 0.1917 0.8646
vn 0.4476 0.2251 0.8654
vn 0.4476 0.2085 0.8696
vn 0.4476 0.1917 0.8735
vn 0.4982 0.2418 0.8326
vn 0.4813 0.2418 0.8425
vn 0.4645 0.2418 0.8519
vn 0.4983 0.2918 0.8164
vn 0.4983 0.2752 0.8222
vn 0.4982 0.2586 0.8276
vn 0.4814 0.2918 0.8265
vn 0.4814 0.2752 0.8322
vn 0.4813 0.2586 0.8375
vn 0.4645 0.2918 0.8361
vn 0.4645 0.2752 0.8417
vn 0.4645 0.2586 0.8470
vn 0.4477 0.2918 0.8452
vn 0.4477 0.2752 0.8508
vn 0.4476 0.2586 0.8560
vn 0.4984 0.3086 0.8102
vn 0.4814 0.3086 0.8204
vn 0.4645 0.3086 0.8300
vn 0.4985 0.3586 0.7893
vn 0.4984 0.3419 0.7967
vn 0.4984 0.3252 0.8036
vn 0.4816 0.3586 0.7997
vn 0.4815 0.3419 0.8070
vn 0.4815 0.3252 0.8139
vn 0.4647 0.3586 0.8096
vn 0.4646 0.3419 0.8168
vn 0.4646 0.3252 0.8236
vn 0.4478 0.3586 0.8191
vn 0.4478 0.3419 0.8262
vn 0.4478 0.3252 0.8329
vn 0.4985 0.3754 0.7814
vn 0.4816 0.3754 0.7919
vn 0.4647 0.3754 0.8020
vn 0.4986 0.4256 0.7551
vn 0.4986 0.4089 0.7643
vn 0.4986 0.3921 0.7731
vn 0.4817 0.4256 0.7660
vn 0.4816 0.4089 0.7751
vn 0.4816 0.3921 0.7838
vn 0.4648 0.4256 0.7764
vn 0.4648 0.4089 0.7854
vn 0.4647 0.3921 0.7939
vn 0.4479 0.4256 0.7863
vn 0.4479 0.4089 0.7951
vn 0.4479 0.3921 0.8035
vn 0.4987 0.4423 0.7454
vn 0.4818 0.4423 0.7565
vn 0.4649 0.4423 0.7670
vn 0.4989 0.4924 0.7131
vn 0.4989 0.4757 0.7244
vn 0.4988 0.4591 0.7352
vn 0.4820 0.4925 0.7247
vn 0.4819 0.4758 0.7358
vn 0.4818 0.4590 0.7464
vn 0.4651 0.4924 0.7357
vn 0.4650 0.4757 0.7466
vn 0.4649 0.4591 0.7571
vn 0.4481 0.4924 0.7461
vn 0.4480 0.4757 0.7569
vn 0.4480 0.4591 0.7672
vn 0.4990 0.5092 0.7012
vn 0.4820 0.5092 0.7130
vn 0.4651 0.5092 0.7241
vn 0.4992 0.5596 0.6616
vn 0.4991 0.5427 0.6755
vn 0.4990 0.5260 0.6887
vn 0.4822 0.5595 0.6741
vn 0.4822 0.5427 0.6877
vn 0.4821 0.5260 0.7007
vn 0.4653 0.5596 0.6859
vn 0.4652 0.5427 0.6993
vn 0.4652 0.5260 0.7120
vn 0.4483 0.5596 0.6971
vn 0.4483 0.5427 0.7103
vn 0.4482 0.5260 0.7228
vn 0.4992 0.5764 0.6470
vn 0.4823 0.5764 0.6597
vn 0.4653 0.5764 0.6718
vn 0.4994 0.6267 0.5982
vn 0.4993 0.6099 0.6154
vn 0.4993 0.5932 0.6316
vn 0.4825 0.6267 0.6119
vn 0.4824 0.6099 0.6287
vn 0.4824 0.5931 0.6446
vn 0.4656 0.6267 0.6249
vn 0.4655 0.6099 0.6413
vn 0.4654 0.5931 0.6569
vn 0.4486 0.6267 0.6372
vn 0.4486 0.6099 0.6533
vn 0.4485 0.5931 0.6686
vn 0.4995 0.6435 0.5800
vn 0.4826 0.6435 0.5942
vn 0.4657 0.6435 0.6076
vn 0.4998 0.6939 0.5184
vn 0.4997 0.6771 0.5403
vn 0.4996 0.6602 0.5608
vn 0.4828 0.6939 0.5342
vn 0.4827 0.6771 0.5555
vn 0.4827 0.6602 0.5754
vn 0.4659 0.6939 0.5490
vn 0.4658 0.6771 0.5697
vn 0.4657 0.6603 0.5892
vn 0.4490 0.6939 0.5630
vn 0.4489 0.6771 0.5832
vn 0.4488 0.6602 0.6022
vn 0.5672 -0.6267 0.5343
vn 0.5502 -0.6267 0.5518
vn 0.5332 -0.6267 0.5682
vn 0.5668 -0.5764 0.5886
vn 0.5669 -0.5932 0.5716
vn 0.5670 -0.6100 0.5535
vn 0.5499 -0.5764 0.6044
vn 0.5500 -0.5932 0.5879
vn 0.5501 -0.6100 0.5704
vn 0.5330 -0.5764 0.6194
vn 0.5331 -0.5932 0.6033
vn 0.5332 -0.6099 0.5863
vn 0.5161 -0.5764 0.6336
vn 0.5162 -0.5932 0.6179
vn 0.5162 -0.6099 0.6012
vn 0.5668 -0.5596 0.6047
vn 0.5499 -0.5596 0.6201
vn 0.5329 -0.5596 0.6347
vn 0.5666 -0.5093 0.6478
vn 0.5667 -0.5260 0.6342
vn 0.5667 -0.5428 0.6199
vn 0.5497 -0.5092 0.6622
vn 0.5497 -0.5260 0.6489
vn 0.5498 -0.5427 0.6349
vn 0.5328 -0.5092 0.6759
vn 0.5329 -0.5260 0.6629
vn 0.5329 -0.5427 0.6492
vn 0.5159 -0.5092 0.6889
vn 0.5160 -0.5260 0.6761
vn 0.5160 -0.5427 0.6627
vn 0.5665 -0.4925 0.6607
vn 0.5497 -0.4924 0.6748
vn 0.5328 -0.4924 0.6882
vn 0.5663 -0.4423 0.6954
vn 0.5664 -0.4591 0.6844
vn 0.5665 -0.4758 0.6729
vn 0.5495 -0.4423 0.7088
vn 0.5495 -0.4591 0.6981
vn 0.5496 -0.4758 0.6867
vn 0.5325 -0.4424 0.7216
vn 0.5326 -0.4591 0.7110
vn 0.5327 -0.4758 0.6999
vn 0.5157 -0.4423 0.7338
vn 0.5157 -0.4590 0.7234
vn 0.5158 -0.4758 0.7125
vn 0.5663 -0.4256 0.7058
vn 0.5494 -0.4256 0.7190
vn 0.5325 -0.4256 0.7316
vn 0.5661 -0.3754 0.7339
vn 0.5662 -0.3921 0.7250
vn 0.5662 -0.4089 0.7157
vn 0.5493 -0.3753 0.7466
vn 0.5493 -0.3921 0.7379
vn 0.5494 -0.4089 0.7287
vn 0.5324 -0.3754 0.7587
vn 0.5324 -0.3921 0.7502
vn 0.5325 -0.4089 0.7412
vn 0.5154 -0.3754 0.7703
vn 0.5155 -0.3921 0.7619
vn 0.5156 -0.4089 0.7530
vn 0.5661 -0.3586 0.7422
vn 0.5493 -0.3586 0.7548
vn 0.5324 -0.3586 0.7668
vn 0.5660 -0.3086 0.7645
vn 0.5660 -0.3253 0.7575
vn 0.5661 -0.3419 0.7501
vn 0.5491 -0.3086 0.7767
vn 0.5492 -0.3252 0.7698
vn 0.5492 -0.3419 0.7625
vn 0.5322 -0.3086 0.7884
vn 0.5322 -0.3252 0.7816
vn 0.5323 -0.3420 0.7744
vn 0.5152 -0.3086 0.7996
vn 0.5153 -0.3252 0.7929
vn 0.5153 -0.3420 0.7858
vn 0.5660 -0.2918 0.7710
vn 0.5491 -0.2918 0.7832
vn 0.5321 -0.2918 0.7948
vn 0.5659 -0.2418 0.7882
vn 0.5659 -0.2586 0.7829
vn 0.5659 -0.2752 0.7772
vn 0.5490 -0.2418 0.8001
vn 0.5490 -0.2586 0.7948
vn 0.5490 -0.2752 0.7892
vn 0.5320 -0.2418 0.8115
vn 0.5320 -0.2586 0.8063
vn 0.5321 -0.2752 0.8007
vn 0.5151 -0.2418 0.8223
vn 0.5151 -0.2586 0.8172
vn 0.5152 -0.2752 0.8117
vn 0.5658 -0.2252 0.7932
vn 0.5489 -0.2251 0.8050
vn 0.5320 -0.2251 0.8163
vn 0.5658 -0.1751 0.8058
vn 0.5658 -0.1917 0.8020
vn 0.5658 -0.2085 0.7978
vn 0.5488 -0.1751 0.8174
vn 0.5489 -0.1917 0.8136
vn 0.5489 -0.2085 0.8095
vn 0.5319 -0.1751 0.8285
vn 0.5320 -0.1917 0.8248
vn 0.5319 -0.2085 0.8207
vn 0.5150 -0.1751 0.8391
vn 0.5150 -0.1917 0.8355
vn 0.5151 -0.2085 0.8314
vn 0.5657 -0.1583 0.8092
vn 0.5488 -0.1582 0.8208
vn 0.5319 -0.1583 0.8319
vn 0.5657 -0.1083 0.8175
vn 0.5657 -0.1250 0.8151
vn 0.5657 -0.1416 0.8123
vn 0.5488 -0.1084 0.8289
vn 0.5488 -0.1249 0.8266
vn 0.5488 -0.1417 0.8239
vn 0.5318 -0.1084 0.8399
vn 0.5319 -0.1250 0.8376
vn 0.5319 -0.1417 0.8349
vn 0.5149 -0.1084 0.8503
vn 0.5150 -0.1250 0.8481
vn 0.5150 -0.1417 0.8454
vn 0.5657 -0.0917 0.8195
vn 0.5488 -0.0916 0.8309
vn 0.5318 -0.0917 0.8419
vn 0.5657 -0.0418 0.8236
vn 0.5657 -0.0583 0.8226
vn 0.5656 -0.0751 0.8212
vn 0.5487 -0.0418 0.8350
vn 0.5487 -0.0584 0.8340
vn 0.5487 -0.0751 0.8326
vn 0.5318 -0.0418 0.8458
vn 0.5318 -0.0583 0.8448
vn 0.5318 -0.0751 0.8435
vn 0.5149 -0.0418 0.8562
vn 0.5149 -0.0583 0.8553
vn 0.5149 -0.0751 0.8540
vn 0.5656 -0.0250 0.8243
vn 0.5487 -0.0250 0.8356
vn 0.5318 -0.0250 0.8465
vn 0.5656 0.0250 0.8243
vn 0.5656 0.0084 0.8246
vn 0.5656 -0.0084 0.8246
vn 0.5487 0.0250 0.8356
vn 0.5487 0.0084 0.8360
vn 0.5487 -0.0084 0.8360
vn 0.5318 0.0250 0.8465
vn 0.5318 0.0084 0.8469
vn 0.5317 -0.0084 0.8469
vn 0.5149 0.0250 0.8569
vn 0.5149 0.0084 0.8572
vn 0.5149 -0.0084 0.8572
vn 0.5657 0.0418 0.8236
vn 0.5487 0.0418 0.8350
vn 0.5318 0.0418 0.8458
vn 0.5657 0.0917 0.8195
vn 0.5656 0.0751 0.8212
vn 0.5657 0.0583 0.8226
vn 0.5488 0.0916 0.8309
vn 0.5487 0.0751 0.8326
vn 0.5487 0.0584 0.8340
vn 0.5318 0.0917 0.8419
vn 0.5318 0.0751 0.8435
vn 0.5318 0.0583 0.8448
vn 0.5150 0.0917 0.8523
vn 0.5149 0.0751 0.8540
vn 0.5149 0.0583 0.8553
vn 0.5657 0.1083 0.8175
vn 0.5488 0.1084 0.8289
vn 0.5318 0.1084 0.8399
vn 0.5657 0.1583 0.8092
vn 0.5657 0.1416 0.8123
vn 0.5657 0.1250 0.8151
vn 0.5488 0.1583 0.8208
vn 0.5488 0.1417 0.8239
vn 0.5488 0.1249 0.8266
vn 0.5319 0.1583 0.8319
vn 0.5319 0.1417 0.8349
vn 0.5319 0.1250 0.8376
vn 0.5150 0.1583 0.8425
vn 0.5150 0.1417 0.8454
vn 0.5150 0.1250 0.8481
vn 0.5658 0.1751 0.8058
vn 0.5489 0.1751 0.8174
vn 0.5319 0.1751 0.8285
vn 0.5658 0.2252 0.7932
vn 0.5658 0.2085 0.7978
vn 0.5658 0.1917 0.8020
vn 0.5489 0.2251 0.8050
vn 0.5489 0.2085 0.8095
vn 0.5489 0.1917 0.8136
vn 0.5320 0.2251 0.8163
vn 0.5319 0.2085 0.8207
vn 0.5320 0.1917 0.8248
vn 0.5151 0.2252 0.8270
vn 0.5151 0.2085 0.8314
vn 0.5150 0.1917 0.8355
vn 0.5659 0.2418 0.7882
vn 0.5490 0.2418 0.8001
vn 0.5320 0.2418 0.8115
vn 0.5660 0.2918 0.7710
vn 0.5659 0.2752 0.7772
vn 0.5659 0.2586 0.7829
vn 0.5491 0.2918 0.7832
vn 0.5490 0.2752 0.7892
vn 0.5490 0.2586 0.7948
vn 0.5321 0.2918 0.7948
vn 0.5321 0.2752 0.8007
vn 0.5320 0.2586 0.8063
vn 0.5152 0.2918 0.8059
vn 0.5152 0.2752 0.8117
vn 0.5151 0.2586 0.8172
vn 0.5660 0.3085 0.7645
vn 0.5491 0.3086 0.7767
vn 0.5322 0.3086 0.7884
vn 0.5661 0.3586 0.7422
vn 0.5661 0.3419 0.7501
vn 0.5660 0.3253 0.7575
vn 0.5492 0.3586 0.7548
vn 0.5492 0.3419 0.7625
vn 0.5492 0.3252 0.7698
vn 0.5324 0.3586 0.7668
vn 0.5323 0.3420 0.7744
vn 0.5322 0.3252 0.7816
vn 0.5154 0.3586 0.7783
vn 0.5153 0.3420 0.7858
vn 0.5153 0.3252 0.7929
vn 0.5661 0.3754 0.7339
vn 0.5493 0.3753 0.7466
vn 0.5324 0.3754 0.7587
vn 0.5663 0.4256 0.7058
vn 0.5662 0.4089 0.7157
vn 0.5662 0.3921 0.7250
vn 0.5494 0.4256 0.7190
vn 0.5494 0.4089 0.7287
vn 0.5493 0.3921 0.7379
vn 0.5325 0.4256 0.7316
vn 0.5325 0.4089 0.7412
vn 0.5324 0.3921 0.7502
vn 0.5156 0.4256 0.7436
vn 0.5156 0.4089 0.7530
vn 0.5155 0.3921 0.7619
vn 0.5664 0.4423 0.6954
vn 0.5495 0.4423 0.7088
vn 0.5325 0.4424 0.7216
vn 0.5665 0.4925 0.6607
vn 0.5665 0.4758 0.6729
vn 0.5664 0.4591 0.6844
vn 0.5497 0.4924 0.6748
vn 0.5496 0.4758 0.6867
vn 0.5495 0.4591 0.6981
vn 0.5328 0.4924 0.6882
vn 0.5327 0.4758 0.6999
vn 0.5326 0.4591 0.7110
vn 0.5159 0.4924 0.7010
vn 0.5158 0.4758 0.7125
vn 0.5157 0.4590 0.7234
vn 0.5666 0.5093 0.6478
vn 0.5497 0.5092 0.6622
vn 0.5328 0.5092 0.6759
vn 0.5668 0.5596 0.6047
vn 0.5667 0.5428 0.6199
vn 0.5666 0.5260 0.6342
vn 0.5499 0.5596 0.6201
vn 0.5498 0.5427 0.6349
vn 0.5497 0.5260 0.6489
vn 0.5329 0.5596 0.6347
vn 0.5329 0.5427 0.6492
vn 0.5329 0.5260 0.6629
vn 0.5161 0.5596 0.6485
vn 0.5160 0.5427 0.6627
vn 0.5159 0.5260 0.6761
vn 0.5668 0.5764 0.5886
vn 0.5499 0.5764 0.6044
vn 0.5330 0.5764 0.6194
vn 0.5672 0.6267 0.5343
vn 0.5670 0.6100 0.5535
vn 0.5669 0.5932 0.5716
vn 0.5502 0.6267 0.5518
vn 0.5501 0.6099 0.5704
vn 0.5500 0.5932 0.5879
vn 0.5332 0.6267 0.5682
vn 0.5332 0.6099 0.5863
vn 0.5331 0.5932 0.6033
vn 0.5163 0.6267 0.5836
vn 0.5162 0.6099 0.6012
vn 0.5162 0.5932 0.6179
vn 0.5673 0.6435 0.5139
vn 0.5503 0.6435 0.5320
vn 0.5334 0.6435 0.5490
vn 0.5676 0.6940 0.4430
vn 0.5675 0.6771 0.4684
vn 0.5674 0.6603 0.4920
vn 0.5507 0.6939 0.4639
vn 0.5506 0.6771 0.4883
vn 0.5505 0.6603 0.5109
vn 0.5337 0.6939 0.4833
vn 0.5336 0.6771 0.5067
vn 0.5335 0.6603 0.5286
vn 0.5168 0.6939 0.5014
vn 0.5167 0.6771 0.5241
vn 0.5165 0.6603 0.5452
vn 0.6349 -0.6268 0.4517
vn 0.6180 -0.6268 0.4746
vn 0.6010 -0.6268 0.4959
vn 0.6345 -0.5765 0.5148
vn 0.6346 -0.5933 0.4953
vn 0.6347 -0.6100 0.4743
vn 0.6177 -0.5764 0.5350
vn 0.6177 -0.5932 0.5162
vn 0.6179 -0.6100 0.4962
vn 0.6007 -0.5764 0.5539
vn 0.6008 -0.5932 0.5358
vn 0.6009 -0.6100 0.5165
vn 0.5838 -0.5764 0.5718
vn 0.5839 -0.5932 0.5542
vn 0.5840 -0.6100 0.5356
vn 0.6345 -0.5596 0.5331
vn 0.6176 -0.5596 0.5526
vn 0.6007 -0.5596 0.5710
vn 0.6343 -0.5093 0.5816
vn 0.6344 -0.5261 0.5664
vn 0.6345 -0.5428 0.5503
vn 0.6174 -0.5093 0.5996
vn 0.6175 -0.5260 0.5848
vn 0.6176 -0.5428 0.5692
vn 0.6004 -0.5092 0.6166
vn 0.6005 -0.5260 0.6022
vn 0.6006 -0.5428 0.5871
vn 0.5835 -0.5092 0.6326
vn 0.5836 -0.5260 0.6187
vn 0.5836 -0.5428 0.6039
vn 0.6342 -0.4925 0.5960
vn 0.6173 -0.4925 0.6135
vn 0.6003 -0.4925 0.6301
vn 0.6340 -0.4424 0.6343
vn 0.6341 -0.4591 0.6223
vn 0.6341 -0.4758 0.6095
vn 0.6170 -0.4424 0.6509
vn 0.6171 -0.4591 0.6391
vn 0.6172 -0.4758 0.6267
vn 0.6001 -0.4424 0.6665
vn 0.6002 -0.4591 0.6550
vn 0.6003 -0.4758 0.6429
vn 0.5832 -0.4423 0.6813
vn 0.5833 -0.4591 0.6701
vn 0.5833 -0.4758 0.6583
vn 0.6339 -0.4256 0.6458
vn 0.6169 -0.4256 0.6620
vn 0.6000 -0.4257 0.6773
vn 0.6337 -0.3754 0.6764
vn 0.6338 -0.3921 0.6668
vn 0.6338 -0.4089 0.6566
vn 0.6168 -0.3754 0.6918
vn 0.6168 -0.3922 0.6824
vn 0.6169 -0.4089 0.6725
vn 0.5999 -0.3754 0.7065
vn 0.6000 -0.3921 0.6973
vn 0.6000 -0.4089 0.6876
vn 0.5831 -0.3754 0.7205
vn 0.5831 -0.3921 0.7115
vn 0.5831 -0.4089 0.7020
vn 0.6337 -0.3587 0.6854
vn 0.6168 -0.3586 0.7007
vn 0.5999 -0.3586 0.7152
vn 0.6335 -0.3086 0.7095
vn 0.6336 -0.3252 0.7020
vn 0.6336 -0.3419 0.6940
vn 0.6166 -0.3086 0.7242
vn 0.6167 -0.3253 0.7169
vn 0.6167 -0.3419 0.7090
vn 0.5998 -0.3086 0.7383
vn 0.5998 -0.3252 0.7311
vn 0.5999 -0.3419 0.7234
vn 0.5829 -0.3086 0.7517
vn 0.5829 -0.3252 0.7446
vn 0.5830 -0.3419 0.7370
vn 0.6335 -0.2919 0.7166
vn 0.6166 -0.2918 0.7312
vn 0.5997 -0.2918 0.7451
vn 0.6333 -0.2418 0.7351
vn 0.6334 -0.2586 0.7294
vn 0.6334 -0.2752 0.7232
vn 0.6165 -0.2418 0.7493
vn 0.6165 -0.2586 0.7437
vn 0.6166 -0.2752 0.7376
vn 0.5997 -0.2418 0.7628
vn 0.5997 -0.2586 0.7573
vn 0.5997 -0.2752 0.7514
vn 0.5827 -0.2418 0.7758
vn 0.5828 -0.2586 0.7704
vn 0.5828 -0.2752 0.7646
vn 0.6333 -0.2252 0.7404
vn 0.6165 -0.2252 0.7545
vn 0.5996 -0.2252 0.7680
vn 0.6332 -0.1751 0.7539
vn 0.6333 -0.1917 0.7498
vn 0.6333 -0.2085 0.7453
vn 0.6164 -0.1751 0.7677
vn 0.6164 -0.1917 0.7637
vn 0.6165 -0.2085 0.7593
vn 0.5995 -0.1751 0.7810
vn 0.5996 -0.1917 0.7770
vn 0.5996 -0.2085 0.7727
vn 0.5827 -0.1751 0.7936
vn 0.5827 -0.1917 0.7898
vn 0.5827 -0.2085 0.7855
vn 0.6332 -0.1583 0.7576
vn 0.6164 -0.1583 0.7714
vn 0.5995 -0.1583 0.7845
vn 0.6332 -0.1084 0.7664
vn 0.6332 -0.1250 0.7638
vn 0.6332 -0.1416 0.7609
vn 0.6163 -0.1084 0.7800
vn 0.6164 -0.1250 0.7775
vn 0.6164 -0.1417 0.7746
vn 0.5995 -0.1084 0.7930
vn 0.5995 -0.1249 0.7906
vn 0.5995 -0.1417 0.7877
vn 0.5826 -0.1084 0.8055
vn 0.5826 -0.1250 0.8031
vn 0.5826 -0.1417 0.8003
vn 0.6332 -0.0917 0.7686
vn 0.6163 -0.0917 0.7821
vn 0.5995 -0.0917 0.7951
vn 0.6332 -0.0418 0.7729
vn 0.6332 -0.0584 0.7718
vn 0.6332 -0.0750 0.7704
vn 0.6163 -0.0418 0.7864
vn 0.6163 -0.0584 0.7853
vn 0.6163 -0.0751 0.7839
vn 0.5994 -0.0418 0.7993
vn 0.5994 -0.0584 0.7983
vn 0.5994 -0.0751 0.7969
vn 0.5825 -0.0418 0.8117
vn 0.5826 -0.0583 0.8107
vn 0.5826 -0.0751 0.8093
vn 0.6332 -0.0250 0.7736
vn 0.6163 -0.0250 0.7871
vn 0.5994 -0.0250 0.8001
vn 0.6332 0.0250 0.7736
vn 0.6331 0.0084 0.7740
vn 0.6331 -0.0084 0.7740
vn 0.6163 0.0250 0.7871
vn 0.6163 0.0084 0.7875
vn 0.6163 -0.0084 0.7875
vn 0.5994 0.0250 0.8001
vn 0.5994 0.0084 0.8004
vn 0.5994 -0.0084 0.8004
vn 0.5825 0.0250 0.8124
vn 0.5825 0.0084 0.8128
vn 0.5825 -0.0084 0.8128
vn 0.6332 0.0418 0.7729
vn 0.6163 0.0418 0.7864
vn 0.5994 0.0418 0.7993
vn 0.6332 0.0917 0.7686
vn 0.6332 0.0750 0.7704
vn 0.6332 0.0584 0.7718
vn 0.6163 0.0917 0.7821
vn 0.6163 0.0751 0.7839
vn 0.6163 0.0584 0.7853
vn 0.5995 0.0917 0.7951
vn 0.5994 0.0751 0.7969
vn 0.5994 0.0584 0.7983
vn 0.5826 0.0917 0.8076
vn 0.5826 0.0751 0.8093
vn 0.5826 0.0583 0.8107
vn 0.6332 0.1084 0.7664
vn 0.6163 0.1084 0.7800
vn 0.5995 0.1084 0.7930
vn 0.6332 0.1583 0.7576
vn 0.6332 0.1417 0.7609
vn 0.6332 0.1250 0.7638
vn 0.6164 0.1583 0.7714
vn 0.6164 0.1417 0.7746
vn 0.6164 0.1249 0.7775
vn 0.5995 0.1583 0.7845
vn 0.5995 0.1417 0.7877
vn 0.5995 0.1249 0.7906
vn 0.5827 0.1583 0.7972
vn 0.5826 0.1417 0.8003
vn 0.5826 0.1250 0.8031
vn 0.6332 0.1751 0.7539
vn 0.6164 0.1751 0.7677
vn 0.5995 0.1751 0.7810
vn 0.6333 0.2252 0.7404
vn 0.6333 0.2085 0.7453
vn 0.6333 0.1917 0.7498
vn 0.6165 0.2252 0.7545
vn 0.6165 0.2085 0.7593
vn 0.6164 0.1917 0.7637
vn 0.5996 0.2252 0.7680
vn 0.5996 0.2085 0.7727
vn 0.5996 0.1917 0.7770
vn 0.5827 0.2252 0.7809
vn 0.5827 0.2085 0.7855
vn 0.5827 0.1916 0.7898
vn 0.6333 0.2418 0.7351
vn 0.6165 0.2418 0.7493
vn 0.5996 0.2418 0.7629
vn 0.6335 0.2918 0.7166
vn 0.6334 0.2752 0.7232
vn 0.6334 0.2586 0.7294
vn 0.6166 0.2918 0.7312
vn 0.6166 0.2752 0.7376
vn 0.6165 0.2586 0.7437
vn 0.5997 0.2918 0.7451
vn 0.5997 0.2752 0.7514
vn 0.5997 0.2586 0.7573
vn 0.5829 0.2918 0.7584
vn 0.5828 0.2752 0.7646
vn 0.5828 0.2586 0.7704
vn 0.6335 0.3086 0.7095
vn 0.6166 0.3086 0.7242
vn 0.5998 0.3086 0.7383
vn 0.6337 0.3587 0.6854
vn 0.6336 0.3419 0.6940
vn 0.6336 0.3252 0.7020
vn 0.6168 0.3586 0.7007
vn 0.6167 0.3419 0.7090
vn 0.6167 0.3253 0.7169
vn 0.5999 0.3586 0.7152
vn 0.5999 0.3419 0.7234
vn 0.5998 0.3252 0.7311
vn 0.5830 0.3586 0.7290
vn 0.5830 0.3419 0.7370
vn 0.5829 0.3252 0.7446
vn 0.6337 0.3754 0.6764
vn 0.6168 0.3754 0.6918
vn 0.5999 0.3754 0.7065
vn 0.6339 0.4256 0.6458
vn 0.6338 0.4089 0.6566
vn 0.6338 0.3921 0.6668
vn 0.6170 0.4256 0.6620
vn 0.6169 0.4089 0.6725
vn 0.6168 0.3921 0.6824
vn 0.6000 0.4257 0.6773
vn 0.6000 0.4089 0.6876
vn 0.6000 0.3921 0.6973
vn 0.5831 0.4257 0.6919
vn 0.5831 0.4089 0.7020
vn 0.5831 0.3921 0.7115
vn 0.6340 0.4424 0.6343
vn 0.6170 0.4424 0.6509
vn 0.6001 0.4424 0.6665
vn 0.6342 0.4925 0.5960
vn 0.6341 0.4758 0.6095
vn 0.6341 0.4591 0.6223
vn 0.6173 0.4925 0.6135
vn 0.6172 0.4758 0.6267
vn 0.6171 0.4591 0.6391
vn 0.6003 0.4925 0.6301
vn 0.6003 0.4758 0.6429
vn 0.6002 0.4591 0.6550
vn 0.5834 0.4925 0.6458
vn 0.5833 0.4758 0.6583
vn 0.5833 0.4591 0.6701
vn 0.6343 0.5093 0.5816
vn 0.6174 0.5093 0.5996
vn 0.6004 0.5092 0.6166
vn 0.6345 0.5596 0.5331
vn 0.6345 0.5428 0.5503
vn 0.6344 0.5261 0.5664
vn 0.6176 0.5596 0.5526
vn 0.6176 0.5428 0.5692
vn 0.6175 0.5260 0.5848
vn 0.6007 0.5596 0.5710
vn 0.6006 0.5428 0.5871
vn 0.6005 0.5260 0.6022
vn 0.5837 0.5596 0.5883
vn 0.5836 0.5428 0.6039
vn 0.5836 0.5260 0.6187
vn 0.6345 0.5765 0.5148
vn 0.6177 0.5764 0.5350
vn 0.6007 0.5764 0.5539
vn 0.6349 0.6268 0.4517
vn 0.6347 0.6100 0.4743
vn 0.6346 0.5932 0.4953
vn 0.6180 0.6268 0.4746
vn 0.6179 0.6100 0.4962
vn 0.6177 0.5932 0.5162
vn 0.6010 0.6268 0.4959
vn 0.6009 0.6100 0.5165
vn 0.6008 0.5932 0.5358
vn 0.5841 0.6267 0.5158
vn 0.5840 0.6100 0.5356
vn 0.5839 0.5932 0.5542
vn 0.6350 0.6436 0.4272
vn 0.6181 0.6436 0.4514
vn 0.6011 0.6436 0.4738
vn 0.6356 0.6941 0.3380
vn 0.6354 0.6772 0.3709
vn 0.6352 0.6604 0.4004
vn 0.6186 0.6940 0.3683
vn 0.6184 0.6772 0.3987
vn 0.6182 0.6604 0.4262
vn 0.6016 0.6940 0.3955
vn 0.6014 0.6771 0.4240
vn 0.6013 0.6603 0.4499
vn 0.5846 0.6940 0.4203
vn 0.5845 0.6771 0.4471
vn 0.5843 0.6603 0.4717
vn 0.7026 -0.6272 0.3361
vn 0.6857 -0.6270 0.3696
vn 0.6688 -0.6269 0.3996
vn 0.7023 -0.5766 0.4175
vn 0.7024 -0.5935 0.3930
vn 0.7025 -0.6103 0.3661
vn 0.6853 -0.5766 0.4448
vn 0.6855 -0.5934 0.4219
vn 0.6856 -0.6102 0.3970
vn 0.6684 -0.5765 0.4699
vn 0.6685 -0.5933 0.4484
vn 0.6687 -0.6101 0.4250
vn 0.6515 -0.5765 0.4932
vn 0.6516 -0.5933 0.4727
vn 0.6517 -0.6101 0.4507
vn 0.7022 -0.5598 0.4399
vn 0.6852 -0.5598 0.4660
vn 0.6683 -0.5597 0.4900
vn 0.7019 -0.5094 0.4978
vn 0.7020 -0.5262 0.4799
vn 0.7021 -0.5429 0.4607
vn 0.6850 -0.5093 0.5209
vn 0.6851 -0.5261 0.5039
vn 0.6852 -0.5429 0.4856
vn 0.6681 -0.5093 0.5424
vn 0.6682 -0.5261 0.5261
vn 0.6683 -0.5429 0.5087
vn 0.6512 -0.5093 0.5626
vn 0.6513 -0.5261 0.5469
vn 0.6513 -0.5428 0.5302
vn 0.7018 -0.4926 0.5146
vn 0.6849 -0.4926 0.5369
vn 0.6680 -0.4926 0.5578
vn 0.7016 -0.4425 0.5586
vn 0.7016 -0.4592 0.5449
vn 0.7017 -0.4759 0.5302
vn 0.6847 -0.4424 0.5792
vn 0.6848 -0.4591 0.5659
vn 0.6849 -0.4758 0.5519
vn 0.6678 -0.4424 0.5986
vn 0.6679 -0.4591 0.5858
vn 0.6680 -0.4758 0.5722
vn 0.6509 -0.4424 0.6169
vn 0.6510 -0.4591 0.6045
vn 0.6511 -0.4758 0.5914
vn 0.7015 -0.4257 0.5715
vn 0.6846 -0.4257 0.5917
vn 0.6677 -0.4257 0.6107
vn 0.7014 -0.3755 0.6059
vn 0.7014 -0.3922 0.5951
vn 0.7014 -0.4090 0.5837
vn 0.6845 -0.3754 0.6249
vn 0.6845 -0.3922 0.6145
vn 0.6846 -0.4089 0.6034
vn 0.6676 -0.3754 0.6430
vn 0.6676 -0.3922 0.6328
vn 0.6677 -0.4089 0.6221
vn 0.6506 -0.3754 0.6601
vn 0.6507 -0.3922 0.6502
vn 0.6508 -0.4089 0.6398
vn 0.7013 -0.3587 0.6160
vn 0.6845 -0.3586 0.6347
vn 0.6675 -0.3587 0.6525
vn 0.7012 -0.3086 0.6427
vn 0.7013 -0.3253 0.6344
vn 0.7013 -0.3420 0.6255
vn 0.6842 -0.3086 0.6607
vn 0.6843 -0.3253 0.6526
vn 0.6844 -0.3420 0.6440
vn 0.6673 -0.3086 0.6778
vn 0.6674 -0.3253 0.6699
vn 0.6675 -0.3419 0.6615
vn 0.6504 -0.3086 0.6941
vn 0.6505 -0.3252 0.6864
vn 0.6505 -0.3419 0.6782
vn 0.7012 -0.2919 0.6505
vn 0.6842 -0.2919 0.6683
vn 0.6673 -0.2919 0.6852
vn 0.7010 -0.2418 0.6709
vn 0.7010 -0.2586 0.6646
vn 0.7011 -0.2752 0.6578
vn 0.6841 -0.2418 0.6882
vn 0.6841 -0.2586 0.6820
vn 0.6842 -0.2752 0.6754
vn 0.6671 -0.2418 0.7046
vn 0.6672 -0.2586 0.6986
vn 0.6672 -0.2752 0.6922
vn 0.6502 -0.2418 0.7202
vn 0.6503 -0.2586 0.7143
vn 0.6503 -0.2752 0.7081
vn 0.7009 -0.2252 0.6767
vn 0.6840 -0.2252 0.6938
vn 0.6671 -0.2252 0.7101
vn 0.7008 -0.1751 0.6915
vn 0.7009 -0.1917 0.6870
vn 0.7009 -0.2085 0.6821
vn 0.6839 -0.1751 0.7082
vn 0.6840 -0.1917 0.7039
vn 0.6840 -0.2085 0.6991
vn 0.6670 -0.1751 0.7242
vn 0.6670 -0.1917 0.7200
vn 0.6670 -0.2085 0.7152
vn 0.6501 -0.1751 0.7394
vn 0.6502 -0.1917 0.7352
vn 0.6502 -0.2085 0.7306
vn 0.7008 -0.1583 0.6955
vn 0.6839 -0.1583 0.7122
vn 0.6670 -0.1583 0.7281
vn 0.7007 -0.1084 0.7051
vn 0.7008 -0.1249 0.7024
vn 0.7008 -0.1417 0.6991
vn 0.6838 -0.1084 0.7216
vn 0.6838 -0.1249 0.7189
vn 0.6838 -0.1417 0.7157
vn 0.6669 -0.1084 0.7372
vn 0.6670 -0.1250 0.7345
vn 0.6670 -0.1417 0.7315
vn 0.6501 -0.1084 0.7521
vn 0.6501 -0.1250 0.7495
vn 0.6501 -0.1417 0.7465
vn 0.7007 -0.0917 0.7075
vn 0.6838 -0.0917 0.7239
vn 0.6669 -0.0917 0.7395
vn 0.7007 -0.0418 0.7123
vn 0.7007 -0.0583 0.7111
vn 0.7007 -0.0751 0.7095
vn 0.6838 -0.0418 0.7285
vn 0.6838 -0.0584 0.7273
vn 0.6838 -0.0751 0.7258
vn 0.6669 -0.0418 0.7440
vn 0.6669 -0.0584 0.7429
vn 0.6669 -0.0751 0.7413
vn 0.6500 -0.0418 0.7588
vn 0.6500 -0.0583 0.7577
vn 0.6500 -0.0751 0.7562
vn 0.7007 -0.0250 0.7131
vn 0.6838 -0.0250 0.7293
vn 0.6669 -0.0250 0.7448
vn 0.7007 0.0250 0.7131
vn 0.7007 0.0084 0.7134
vn 0.7007 -0.0084 0.7134
vn 0.6838 0.0250 0.7293
vn 0.6838 0.0084 0.7297
vn 0.6838 -0.0084 0.7297
vn 0.6669 0.0250 0.7448
vn 0.6669 0.0084 0.7451
vn 0.6669 -0.0084 0.7451
vn 0.6500 0.0250 0.7595
vn 0.6500 0.0084 0.7599
vn 0.6500 -0.0084 0.7599
vn 0.7007 0.0418 0.7123
vn 0.6838 0.0418 0.7285
vn 0.6669 0.0418 0.7440
vn 0.7007 0.0917 0.7075
vn 0.7007 0.0751 0.7095
vn 0.7007 0.0583 0.7111
vn 0.6838 0.0917 0.7239
vn 0.6838 0.0751 0.7258
vn 0.6838 0.0584 0.7273
vn 0.6669 0.0917 0.7395
vn 0.6669 0.0751 0.7413
vn 0.6669 0.0584 0.7429
vn 0.6501 0.0917 0.7543
vn 0.6500 0.0751 0.7562
vn 0.6500 0.0583 0.7577
vn 0.7007 0.1084 0.7051
vn 0.6838 0.1084 0.7216
vn 0.6669 0.1084 0.7372
vn 0.7008 0.1583 0.6955
vn 0.7008 0.1417 0.6991
vn 0.7008 0.1249 0.7024
vn 0.6839 0.1583 0.7122
vn 0.6838 0.1417 0.7157
vn 0.6838 0.1250 0.7189
vn 0.6670 0.1583 0.7281
vn 0.6670 0.1417 0.7315
vn 0.6670 0.1250 0.7345
vn 0.6501 0.1583 0.7431
vn 0.6501 0.1417 0.7465
vn 0.6501 0.1250 0.7495
vn 0.7008 0.1751 0.6915
vn 0.6839 0.1751 0.7082
vn 0.6670 0.1751 0.7242
vn 0.7009 0.2252 0.6767
vn 0.7009 0.2085 0.6821
vn 0.7009 0.1917 0.6870
vn 0.6840 0.2252 0.6938
vn 0.6840 0.2085 0.6991
vn 0.6840 0.1917 0.7039
vn 0.6671 0.2252 0.7101
vn 0.6670 0.2085 0.7153
vn 0.6670 0.1917 0.7199
vn 0.6502 0.2251 0.7256
vn 0.6502 0.2085 0.7306
vn 0.6502 0.1917 0.7352
vn 0.7010 0.2418 0.6709
vn 0.6841 0.2418 0.6882
vn 0.6671 0.2418 0.7046
vn 0.7012 0.2919 0.6505
vn 0.7011 0.2752 0.6578
vn 0.7010 0.2586 0.6646
vn 0.6842 0.2919 0.6683
vn 0.6842 0.2752 0.6754
vn 0.6841 0.2586 0.6820
vn 0.6673 0.2919 0.6852
vn 0.6672 0.2752 0.6922
vn 0.6672 0.2586 0.6986
vn 0.6504 0.2919 0.7013
vn 0.6503 0.2752 0.7081
vn 0.6503 0.2586 0.7143
vn 0.7012 0.3086 0.6427
vn 0.6842 0.3086 0.6607
vn 0.6673 0.3086 0.6778
vn 0.7013 0.3587 0.6160
vn 0.7013 0.3420 0.6255
vn 0.7013 0.3253 0.6344
vn 0.6845 0.3586 0.6347
vn 0.6844 0.3420 0.6440
vn 0.6843 0.3253 0.6526
vn 0.6675 0.3587 0.6525
vn 0.6675 0.3419 0.6615
vn 0.6674 0.3253 0.6699
vn 0.6506 0.3587 0.6694
vn 0.6505 0.3419 0.6781
vn 0.6505 0.3252 0.6864
vn 0.7014 0.3755 0.6059
vn 0.6845 0.3754 0.6249
vn 0.6676 0.3754 0.6430
vn 0.7015 0.4257 0.5715
vn 0.7015 0.4090 0.5837
vn 0.7014 0.3922 0.5951
vn 0.6846 0.4257 0.5917
vn 0.6846 0.4089 0.6034
vn 0.6845 0.3922 0.6145
vn 0.6677 0.4257 0.6107
vn 0.6677 0.4089 0.6221
vn 0.6676 0.3922 0.6328
vn 0.6508 0.4257 0.6287
vn 0.6508 0.4089 0.6398
vn 0.6507 0.3922 0.6502
vn 0.7016 0.4425 0.5586
vn 0.6847 0.4424 0.5792
vn 0.6678 0.4424 0.5986
vn 0.7018 0.4926 0.5146
vn 0.7017 0.4759 0.5302
vn 0.7016 0.4592 0.5449
vn 0.6849 0.4926 0.5369
vn 0.6849 0.4758 0.5519
vn 0.6848 0.4591 0.5659
vn 0.6680 0.4926 0.5578
vn 0.6679 0.4758 0.5722
vn 0.6679 0.4591 0.5858
vn 0.6512 0.4925 0.5774
vn 0.6511 0.4758 0.5914
vn 0.6510 0.4591 0.6045
vn 0.7019 0.5094 0.4978
vn 0.6850 0.5093 0.5209
vn 0.6681 0.5093 0.5424
vn 0.7022 0.5598 0.4399
vn 0.7021 0.5429 0.4607
vn 0.7020 0.5262 0.4799
vn 0.6852 0.5597 0.4660
vn 0.6852 0.5429 0.4856
vn 0.6851 0.5261 0.5038
vn 0.6683 0.5597 0.4900
vn 0.6683 0.5429 0.5087
vn 0.6682 0.5261 0.5261
vn 0.6514 0.5597 0.5123
vn 0.6513 0.5428 0.5302
vn 0.6513 0.5261 0.5469
vn 0.7023 0.5767 0.4175
vn 0.6853 0.5766 0.4448
vn 0.6684 0.5765 0.4699
vn 0.7026 0.6272 0.3361
vn 0.7025 0.6103 0.3661
vn 0.7024 0.5935 0.3930
vn 0.6857 0.6270 0.3696
vn 0.6856 0.6102 0.3970
vn 0.6855 0.5934 0.4219
vn 0.6688 0.6269 0.3996
vn 0.6687 0.6101 0.4250
vn 0.6685 0.5933 0.4484
vn 0.6518 0.6269 0.4268
vn 0.6517 0.6101 0.4507
vn 0.6516 0.5933 0.4727
vn 0.7028 0.6441 0.3019
vn 0.6859 0.6439 0.3391
vn 0.6690 0.6437 0.3716
vn 0.7051 0.6979 0.1254
vn 0.7035 0.6785 0.2118
vn 0.7031 0.6611 0.2619
vn 0.6871 0.6948 0.2126
vn 0.6865 0.6777 0.2636
vn 0.6861 0.6608 0.3044
vn 0.6698 0.6943 0.2631
vn 0.6694 0.6774 0.3049
vn 0.6692 0.6606 0.3404
vn 0.6527 0.6942 0.3035
vn 0.6524 0.6773 0.3400
vn 0.6522 0.6605 0.3720
vn -0.5846 -0.6940 0.4203
vn -0.6016 -0.6940 0.3955
vn -0.6186 -0.6940 0.3683
vn -0.5842 -0.6435 0.4945
vn -0.5843 -0.6603 0.4717
vn -0.5845 -0.6771 0.4471
vn -0.6011 -0.6436 0.4738
vn -0.6013 -0.6603 0.4499
vn -0.6014 -0.6772 0.4240
vn -0.6181 -0.6436 0.4514
vn -0.6182 -0.6604 0.4262
vn -0.6184 -0.6772 0.3987
vn -0.6350 -0.6436 0.4272
vn -0.6352 -0.6604 0.4004
vn -0.6354 -0.6772 0.3709
vn -0.5168 -0.6939 0.5014
vn -0.5337 -0.6939 0.4833
vn -0.5507 -0.6939 0.4639
vn -0.5164 -0.6435 0.5650
vn -0.5165 -0.6603 0.5452
vn -0.5167 -0.6771 0.5241
vn -0.5334 -0.6435 0.5490
vn -0.5335 -0.6603 0.5286
vn -0.5336 -0.6771 0.5067
vn -0.5503 -0.6435 0.5320
vn -0.5505 -0.6603 0.5109
vn -0.5506 -0.6771 0.4883
vn -0.5673 -0.6435 0.5139
vn -0.5674 -0.6603 0.4920
vn -0.5675 -0.6771 0.4684
vn -0.4490 -0.6939 0.5630
vn -0.4659 -0.6939 0.5490
vn -0.4828 -0.6939 0.5342
vn -0.4487 -0.6435 0.6202
vn -0.4488 -0.6602 0.6022
vn -0.4489 -0.6771 0.5832
vn -0.4657 -0.6435 0.6076
vn -0.4657 -0.6602 0.5892
vn -0.4658 -0.6771 0.5697
vn -0.4826 -0.6435 0.5942
vn -0.4827 -0.6602 0.5754
vn -0.4827 -0.6771 0.5555
vn -0.4995 -0.6435 0.5800
vn -0.4996 -0.6602 0.5608
vn -0.4997 -0.6771 0.5403
vn -0.3811 -0.6939 0.6109
vn -0.3981 -0.6939 0.6000
vn -0.4151 -0.6939 0.5884
vn -0.3809 -0.6435 0.6640
vn -0.3810 -0.6602 0.6473
vn -0.3811 -0.6770 0.6296
vn -0.3979 -0.6435 0.6540
vn -0.3979 -0.6602 0.6370
vn -0.3980 -0.6770 0.6190
vn -0.4148 -0.6435 0.6434
vn -0.4149 -0.6602 0.6261
vn -0.4150 -0.6770 0.6078
vn -0.4318 -0.6435 0.6321
vn -0.4319 -0.6602 0.6145
vn -0.4320 -0.6770 0.5958
vn -0.3134 -0.6939 0.6483
vn -0.3304 -0.6939 0.6398
vn -0.3473 -0.6939 0.6308
vn -0.3133 -0.6435 0.6984
vn -0.3133 -0.6602 0.6826
vn -0.3134 -0.6770 0.6659
vn -0.3302 -0.6435 0.6906
vn -0.3303 -0.6602 0.6746
vn -0.3303 -0.6770 0.6577
vn -0.3471 -0.6434 0.6823
vn -0.3472 -0.6602 0.6660
vn -0.3472 -0.6770 0.6489
vn -0.3640 -0.6435 0.6734
vn -0.3641 -0.6602 0.6569
vn -0.3641 -0.6770 0.6396
vn -0.2456 -0.6939 0.6769
vn -0.2625 -0.6939 0.6705
vn -0.2795 -0.6939 0.6636
vn -0.2455 -0.6434 0.7251
vn -0.2455 -0.6602 0.7098
vn -0.2456 -0.6770 0.6938
vn -0.2624 -0.6434 0.7191
vn -0.2624 -0.6602 0.7037
vn -0.2625 -0.6770 0.6876
vn -0.2793 -0.6434 0.7127
vn -0.2794 -0.6602 0.6972
vn -0.2795 -0.6770 0.6808
vn -0.2963 -0.6434 0.7058
vn -0.2964 -0.6602 0.6901
vn -0.2964 -0.6770 0.6736
vn -0.1779 -0.6939 0.6978
vn -0.1948 -0.6939 0.6932
vn -0.2117 -0.6939 0.6883
vn -0.1778 -0.6434 0.7446
vn -0.1779 -0.6602 0.7297
vn -0.1779 -0.6770 0.7141
vn -0.1948 -0.6434 0.7403
vn -0.1948 -0.6602 0.7254
vn -0.1948 -0.6770 0.7097
vn -0.2116 -0.6434 0.7357
vn -0.2117 -0.6602 0.7206
vn -0.2117 -0.6770 0.7049
vn -0.2286 -0.6434 0.7306
vn -0.2286 -0.6602 0.7154
vn -0.2286 -0.6770 0.6995
vn -0.1101 -0.6939 0.7116
vn -0.1270 -0.6939 0.7088
vn -0.1440 -0.6939 0.7055
vn -0.1100 -0.6434 0.7575
vn -0.1100 -0.6602 0.7430
vn -0.1100 -0.6770 0.7277
vn -0.1270 -0.6434 0.7549
vn -0.1270 -0.6602 0.7403
vn -0.1270 -0.6770 0.7249
vn -0.1439 -0.6434 0.7519
vn -0.1439 -0.6602 0.7372
vn -0.1440 -0.6770 0.7218
vn -0.1609 -0.6434 0.7484
vn -0.1609 -0.6602 0.7336
vn -0.1609 -0.6770 0.7181
vn -0.0424 -0.6939 0.7189
vn -0.0593 -0.6939 0.7177
vn -0.0762 -0.6939 0.7161
vn -0.0424 -0.6434 0.7643
vn -0.0424 -0.6602 0.7499
vn -0.0424 -0.6770 0.7347
vn -0.0593 -0.6434 0.7632
vn -0.0593 -0.6602 0.7487
vn -0.0593 -0.6770 0.7336
vn -0.0762 -0.6434 0.7617
vn -0.0762 -0.6602 0.7472
vn -0.0762 -0.6770 0.7320
vn -0.0931 -0.6434 0.7598
vn -0.0931 -0.6602 0.7453
vn -0.0931 -0.6770 0.7301
vn 0.0254 -0.6939 0.7197
vn 0.0085 -0.6939 0.7201
vn -0.0085 -0.6939 0.7201
vn 0.0255 -0.6434 0.7651
vn 0.0254 -0.6602 0.7507
vn 0.0254 -0.6770 0.7355
vn 0.0085 -0.6434 0.7655
vn 0.0085 -0.6602 0.7510
vn 0.0085 -0.6770 0.7359
vn -0.0085 -0.6434 0.7654
vn -0.0085 -0.6602 0.7510
vn -0.0085 -0.6770 0.7359
vn -0.0255 -0.6434 0.7651
vn -0.0254 -0.6602 0.7507
vn -0.0254 -0.6770 0.7355
vn 0.0932 -0.6939 0.7141
vn 0.0762 -0.6939 0.7161
vn 0.0593 -0.6939 0.7177
vn 0.0931 -0.6434 0.7598
vn 0.0931 -0.6602 0.7453
vn 0.0931 -0.6770 0.7301
vn 0.0762 -0.6434 0.7617
vn 0.0762 -0.6602 0.7472
vn 0.0762 -0.6770 0.7320
vn 0.0593 -0.6434 0.7632
vn 0.0593 -0.6602 0.7487
vn 0.0593 -0.6770 0.7336
vn 0.0424 -0.6434 0.7643
vn 0.0424 -0.6602 0.7499
vn 0.0424 -0.6770 0.7347
vn 0.1610 -0.6939 0.7019
vn 0.1440 -0.6939 0.7055
vn 0.1270 -0.6939 0.7088
vn 0.1609 -0.6434 0.7484
vn 0.1609 -0.6602 0.7336
vn 0.1609 -0.6770 0.7181
vn 0.1439 -0.6434 0.7519
vn 0.1439 -0.6602 0.7372
vn 0.1440 -0.6770 0.7218
vn 0.1270 -0.6434 0.7549
vn 0.1270 -0.6602 0.7403
vn 0.1270 -0.6770 0.7249
vn 0.1100 -0.6434 0.7576
vn 0.1100 -0.6602 0.7430
vn 0.1100 -0.6770 0.7277
vn 0.2287 -0.6939 0.6828
vn 0.2117 -0.6939 0.6883
vn 0.1948 -0.6939 0.6932
vn 0.2286 -0.6434 0.7306
vn 0.2286 -0.6602 0.7154
vn 0.2286 -0.6770 0.6996
vn 0.2116 -0.6434 0.7357
vn 0.2117 -0.6602 0.7206
vn 0.2117 -0.6770 0.7049
vn 0.1948 -0.6434 0.7403
vn 0.1948 -0.6602 0.7254
vn 0.1948 -0.6770 0.7097
vn 0.1778 -0.6434 0.7446
vn 0.1779 -0.6602 0.7297
vn 0.1779 -0.6770 0.7141
vn 0.2965 -0.6939 0.6562
vn 0.2795 -0.6939 0.6636
vn 0.2626 -0.6939 0.6705
vn 0.2963 -0.6434 0.7058
vn 0.2964 -0.6602 0.6901
vn 0.2964 -0.6770 0.6736
vn 0.2793 -0.6434 0.7127
vn 0.2794 -0.6602 0.6972
vn 0.2795 -0.6770 0.6808
vn 0.2624 -0.6434 0.7191
vn 0.2624 -0.6602 0.7037
vn 0.2625 -0.6770 0.6876
vn 0.2455 -0.6434 0.7251
vn 0.2455 -0.6602 0.7098
vn 0.2456 -0.6770 0.6938
vn 0.3642 -0.6939 0.6212
vn 0.3473 -0.6939 0.6308
vn 0.3304 -0.6939 0.6398
vn 0.3640 -0.6435 0.6734
vn 0.3641 -0.6602 0.6569
vn 0.3641 -0.6770 0.6396
vn 0.3471 -0.6435 0.6823
vn 0.3472 -0.6602 0.6660
vn 0.3472 -0.6770 0.6489
vn 0.3302 -0.6435 0.6906
vn 0.3303 -0.6602 0.6746
vn 0.3303 -0.6770 0.6577
vn 0.3133 -0.6435 0.6984
vn 0.3133 -0.6602 0.6826
vn 0.3134 -0.6770 0.6659
vn 0.4320 -0.6939 0.5761
vn 0.4151 -0.6939 0.5884
vn 0.3981 -0.6939 0.6000
vn 0.4318 -0.6435 0.6321
vn 0.4319 -0.6602 0.6145
vn 0.4320 -0.6770 0.5958
vn 0.4148 -0.6435 0.6434
vn 0.4149 -0.6602 0.6261
vn 0.4150 -0.6770 0.6078
vn 0.3979 -0.6435 0.6540
vn 0.3979 -0.6602 0.6370
vn 0.3980 -0.6770 0.6190
vn 0.3809 -0.6435 0.6640
vn 0.3810 -0.6602 0.6473
vn 0.3811 -0.6770 0.6296
vn 0.4998 -0.6939 0.5184
vn 0.4828 -0.6939 0.5342
vn 0.4659 -0.6939 0.5490
vn 0.4995 -0.6435 0.5800
vn 0.4996 -0.6602 0.5608
vn 0.4997 -0.6771 0.5403
vn 0.4826 -0.6435 0.5942
vn 0.4827 -0.6602 0.5754
vn 0.4827 -0.6771 0.5555
vn 0.4657 -0.6435 0.6076
vn 0.4657 -0.6603 0.5892
vn 0.4658 -0.6771 0.5697
vn 0.4487 -0.6435 0.6202
vn 0.4488 -0.6602 0.6022
vn 0.4489 -0.6771 0.5832
vn 0.5676 -0.6940 0.4430
vn 0.5507 -0.6939 0.4639
vn 0.5337 -0.6939 0.4833
vn 0.5673 -0.6435 0.5139
vn 0.5674 -0.6603 0.4920
vn 0.5675 -0.6771 0.4684
vn 0.5503 -0.6435 0.5320
vn 0.5505 -0.6603 0.5109
vn 0.5506 -0.6771 0.4883
vn 0.5334 -0.6435 0.5490
vn 0.5335 -0.6603 0.5286
vn 0.5336 -0.6771 0.5067
vn 0.5164 -0.6435 0.5650
vn 0.5165 -0.6603 0.5452
vn 0.5167 -0.6771 0.5241
vn 0.6356 -0.6941 0.3380
vn 0.6186 -0.6940 0.3683
vn 0.6016 -0.6940 0.3955
vn 0.6350 -0.6436 0.4272
vn 0.6352 -0.6604 0.4004
vn 0.6354 -0.6772 0.3709
vn 0.6181 -0.6436 0.4514
vn 0.6182 -0.6604 0.4262
vn 0.6184 -0.6772 0.3987
vn 0.6011 -0.6436 0.4738
vn 0.6013 -0.6603 0.4499
vn 0.6014 -0.6771 0.4240
vn 0.5842 -0.6435 0.4945
vn 0.5843 -0.6603 0.4717
vn 0.5845 -0.6771 0.4471
vn 0.7051 -0.6979 0.1254
vn 0.6871 -0.6948 0.2126
vn 0.6698 -0.6943 0.2631
vn 0.7028 -0.6441 0.3019
vn 0.7031 -0.6611 0.2619
vn 0.7035 -0.6784 0.2118
vn 0.6859 -0.6439 0.3391
vn 0.6861 -0.6608 0.3044
vn 0.6865 -0.6777 0.2636
vn 0.6690 -0.6437 0.3716
vn 0.6692 -0.6606 0.3404
vn 0.6694 -0.6774 0.3049
vn 0.6520 -0.6437 0.4007
vn 0.6522 -0.6605 0.3720
vn 0.6524 -0.6773 0.3400
vn -0.6527 -0.6942 0.3035
vn -0.6698 -0.6943 0.2631
vn -0.6871 -0.6948 0.2126
vn -0.6520 -0.6437 0.4007
vn -0.6522 -0.6605 0.3720
vn -0.6524 -0.6773 0.3400
vn -0.6690 -0.6437 0.3716
vn -0.6692 -0.6606 0.3404
vn -0.6694 -0.6774 0.3049
vn -0.6859 -0.6439 0.3391
vn -0.6861 -0.6608 0.3044
vn -0.6865 -0.6777 0.2636
vn -0.7028 -0.6441 0.3019
vn -0.7031 -0.6611 0.2619
vn -0.7035 -0.6785 0.2118
usemtl Material.001
s off
f 7225/1/1 493/2/1 4/3/1 677/4/1
f 7216/5/2 739/6/2 84/7/2 494/8/2
f 7207/9/3 802/10/3 83/11/3 734/12/3
f 7198/13/4 865/14/4 82/15/4 731/16/4
f 7189/17/5 928/18/5 81/19/5 728/20/5
f 7180/21/6 991/22/6 80/23/6 725/24/6
f 7171/25/7 1054/26/7 79/27/7 722/28/7
f 7162/29/8 1117/30/8 78/31/8 719/32/8
f 7153/33/9 1180/34/9 77/35/9 716/36/9
f 7144/37/10 1243/38/10 76/39/10 713/40/10
f 7135/41/11 1306/42/11 75/43/11 710/44/11
f 7126/45/12 1369/46/12 74/47/12 707/48/12
f 7117/49/13 1432/50/13 73/51/13 704/52/13
f 7108/53/14 1495/54/14 72/55/14 701/56/14
f 7099/57/15 1558/58/15 71/59/15 698/60/15
f 7090/61/16 1621/62/16 70/63/16 695/64/16
f 7081/65/17 1684/66/17 69/67/17 692/68/17
f 7072/69/18 1747/70/18 68/71/18 689/72/18
f 7063/73/19 1810/74/19 67/75/19 686/76/19
f 7054/77/20 1873/78/20 66/79/20 683/80/20
f 7045/81/21 1936/82/21 65/83/21 680/84/21
f 7036/85/22 742/86/22 85/87/22 1997/88/22
f 7027/89/23 745/90/23 86/91/23 2000/92/23
f 7018/93/24 748/94/24 87/95/24 2003/96/24
f 7009/97/25 751/98/25 88/99/25 2006/100/25
f 7000/101/26 754/102/26 89/103/26 2009/104/26
f 6991/105/27 757/106/27 90/107/27 2012/108/27
f 6982/109/28 760/110/28 91/111/28 2015/112/28
f 6973/113/29 763/114/29 92/115/29 2018/116/29
f 6964/117/30 766/118/30 93/119/30 2021/120/30
f 6955/121/31 769/122/31 94/123/31 2024/124/31
f 6946/125/32 772/126/32 95/127/32 2027/128/32
f 6937/129/33 775/130/33 96/131/33 2030/132/33
f 6928/133/34 778/134/34 97/135/34 2033/136/34
f 6919/137/35 781/138/35 98/139/35 2036/140/35
f 6910/141/36 784/142/36 99/143/36 2039/144/36
f 6901/145/37 787/146/37 100/147/37 2042/148/37
f 6892/149/38 790/150/38 101/151/38 2045/152/38
f 6883/153/39 793/154/39 102/155/39 2048/156/39
f 6874/157/40 796/158/40 103/159/40 2051/160/40
f 6865/161/41 799/162/41 104/163/41 2054/164/41
f 6856/165/42 805/166/42 105/167/42 2057/168/42
f 6847/169/43 808/170/43 106/171/43 2060/172/43
f 6838/173/44 811/174/44 107/175/44 2063/176/44
f 6829/177/45 814/178/45 108/179/45 2066/180/45
f 6820/181/46 817/182/46 109/183/46 2069/184/46
f 6811/185/47 820/186/47 110/187/47 2072/188/47
f 6802/189/48 823/190/48 111/191/48 2075/192/48
f 6793/193/49 826/194/49 112/195/49 2078/196/49
f 6784/197/50 829/198/50 113/199/50 2081/200/50
f 6775/201/51 832/202/51 114/203/51 2084/204/51
f 6766/205/52 835/206/52 115/207/52 2087/208/52
f 6757/209/53 838/210/53 116/211/53 2090/212/53
f 6748/213/54 841/214/54 117/215/54 2093/216/54
f 6739/217/55 844/218/55 118/219/55 2096/220/55
f 6730/221/56 847/222/56 119/223/56 2099/224/56
f 6721/225/57 850/226/57 120/227/57 2102/228/57
f 6712/229/58 853/230/58 121/231/58 2105/232/58
f 6703/233/59 856/234/59 122/235/59 2108/236/59
f 6694/237/60 859/238/60 123/239/60 2111/240/60
f 6685/241/61 862/242/61 124/243/61 2114/244/61
f 6676/245/62 868/246/62 125/247/62 2117/248/62
f 6667/249/63 871/250/63 126/251/63 2120/252/63
f 6658/253/64 874/254/64 127/255/64 2123/256/64
f 6649/257/65 877/258/65 128/259/65 2126/260/65
f 6640/261/66 880/262/66 129/263/66 2129/264/66
f 6631/265/67 883/266/67 130/267/67 2132/268/67
f 6622/269/68 886/270/68 131/271/68 2135/272/68
f 6613/273/69 889/274/69 132/275/69 2138/276/69
f 6604/277/70 892/278/70 133/279/70 2141/280/70
f 6595/281/71 895/282/71 134/283/71 2144/284/71
f 6586/285/72 898/286/72 135/287/72 2147/288/72
f 6577/289/73 901/290/73 136/291/73 2150/292/73
f 6568/293/74 904/294/74 137/295/74 2153/296/74
f 6559/297/75 907/298/75 138/299/75 2156/300/75
f 6550/301/76 910/302/76 139/303/76 2159/304/76
f 6541/305/77 913/306/77 140/307/77 2162/308/77
f 6532/309/78 916/310/78 141/311/78 2165/312/78
f 6523/313/79 919/314/79 142/315/79 2168/316/79
f 6514/317/80 922/318/80 143/319/80 2171/320/80
f 6505/321/81 925/322/81 144/323/81 2174/324/81
f 6496/325/82 931/326/82 145/327/82 2177/328/82
f 6487/329/83 934/330/83 146/331/83 2180/332/83
f 6478/333/84 937/334/84 147/335/84 2183/336/84
f 6469/337/85 940/338/85 148/339/85 2186/340/85
f 6460/341/86 943/342/86 149/343/86 2189/344/86
f 6451/345/87 946/346/87 150/347/87 2192/348/87
f 6442/349/88 949/350/88 151/351/88 2195/352/88
f 6433/353/89 952/354/89 152/355/89 2198/356/89
f 6424/357/90 955/358/90 153/359/90 2201/360/90
f 6415/361/91 958/362/91 154/363/91 2204/364/91
f 6406/365/92 961/366/92 155/367/92 2207/368/92
f 6397/369/93 964/370/93 156/371/93 2210/372/93
f 6388/373/94 967/374/94 157/375/94 2213/376/94
f 6379/377/95 970/378/95 158/379/95 2216/380/95
f 6370/381/96 973/382/96 159/383/96 2219/384/96
f 6361/385/97 976/386/97 160/387/97 2222/388/97
f 6352/389/98 979/390/98 161/391/98 2225/392/98
f 6343/393/99 982/394/99 162/395/99 2228/396/99
f 6334/397/100 985/398/100 163/399/100 2231/400/100
f 6325/401/101 988/402/101 164/403/101 2234/404/101
f 6316/405/102 994/406/102 165/407/102 2237/408/102
f 6307/409/103 997/410/103 166/411/103 2240/412/103
f 6298/413/104 1000/414/104 167/415/104 2243/416/104
f 6289/417/105 1003/418/105 168/419/105 2246/420/105
f 6280/421/106 1006/422/106 169/423/106 2249/424/106
f 6271/425/107 1009/426/107 170/427/107 2252/428/107
f 6262/429/108 1012/430/108 171/431/108 2255/432/108
f 6253/433/109 1015/434/109 172/435/109 2258/436/109
f 6244/437/110 1018/438/110 173/439/110 2261/440/110
f 6235/441/111 1021/442/111 174/443/111 2264/444/111
f 6226/445/112 1024/446/112 175/447/112 2267/448/112
f 6217/449/113 1027/450/113 176/451/113 2270/452/113
f 6208/453/114 1030/454/114 177/455/114 2273/456/114
f 6199/457/115 1033/458/115 178/459/115 2276/460/115
f 6190/461/116 1036/462/116 179/463/116 2279/464/116
f 6181/465/117 1039/466/117 180/467/117 2282/468/117
f 6172/469/118 1042/470/118 181/471/118 2285/472/118
f 6163/473/119 1045/474/119 182/475/119 2288/476/119
f 6154/477/120 1048/478/120 183/479/120 2291/480/120
f 6145/481/121 1051/482/121 184/483/121 2294/484/121
f 6136/485/122 1057/486/122 185/487/122 2297/488/122
f 6127/489/123 1060/490/123 186/491/123 2300/492/123
f 6118/493/124 1063/494/124 187/495/124 2303/496/124
f 6109/497/125 1066/498/125 188/499/125 2306/500/125
f 6100/501/126 1069/502/126 189/503/126 2309/504/126
f 6091/505/127 1072/506/127 190/507/127 2312/508/127
f 6082/509/128 1075/510/128 191/511/128 2315/512/128
f 6073/513/129 1078/514/129 192/515/129 2318/516/129
f 6064/517/130 1081/518/130 193/519/130 2321/520/130
f 6055/521/131 1084/522/131 194/523/131 2324/524/131
f 6046/525/132 1087/526/132 195/527/132 2327/528/132
f 6037/529/133 1090/530/133 196/531/133 2330/532/133
f 6028/533/134 1093/534/134 197/535/134 2333/536/134
f 6019/537/135 1096/538/135 198/539/135 2336/540/135
f 6010/541/136 1099/542/136 199/543/136 2339/544/136
f 6001/545/137 1102/546/137 200/547/137 2342/548/137
f 5992/549/138 1105/550/138 201/551/138 2345/552/138
f 5983/553/139 1108/554/139 202/555/139 2348/556/139
f 5974/557/140 1111/558/140 203/559/140 2351/560/140
f 5965/561/141 1114/562/141 204/563/141 2354/564/141
f 5956/565/142 1120/566/142 205/567/142 2357/568/142
f 5947/569/143 1123/570/143 206/571/143 2360/572/143
f 5938/573/144 1126/574/144 207/575/144 2363/576/144
f 5929/577/145 1129/578/145 208/579/145 2366/580/145
f 5920/581/146 1132/582/146 209/583/146 2369/584/146
f 5911/585/147 1135/586/147 210/587/147 2372/588/147
f 5902/589/148 1138/590/148 211/591/148 2375/592/148
f 5893/593/149 1141/594/149 212/595/149 2378/596/149
f 5884/597/150 1144/598/150 213/599/150 2381/600/150
f 5875/601/151 1147/602/151 214/603/151 2384/604/151
f 5866/605/152 1150/606/152 215/607/152 2387/608/152
f 5857/609/153 1153/610/153 216/611/153 2390/612/153
f 5848/613/154 1156/614/154 217/615/154 2393/616/154
f 5839/617/155 1159/618/155 218/619/155 2396/620/155
f 5830/621/156 1162/622/156 219/623/156 2399/624/156
f 5821/625/157 1165/626/157 220/627/157 2402/628/157
f 5812/629/158 1168/630/158 221/631/158 2405/632/158
f 5803/633/159 1171/634/159 222/635/159 2408/636/159
f 5794/637/160 1174/638/160 223/639/160 2411/640/160
f 5785/641/161 1177/642/161 224/643/161 2414/644/161
f 5776/645/162 1183/646/162 225/647/162 2417/648/162
f 5767/649/163 1186/650/163 226/651/163 2420/652/163
f 5758/653/164 1189/654/164 227/655/164 2423/656/164
f 5749/657/165 1192/658/165 228/659/165 2426/660/165
f 5740/661/166 1195/662/166 229/663/166 2429/664/166
f 5731/665/167 1198/666/167 230/667/167 2432/668/167
f 5722/669/168 1201/670/168 231/671/168 2435/672/168
f 5713/673/169 1204/674/169 232/675/169 2438/676/169
f 5704/677/170 1207/678/170 233/679/170 2441/680/170
f 5695/681/171 1210/682/171 234/683/171 2444/684/171
f 5686/685/172 1213/686/172 235/687/172 2447/688/172
f 5677/689/173 1216/690/173 236/691/173 2450/692/173
f 5668/693/174 1219/694/174 237/695/174 2453/696/174
f 5659/697/175 1222/698/175 238/699/175 2456/700/175
f 5650/701/176 1225/702/176 239/703/176 2459/704/176
f 5641/705/177 1228/706/177 240/707/177 2462/708/177
f 5632/709/178 1231/710/178 241/711/178 2465/712/178
f 5623/713/179 1234/714/179 242/715/179 2468/716/179
f 5614/717/180 1237/718/180 243/719/180 2471/720/180
f 5605/721/181 1240/722/181 244/723/181 2474/724/181
f 5596/725/182 1246/726/182 245/727/182 2477/728/182
f 5587/729/183 1249/730/183 246/731/183 2480/732/183
f 5578/733/184 1252/734/184 247/735/184 2483/736/184
f 5569/737/185 1255/738/185 248/739/185 2486/740/185
f 5560/741/186 1258/742/186 249/743/186 2489/744/186
f 5551/745/187 1261/746/187 250/747/187 2492/748/187
f 5542/749/188 1264/750/188 251/751/188 2495/752/188
f 5533/753/189 1267/754/189 252/755/189 2498/756/189
f 5524/757/190 1270/758/190 253/759/190 2501/760/190
f 5515/761/191 1273/762/191 254/763/191 2504/764/191
f 5506/765/192 1276/766/192 255/767/192 2507/768/192
f 5497/769/193 1279/770/193 256/771/193 2510/772/193
f 5488/773/194 1282/774/194 257/775/194 2513/776/194
f 5479/777/195 1285/778/195 258/779/195 2516/780/195
f 5470/781/196 1288/782/196 259/783/196 2519/784/196
f 5461/785/197 1291/786/197 260/787/197 2522/788/197
f 5452/789/198 1294/790/198 261/791/198 2525/792/198
f 5443/793/199 1297/794/199 262/795/199 2528/796/199
f 5434/797/200 1300/798/200 263/799/200 2531/800/200
f 5425/801/201 1303/802/201 264/803/201 2534/804/201
f 5416/805/202 1309/806/202 265/807/202 2537/808/202
f 5407/809/203 1312/810/203 266/811/203 2540/812/203
f 5398/813/204 1315/814/204 267/815/204 2543/816/204
f 5389/817/205 1318/818/205 268/819/205 2546/820/205
f 5380/821/206 1321/822/206 269/823/206 2549/824/206
f 5371/825/207 1324/826/207 270/827/207 2552/828/207
f 5362/829/208 1327/830/208 271/831/208 2555/832/208
f 5353/833/209 1330/834/209 272/835/209 2558/836/209
f 5344/837/210 1333/838/210 273/839/210 2561/840/210
f 5335/841/211 1336/842/211 274/843/211 2564/844/211
f 5326/845/212 1339/846/212 275/847/212 2567/848/212
f 5317/849/213 1342/850/213 276/851/213 2570/852/213
f 5308/853/214 1345/854/214 277/855/214 2573/856/214
f 5299/857/215 1348/858/215 278/859/215 2576/860/215
f 5290/861/216 1351/862/216 279/863/216 2579/864/216
f 5281/865/217 1354/866/217 280/867/217 2582/868/217
f 5272/869/218 1357/870/218 281/871/218 2585/872/218
f 5263/873/219 1360/874/219 282/875/219 2588/876/219
f 5254/877/220 1363/878/220 283/879/220 2591/880/220
f 5245/881/221 1366/882/221 284/883/221 2594/884/221
f 5236/885/222 1372/886/222 285/887/222 2597/888/222
f 5227/889/223 1375/890/223 286/891/223 2600/892/223
f 5218/893/224 1378/894/224 287/895/224 2603/896/224
f 5209/897/225 1381/898/225 288/899/225 2606/900/225
f 5200/901/226 1384/902/226 289/903/226 2609/904/226
f 5191/905/227 1387/906/227 290/907/227 2612/908/227
f 5182/909/228 1390/910/228 291/911/228 2615/912/228
f 5173/913/229 1393/914/229 292/915/229 2618/916/229
f 5164/917/230 1396/918/230 293/919/230 2621/920/230
f 5155/921/231 1399/922/231 294/923/231 2624/924/231
f 5146/925/232 1402/926/232 295/927/232 2627/928/232
f 5137/929/233 1405/930/233 296/931/233 2630/932/233
f 5128/933/234 1408/934/234 297/935/234 2633/936/234
f 5119/937/235 1411/938/235 298/939/235 2636/940/235
f 5110/941/236 1414/942/236 299/943/236 2639/944/236
f 5101/945/237 1417/946/237 300/947/237 2642/948/237
f 5092/949/238 1420/950/238 301/951/238 2645/952/238
f 5083/953/239 1423/954/239 302/955/239 2648/956/239
f 5074/957/240 1426/958/240 303/959/240 2651/960/240
f 5065/961/241 1429/962/241 304/963/241 2654/964/241
f 5056/965/242 1435/966/242 305/967/242 2657/968/242
f 5047/969/243 1438/970/243 306/971/243 2660/972/243
f 5038/973/244 1441/974/244 307/975/244 2663/976/244
f 5029/977/245 1444/978/245 308/979/245 2666/980/245
f 5020/981/246 1447/982/246 309/983/246 2669/984/246
f 5011/985/247 1450/986/247 310/987/247 2672/988/247
f 5002/989/248 1453/990/248 311/991/248 2675/992/248
f 4993/993/249 1456/994/249 312/995/249 2678/996/249
f 4984/997/250 1459/998/250 313/999/250 2681/1000/250
f 4975/1001/251 1462/1002/251 314/1003/251 2684/1004/251
f 4966/1005/252 1465/1006/252 315/1007/252 2687/1008/252
f 4957/1009/253 1468/1010/253 316/1011/253 2690/1012/253
f 4948/1013/254 1471/1014/254 317/1015/254 2693/1016/254
f 4939/1017/255 1474/1018/255 318/1019/255 2696/1020/255
f 4930/1021/256 1477/1022/256 319/1023/256 2699/1024/256
f 4921/1025/257 1480/1026/257 320/1027/257 2702/1028/257
f 4912/1029/258 1483/1030/258 321/1031/258 2705/1032/258
f 4903/1033/259 1486/1034/259 322/1035/259 2708/1036/259
f 4894/1037/260 1489/1038/260 323/1039/260 2711/1040/260
f 4885/1041/261 1492/1042/261 324/1043/261 2714/1044/261
f 4876/1045/262 1498/1046/262 325/1047/262 2717/1048/262
f 4867/1049/263 1501/1050/263 326/1051/263 2720/1052/263
f 4858/1053/264 1504/1054/264 327/1055/264 2723/1056/264
f 4849/1057/265 1507/1058/265 328/1059/265 2726/1060/265
f 4840/1061/266 1510/1062/266 329/1063/266 2729/1064/266
f 4831/1065/267 1513/1066/267 330/1067/267 2732/1068/267
f 4822/1069/268 1516/1070/268 331/1071/268 2735/1072/268
f 4813/1073/269 1519/1074/269 332/1075/269 2738/1076/269
f 4804/1077/270 1522/1078/270 333/1079/270 2741/1080/270
f 4795/1081/271 1525/1082/271 334/1083/271 2744/1084/271
f 4786/1085/272 1528/1086/272 335/1087/272 2747/1088/272
f 4777/1089/273 1531/1090/273 336/1091/273 2750/1092/273
f 4768/1093/274 1534/1094/274 337/1095/274 2753/1096/274
f 4759/1097/275 1537/1098/275 338/1099/275 2756/1100/275
f 4750/1101/276 1540/1102/276 339/1103/276 2759/1104/276
f 4741/1105/277 1543/1106/277 340/1107/277 2762/1108/277
f 4732/1109/278 1546/1110/278 341/1111/278 2765/1112/278
f 4723/1113/279 1549/1114/279 342/1115/279 2768/1116/279
f 4714/1117/280 1552/1118/280 343/1119/280 2771/1120/280
f 4705/1121/281 1555/1122/281 344/1123/281 2774/1124/281
f 4696/1125/282 1561/1126/282 345/1127/282 2777/1128/282
f 4687/1129/283 1564/1130/283 346/1131/283 2780/1132/283
f 4678/1133/284 1567/1134/284 347/1135/284 2783/1136/284
f 4669/1137/285 1570/1138/285 348/1139/285 2786/1140/285
f 4660/1141/286 1573/1142/286 349/1143/286 2789/1144/286
f 4651/1145/287 1576/1146/287 350/1147/287 2792/1148/287
f 4642/1149/288 1579/1150/288 351/1151/288 2795/1152/288
f 4633/1153/289 1582/1154/289 352/1155/289 2798/1156/289
f 4624/1157/290 1585/1158/290 353/1159/290 2801/1160/290
f 4615/1161/291 1588/1162/291 354/1163/291 2804/1164/291
f 4606/1165/292 1591/1166/292 355/1167/292 2807/1168/292
f 4597/1169/293 1594/1170/293 356/1171/293 2810/1172/293
f 4588/1173/294 1597/1174/294 357/1175/294 2813/1176/294
f 4579/1177/295 1600/1178/295 358/1179/295 2816/1180/295
f 4570/1181/296 1603/1182/296 359/1183/296 2819/1184/296
f 4561/1185/297 1606/1186/297 360/1187/297 2822/1188/297
f 4552/1189/298 1609/1190/298 361/1191/298 2825/1192/298
f 4543/1193/299 1612/1194/299 362/1195/299 2828/1196/299
f 4534/1197/300 1615/1198/300 363/1199/300 2831/1200/300
f 4525/1201/301 1618/1202/301 364/1203/301 2834/1204/301
f 4516/1205/302 1624/1206/302 365/1207/302 2837/1208/302
f 4507/1209/303 1627/1210/303 366/1211/303 2840/1212/303
f 4498/1213/304 1630/1214/304 367/1215/304 2843/1216/304
f 4489/1217/305 1633/1218/305 368/1219/305 2846/1220/305
f 4480/1221/306 1636/1222/306 369/1223/306 2849/1224/306
f 4471/1225/307 1639/1226/307 370/1227/307 2852/1228/307
f 4462/1229/308 1642/1230/308 371/1231/308 2855/1232/308
f 4453/1233/309 1645/1234/309 372/1235/309 2858/1236/309
f 4444/1237/310 1648/1238/310 373/1239/310 2861/1240/310
f 4435/1241/311 1651/1242/311 374/1243/311 2864/1244/311
f 4426/1245/312 1654/1246/312 375/1247/312 2867/1248/312
f 4417/1249/313 1657/1250/313 376/1251/313 2870/1252/313
f 4408/1253/314 1660/1254/314 377/1255/314 2873/1256/314
f 4399/1257/315 1663/1258/315 378/1259/315 2876/1260/315
f 4390/1261/316 1666/1262/316 379/1263/316 2879/1264/316
f 4381/1265/317 1669/1266/317 380/1267/317 2882/1268/317
f 4372/1269/318 1672/1270/318 381/1271/318 2885/1272/318
f 4363/1273/319 1675/1274/319 382/1275/319 2888/1276/319
f 4354/1277/320 1678/1278/320 383/1279/320 2891/1280/320
f 4345/1281/321 1681/1282/321 384/1283/321 2894/1284/321
f 4336/1285/322 1687/1286/322 385/1287/322 2897/1288/322
f 4327/1289/323 1690/1290/323 386/1291/323 2900/1292/323
f 4318/1293/324 1693/1294/324 387/1295/324 2903/1296/324
f 4309/1297/325 1696/1298/325 388/1299/325 2906/1300/325
f 4300/1301/326 1699/1302/326 389/1303/326 2909/1304/326
f 4291/1305/327 1702/1306/327 390/1307/327 2912/1308/327
f 4282/1309/328 1705/1310/328 391/1311/328 2915/1312/328
f 4273/1313/329 1708/1314/329 392/1315/329 2918/1316/329
f 4264/1317/330 1711/1318/330 393/1319/330 2921/1320/330
f 4255/1321/331 1714/1322/331 394/1323/331 2924/1324/331
f 4246/1325/332 1717/1326/332 395/1327/332 2927/1328/332
f 4237/1329/333 1720/1330/333 396/1331/333 2930/1332/333
f 4228/1333/334 1723/1334/334 397/1335/334 2933/1336/334
f 4219/1337/335 1726/1338/335 398/1339/335 2936/1340/335
f 4210/1341/336 1729/1342/336 399/1343/336 2939/1344/336
f 4201/1345/337 1732/1346/337 400/1347/337 2942/1348/337
f 4192/1349/338 1735/1350/338 401/1351/338 2945/1352/338
f 4183/1353/339 1738/1354/339 402/1355/339 2948/1356/339
f 4174/1357/340 1741/1358/340 403/1359/340 2951/1360/340
f 4165/1361/341 1744/1362/341 404/1363/341 2954/1364/341
f 4156/1365/342 1750/1366/342 405/1367/342 2957/1368/342
f 4147/1369/343 1753/1370/343 406/1371/343 2960/1372/343
f 4138/1373/344 1756/1374/344 407/1375/344 2963/1376/344
f 4129/1377/345 1759/1378/345 408/1379/345 2966/1380/345
f 4120/1381/346 1762/1382/346 409/1383/346 2969/1384/346
f 4111/1385/347 1765/1386/347 410/1387/347 2972/1388/347
f 4102/1389/348 1768/1390/348 411/1391/348 2975/1392/348
f 4093/1393/349 1771/1394/349 412/1395/349 2978/1396/349
f 4084/1397/350 1774/1398/350 413/1399/350 2981/1400/350
f 4075/1401/351 1777/1402/351 414/1403/351 2984/1404/351
f 4066/1405/352 1780/1406/352 415/1407/352 2987/1408/352
f 4057/1409/353 1783/1410/353 416/1411/353 2990/1412/353
f 4048/1413/354 1786/1414/354 417/1415/354 2993/1416/354
f 4039/1417/355 1789/1418/355 418/1419/355 2996/1420/355
f 4030/1421/356 1792/1422/356 419/1423/356 2999/1424/356
f 4021/1425/357 1795/1426/357 420/1427/357 3002/1428/357
f 4012/1429/358 1798/1430/358 421/1431/358 3005/1432/358
f 4003/1433/359 1801/1434/359 422/1435/359 3008/1436/359
f 3994/1437/360 1804/1438/360 423/1439/360 3011/1440/360
f 3985/1441/361 1807/1442/361 424/1443/361 3014/1444/361
f 3976/1445/362 1813/1446/362 425/1447/362 3017/1448/362
f 3967/1449/363 1816/1450/363 426/1451/363 3020/1452/363
f 3958/1453/364 1819/1454/364 427/1455/364 3023/1456/364
f 3949/1457/365 1822/1458/365 428/1459/365 3026/1460/365
f 3940/1461/366 1825/1462/366 429/1463/366 3029/1464/366
f 3931/1465/367 1828/1466/367 430/1467/367 3032/1468/367
f 3922/1469/368 1831/1470/368 431/1471/368 3035/1472/368
f 3913/1473/369 1834/1474/369 432/1475/369 3038/1476/369
f 3904/1477/370 1837/1478/370 433/1479/370 3041/1480/370
f 3895/1481/371 1840/1482/371 434/1483/371 3044/1484/371
f 3886/1485/372 1843/1486/372 435/1487/372 3047/1488/372
f 3877/1489/373 1846/1490/373 436/1491/373 3050/1492/373
f 3868/1493/374 1849/1494/374 437/1495/374 3053/1496/374
f 3859/1497/375 1852/1498/375 438/1499/375 3056/1500/375
f 3850/1501/376 1855/1502/376 439/1503/376 3059/1504/376
f 3841/1505/377 1858/1506/377 440/1507/377 3062/1508/377
f 3832/1509/378 1861/1510/378 441/1511/378 3065/1512/378
f 3823/1513/379 1864/1514/379 442/1515/379 3068/1516/379
f 3814/1517/380 1867/1518/380 443/1519/380 3071/1520/380
f 3805/1521/381 1870/1522/381 444/1523/381 3074/1524/381
f 3796/1525/382 1876/1526/382 445/1527/382 3077/1528/382
f 3787/1529/383 1879/1530/383 446/1531/383 3080/1532/383
f 3778/1533/384 1882/1534/384 447/1535/384 3083/1536/384
f 3769/1537/385 1885/1538/385 448/1539/385 3086/1540/385
f 3760/1541/386 1888/1542/386 449/1543/386 3089/1544/386
f 3751/1545/387 1891/1546/387 450/1547/387 3092/1548/387
f 3742/1549/388 1894/1550/388 451/1551/388 3095/1552/388
f 3733/1553/389 1897/1554/389 452/1555/389 3098/1556/389
f 3724/1557/390 1900/1558/390 453/1559/390 3101/1560/390
f 3715/1561/391 1903/1562/391 454/1563/391 3104/1564/391
f 3706/1565/392 1906/1566/392 455/1567/392 3107/1568/392
f 3697/1569/393 1909/1570/393 456/1571/393 3110/1572/393
f 3688/1573/394 1912/1574/394 457/1575/394 3113/1576/394
f 3679/1577/395 1915/1578/395 458/1579/395 3116/1580/395
f 3670/1581/396 1918/1582/396 459/1583/396 3119/1584/396
f 3661/1585/397 1921/1586/397 460/1587/397 3122/1588/397
f 3652/1589/398 1924/1590/398 461/1591/398 3125/1592/398
f 3643/1593/399 1927/1594/399 462/1595/399 3128/1596/399
f 3634/1597/400 1930/1598/400 463/1599/400 3131/1600/400
f 3625/1601/401 1933/1602/401 464/1603/401 3134/1604/401
f 3616/1605/402 1939/1606/402 465/1607/402 3137/1608/402
f 3607/1609/403 1942/1610/403 466/1611/403 3140/1612/403
f 3598/1613/404 1945/1614/404 467/1615/404 3143/1616/404
f 3589/1617/405 1948/1618/405 468/1619/405 3146/1620/405
f 3580/1621/406 1951/1622/406 469/1623/406 3149/1624/406
f 3571/1625/407 1954/1626/407 470/1627/407 3152/1628/407
f 3562/1629/408 1957/1630/408 471/1631/408 3155/1632/408
f 3553/1633/409 1960/1634/409 472/1635/409 3158/1636/409
f 3544/1637/410 1963/1638/410 473/1639/410 3161/1640/410
f 3535/1641/411 1966/1642/411 474/1643/411 3164/1644/411
f 3526/1645/412 1969/1646/412 475/1647/412 3167/1648/412
f 3517/1649/413 1972/1650/413 476/1651/413 3170/1652/413
f 3508/1653/414 1975/1654/414 477/1655/414 3173/1656/414
f 3499/1657/415 1978/1658/415 478/1659/415 3176/1660/415
f 3490/1661/416 1981/1662/416 479/1663/416 3179/1664/416
f 3481/1665/417 1984/1666/417 480/1667/417 3182/1668/417
f 3472/1669/418 1987/1670/418 481/1671/418 3185/1672/418
f 3463/1673/419 1990/1674/419 482/1675/419 3188/1676/419
f 3454/1677/420 1993/1678/420 483/1679/420 3191/1680/420
f 3445/1681/421 1996/1682/421 484/1683/421 3194/1684/421
f 3436/1685/422 619/1686/422 45/1687/422 3197/1688/422
f 3427/1689/423 622/1690/423 46/1691/423 3200/1692/423
f 3418/1693/424 625/1694/424 47/1695/424 3203/1696/424
f 3409/1697/425 628/1698/425 48/1699/425 3206/1700/425
f 3400/1701/426 631/1702/426 49/1703/426 3209/1704/426
f 3391/1705/427 634/1706/427 50/1707/427 3212/1708/427
f 3382/1709/428 637/1710/428 51/1711/428 3215/1712/428
f 3373/1713/429 640/1714/429 52/1715/429 3218/1716/429
f 3364/1717/430 643/1718/430 53/1719/430 3221/1720/430
f 3355/1721/431 646/1722/431 54/1723/431 3224/1724/431
f 3346/1725/432 649/1726/432 55/1727/432 3227/1728/432
f 3337/1729/433 652/1730/433 56/1731/433 3230/1732/433
f 3328/1733/434 655/1734/434 57/1735/434 3233/1736/434
f 3319/1737/435 658/1738/435 58/1739/435 3236/1740/435
f 3310/1741/436 661/1742/436 59/1743/436 3239/1744/436
f 3301/1745/437 664/1746/437 60/1747/437 3242/1748/437
f 3292/1749/438 667/1750/438 61/1751/438 3245/1752/438
f 3283/1753/439 670/1754/439 62/1755/439 3248/1756/439
f 3274/1757/440 673/1758/440 63/1759/440 3251/1760/440
f 3265/1761/441 676/1762/441 64/1763/441 3254/1764/441
f 1996/1682/442 3259/1765/442 3256/1766/442 484/1683/442
f 3259/1765/443 3262/1767/443 3255/1768/443 3256/1766/443
f 3262/1767/444 3265/1761/444 3254/1764/444 3255/1768/444
f 483/1679/445 3253/1769/445 3257/1770/445 1994/1771/445
f 1994/1771/446 3257/1770/446 3258/1772/446 1995/1773/446
f 1995/1773/447 3258/1772/447 3259/1765/447 1996/1682/447
f 3253/1769/448 3252/1774/448 3260/1775/448 3257/1770/448
f 3257/1770/449 3260/1775/449 3261/1776/449 3258/1772/449
f 3258/1772/450 3261/1776/450 3262/1767/450 3259/1765/450
f 3252/1774/451 3251/1760/451 3263/1777/451 3260/1775/451
f 3260/1775/452 3263/1777/452 3264/1778/452 3261/1776/452
f 3261/1776/453 3264/1778/453 3265/1761/453 3262/1767/453
f 3251/1760/454 63/1759/454 674/1779/454 3263/1777/454
f 3263/1777/455 674/1779/455 675/1780/455 3264/1778/455
f 3264/1778/456 675/1780/456 676/1762/456 3265/1761/456
f 1993/1678/457 3268/1781/457 3253/1769/457 483/1679/457
f 3268/1781/458 3271/1782/458 3252/1774/458 3253/1769/458
f 3271/1782/459 3274/1757/459 3251/1760/459 3252/1774/459
f 482/1675/460 3250/1783/460 3266/1784/460 1991/1785/460
f 1991/1785/461 3266/1784/461 3267/1786/461 1992/1787/461
f 1992/1787/462 3267/1786/462 3268/1781/462 1993/1678/462
f 3250/1783/463 3249/1788/463 3269/1789/463 3266/1784/463
f 3266/1784/464 3269/1789/464 3270/1790/464 3267/1786/464
f 3267/1786/465 3270/1790/465 3271/1782/465 3268/1781/465
f 3249/1788/466 3248/1756/466 3272/1791/466 3269/1789/466
f 3269/1789/467 3272/1791/467 3273/1792/467 3270/1790/467
f 3270/1790/468 3273/1792/468 3274/1757/468 3271/1782/468
f 3248/1756/469 62/1755/469 671/1793/469 3272/1791/469
f 3272/1791/470 671/1793/470 672/1794/470 3273/1792/470
f 3273/1792/471 672/1794/471 673/1758/471 3274/1757/471
f 1990/1674/472 3277/1795/472 3250/1783/472 482/1675/472
f 3277/1795/473 3280/1796/473 3249/1788/473 3250/1783/473
f 3280/1796/474 3283/1753/474 3248/1756/474 3249/1788/474
f 481/1671/475 3247/1797/475 3275/1798/475 1988/1799/475
f 1988/1799/476 3275/1798/476 3276/1800/476 1989/1801/476
f 1989/1801/477 3276/1800/477 3277/1795/477 1990/1674/477
f 3247/1797/478 3246/1802/478 3278/1803/478 3275/1798/478
f 3275/1798/479 3278/1803/479 3279/1804/479 3276/1800/479
f 3276/1800/480 3279/1804/480 3280/1796/480 3277/1795/480
f 3246/1802/481 3245/1752/481 3281/1805/481 3278/1803/481
f 3278/1803/482 3281/1805/482 3282/1806/482 3279/1804/482
f 3279/1804/483 3282/1806/483 3283/1753/483 3280/1796/483
f 3245/1752/484 61/1751/484 668/1807/484 3281/1805/484
f 3281/1805/485 668/1807/485 669/1808/485 3282/1806/485
f 3282/1806/486 669/1808/486 670/1754/486 3283/1753/486
f 1987/1670/487 3286/1809/487 3247/1797/487 481/1671/487
f 3286/1809/488 3289/1810/488 3246/1802/488 3247/1797/488
f 3289/1810/489 3292/1749/489 3245/1752/489 3246/1802/489
f 480/1667/490 3244/1811/490 3284/1812/490 1985/1813/490
f 1985/1813/491 3284/1812/491 3285/1814/491 1986/1815/491
f 1986/1815/492 3285/1814/492 3286/1809/492 1987/1670/492
f 3244/1811/493 3243/1816/493 3287/1817/493 3284/1812/493
f 3284/1812/494 3287/1817/494 3288/1818/494 3285/1814/494
f 3285/1814/495 3288/1818/495 3289/1810/495 3286/1809/495
f 3243/1816/496 3242/1748/496 3290/1819/496 3287/1817/496
f 3287/1817/497 3290/1819/497 3291/1820/497 3288/1818/497
f 3288/1818/498 3291/1820/498 3292/1749/498 3289/1810/498
f 3242/1748/499 60/1747/499 665/1821/499 3290/1819/499
f 3290/1819/500 665/1821/500 666/1822/500 3291/1820/500
f 3291/1820/501 666/1822/501 667/1750/501 3292/1749/501
f 1984/1666/502 3295/1823/502 3244/1811/502 480/1667/502
f 3295/1823/503 3298/1824/503 3243/1816/503 3244/1811/503
f 3298/1824/504 3301/1745/504 3242/1748/504 3243/1816/504
f 479/1663/505 3241/1825/505 3293/1826/505 1982/1827/505
f 1982/1827/506 3293/1826/506 3294/1828/506 1983/1829/506
f 1983/1829/507 3294/1828/507 3295/1823/507 1984/1666/507
f 3241/1825/508 3240/1830/508 3296/1831/508 3293/1826/508
f 3293/1826/509 3296/1831/509 3297/1832/509 3294/1828/509
f 3294/1828/510 3297/1832/510 3298/1824/510 3295/1823/510
f 3240/1830/511 3239/1744/511 3299/1833/511 3296/1831/511
f 3296/1831/512 3299/1833/512 3300/1834/512 3297/1832/512
f 3297/1832/513 3300/1834/513 3301/1745/513 3298/1824/513
f 3239/1744/514 59/1743/514 662/1835/514 3299/1833/514
f 3299/1833/515 662/1835/515 663/1836/515 3300/1834/515
f 3300/1834/516 663/1836/516 664/1746/516 3301/1745/516
f 1981/1662/517 3304/1837/517 3241/1825/517 479/1663/517
f 3304/1837/518 3307/1838/518 3240/1830/518 3241/1825/518
f 3307/1838/519 3310/1741/519 3239/1744/519 3240/1830/519
f 478/1659/520 3238/1839/520 3302/1840/520 1979/1841/520
f 1979/1841/521 3302/1840/521 3303/1842/521 1980/1843/521
f 1980/1843/522 3303/1842/522 3304/1837/522 1981/1662/522
f 3238/1839/523 3237/1844/523 3305/1845/523 3302/1840/523
f 3302/1840/524 3305/1845/524 3306/1846/524 3303/1842/524
f 3303/1842/525 3306/1846/525 3307/1838/525 3304/1837/525
f 3237/1844/526 3236/1740/526 3308/1847/526 3305/1845/526
f 3305/1845/527 3308/1847/527 3309/1848/527 3306/1846/527
f 3306/1846/528 3309/1848/528 3310/1741/528 3307/1838/528
f 3236/1740/529 58/1739/529 659/1849/529 3308/1847/529
f 3308/1847/530 659/1849/530 660/1850/530 3309/1848/530
f 3309/1848/531 660/1850/531 661/1742/531 3310/1741/531
f 1978/1658/532 3313/1851/532 3238/1839/532 478/1659/532
f 3313/1851/533 3316/1852/533 3237/1844/533 3238/1839/533
f 3316/1852/534 3319/1737/534 3236/1740/534 3237/1844/534
f 477/1655/535 3235/1853/535 3311/1854/535 1976/1855/535
f 1976/1855/536 3311/1854/536 3312/1856/536 1977/1857/536
f 1977/1857/537 3312/1856/537 3313/1851/537 1978/1658/537
f 3235/1853/538 3234/1858/538 3314/1859/538 3311/1854/538
f 3311/1854/539 3314/1859/539 3315/1860/539 3312/1856/539
f 3312/1856/540 3315/1860/540 3316/1852/540 3313/1851/540
f 3234/1858/541 3233/1736/541 3317/1861/541 3314/1859/541
f 3314/1859/542 3317/1861/542 3318/1862/542 3315/1860/542
f 3315/1860/543 3318/1862/543 3319/1737/543 3316/1852/543
f 3233/1736/544 57/1735/544 656/1863/544 3317/1861/544
f 3317/1861/545 656/1863/545 657/1864/545 3318/1862/545
f 3318/1862/546 657/1864/546 658/1738/546 3319/1737/546
f 1975/1654/547 3322/1865/547 3235/1853/547 477/1655/547
f 3322/1865/548 3325/1866/548 3234/1858/548 3235/1853/548
f 3325/1866/549 3328/1733/549 3233/1736/549 3234/1858/549
f 476/1651/550 3232/1867/550 3320/1868/550 1973/1869/550
f 1973/1869/551 3320/1868/551 3321/1870/551 1974/1871/551
f 1974/1871/552 3321/1870/552 3322/1865/552 1975/1654/552
f 3232/1867/553 3231/1872/553 3323/1873/553 3320/1868/553
f 3320/1868/554 3323/1873/554 3324/1874/554 3321/1870/554
f 3321/1870/555 3324/1874/555 3325/1866/555 3322/1865/555
f 3231/1872/556 3230/1732/556 3326/1875/556 3323/1873/556
f 3323/1873/557 3326/1875/557 3327/1876/557 3324/1874/557
f 3324/1874/558 3327/1876/558 3328/1733/558 3325/1866/558
f 3230/1732/559 56/1731/559 653/1877/559 3326/1875/559
f 3326/1875/560 653/1877/560 654/1878/560 3327/1876/560
f 3327/1876/561 654/1878/561 655/1734/561 3328/1733/561
f 1972/1650/562 3331/1879/562 3232/1867/562 476/1651/562
f 3331/1879/563 3334/1880/563 3231/1872/563 3232/1867/563
f 3334/1880/564 3337/1729/564 3230/1732/564 3231/1872/564
f 475/1647/565 3229/1881/565 3329/1882/565 1970/1883/565
f 1970/1883/566 3329/1882/566 3330/1884/566 1971/1885/566
f 1971/1885/567 3330/1884/567 3331/1879/567 1972/1650/567
f 3229/1881/568 3228/1886/568 3332/1887/568 3329/1882/568
f 3329/1882/569 3332/1887/569 3333/1888/569 3330/1884/569
f 3330/1884/570 3333/1888/570 3334/1880/570 3331/1879/570
f 3228/1886/571 3227/1728/571 3335/1889/571 3332/1887/571
f 3332/1887/572 3335/1889/572 3336/1890/572 3333/1888/572
f 3333/1888/573 3336/1890/573 3337/1729/573 3334/1880/573
f 3227/1728/574 55/1727/574 650/1891/574 3335/1889/574
f 3335/1889/575 650/1891/575 651/1892/575 3336/1890/575
f 3336/1890/576 651/1892/576 652/1730/576 3337/1729/576
f 1969/1646/577 3340/1893/577 3229/1881/577 475/1647/577
f 3340/1893/578 3343/1894/578 3228/1886/578 3229/1881/578
f 3343/1894/579 3346/1725/579 3227/1728/579 3228/1886/579
f 474/1643/580 3226/1895/580 3338/1896/580 1967/1897/580
f 1967/1897/581 3338/1896/581 3339/1898/581 1968/1899/581
f 1968/1899/582 3339/1898/582 3340/1893/582 1969/1646/582
f 3226/1895/583 3225/1900/583 3341/1901/583 3338/1896/583
f 3338/1896/584 3341/1901/584 3342/1902/584 3339/1898/584
f 3339/1898/585 3342/1902/585 3343/1894/585 3340/1893/585
f 3225/1900/586 3224/1724/586 3344/1903/586 3341/1901/586
f 3341/1901/587 3344/1903/587 3345/1904/587 3342/1902/587
f 3342/1902/588 3345/1904/588 3346/1725/588 3343/1894/588
f 3224/1724/589 54/1723/589 647/1905/589 3344/1903/589
f 3344/1903/590 647/1905/590 648/1906/590 3345/1904/590
f 3345/1904/591 648/1906/591 649/1726/591 3346/1725/591
f 1966/1642/592 3349/1907/592 3226/1895/592 474/1643/592
f 3349/1907/593 3352/1908/593 3225/1900/593 3226/1895/593
f 3352/1908/594 3355/1721/594 3224/1724/594 3225/1900/594
f 473/1639/595 3223/1909/595 3347/1910/595 1964/1911/595
f 1964/1911/596 3347/1910/596 3348/1912/596 1965/1913/596
f 1965/1913/597 3348/1912/597 3349/1907/597 1966/1642/597
f 3223/1909/598 3222/1914/598 3350/1915/598 3347/1910/598
f 3347/1910/599 3350/1915/599 3351/1916/599 3348/1912/599
f 3348/1912/600 3351/1916/600 3352/1908/600 3349/1907/600
f 3222/1914/601 3221/1720/601 3353/1917/601 3350/1915/601
f 3350/1915/602 3353/1917/602 3354/1918/602 3351/1916/602
f 3351/1916/603 3354/1918/603 3355/1721/603 3352/1908/603
f 3221/1720/604 53/1719/604 644/1919/604 3353/1917/604
f 3353/1917/605 644/1919/605 645/1920/605 3354/1918/605
f 3354/1918/606 645/1920/606 646/1722/606 3355/1721/606
f 1963/1638/607 3358/1921/607 3223/1909/607 473/1639/607
f 3358/1921/608 3361/1922/608 3222/1914/608 3223/1909/608
f 3361/1922/609 3364/1717/609 3221/1720/609 3222/1914/609
f 472/1635/610 3220/1923/610 3356/1924/610 1961/1925/610
f 1961/1925/611 3356/1924/611 3357/1926/611 1962/1927/611
f 1962/1927/612 3357/1926/612 3358/1921/612 1963/1638/612
f 3220/1923/613 3219/1928/613 3359/1929/613 3356/1924/613
f 3356/1924/614 3359/1929/614 3360/1930/614 3357/1926/614
f 3357/1926/615 3360/1930/615 3361/1922/615 3358/1921/615
f 3219/1928/616 3218/1716/616 3362/1931/616 3359/1929/616
f 3359/1929/617 3362/1931/617 3363/1932/617 3360/1930/617
f 3360/1930/618 3363/1932/618 3364/1717/618 3361/1922/618
f 3218/1716/619 52/1715/619 641/1933/619 3362/1931/619
f 3362/1931/620 641/1933/620 642/1934/620 3363/1932/620
f 3363/1932/621 642/1934/621 643/1718/621 3364/1717/621
f 1960/1634/622 3367/1935/622 3220/1923/622 472/1635/622
f 3367/1935/623 3370/1936/623 3219/1928/623 3220/1923/623
f 3370/1936/624 3373/1713/624 3218/1716/624 3219/1928/624
f 471/1631/625 3217/1937/625 3365/1938/625 1958/1939/625
f 1958/1939/626 3365/1938/626 3366/1940/626 1959/1941/626
f 1959/1941/627 3366/1940/627 3367/1935/627 1960/1634/627
f 3217/1937/628 3216/1942/628 3368/1943/628 3365/1938/628
f 3365/1938/629 3368/1943/629 3369/1944/629 3366/1940/629
f 3366/1940/630 3369/1944/630 3370/1936/630 3367/1935/630
f 3216/1942/631 3215/1712/631 3371/1945/631 3368/1943/631
f 3368/1943/632 3371/1945/632 3372/1946/632 3369/1944/632
f 3369/1944/633 3372/1946/633 3373/1713/633 3370/1936/633
f 3215/1712/634 51/1711/634 638/1947/634 3371/1945/634
f 3371/1945/635 638/1947/635 639/1948/635 3372/1946/635
f 3372/1946/636 639/1948/636 640/1714/636 3373/1713/636
f 1957/1630/637 3376/1949/637 3217/1937/637 471/1631/637
f 3376/1949/638 3379/1950/638 3216/1942/638 3217/1937/638
f 3379/1950/639 3382/1709/639 3215/1712/639 3216/1942/639
f 470/1627/640 3214/1951/640 3374/1952/640 1955/1953/640
f 1955/1953/641 3374/1952/641 3375/1954/641 1956/1955/641
f 1956/1955/642 3375/1954/642 3376/1949/642 1957/1630/642
f 3214/1951/643 3213/1956/643 3377/1957/643 3374/1952/643
f 3374/1952/644 3377/1957/644 3378/1958/644 3375/1954/644
f 3375/1954/645 3378/1958/645 3379/1950/645 3376/1949/645
f 3213/1956/646 3212/1708/646 3380/1959/646 3377/1957/646
f 3377/1957/647 3380/1959/647 3381/1960/647 3378/1958/647
f 3378/1958/648 3381/1960/648 3382/1709/648 3379/1950/648
f 3212/1708/649 50/1707/649 635/1961/649 3380/1959/649
f 3380/1959/650 635/1961/650 636/1962/650 3381/1960/650
f 3381/1960/651 636/1962/651 637/1710/651 3382/1709/651
f 1954/1626/652 3385/1963/652 3214/1951/652 470/1627/652
f 3385/1963/653 3388/1964/653 3213/1956/653 3214/1951/653
f 3388/1964/654 3391/1705/654 3212/1708/654 3213/1956/654
f 469/1623/655 3211/1965/655 3383/1966/655 1952/1967/655
f 1952/1967/656 3383/1966/656 3384/1968/656 1953/1969/656
f 1953/1969/657 3384/1968/657 3385/1963/657 1954/1626/657
f 3211/1965/658 3210/1970/658 3386/1971/658 3383/1966/658
f 3383/1966/659 3386/1971/659 3387/1972/659 3384/1968/659
f 3384/1968/660 3387/1972/660 3388/1964/660 3385/1963/660
f 3210/1970/661 3209/1704/661 3389/1973/661 3386/1971/661
f 3386/1971/662 3389/1973/662 3390/1974/662 3387/1972/662
f 3387/1972/663 3390/1974/663 3391/1705/663 3388/1964/663
f 3209/1704/664 49/1703/664 632/1975/664 3389/1973/664
f 3389/1973/665 632/1975/665 633/1976/665 3390/1974/665
f 3390/1974/666 633/1976/666 634/1706/666 3391/1705/666
f 1951/1622/667 3394/1977/667 3211/1965/667 469/1623/667
f 3394/1977/668 3397/1978/668 3210/1970/668 3211/1965/668
f 3397/1978/669 3400/1701/669 3209/1704/669 3210/1970/669
f 468/1619/670 3208/1979/670 3392/1980/670 1949/1981/670
f 1949/1981/671 3392/1980/671 3393/1982/671 1950/1983/671
f 1950/1983/672 3393/1982/672 3394/1977/672 1951/1622/672
f 3208/1979/673 3207/1984/673 3395/1985/673 3392/1980/673
f 3392/1980/674 3395/1985/674 3396/1986/674 3393/1982/674
f 3393/1982/675 3396/1986/675 3397/1978/675 3394/1977/675
f 3207/1984/676 3206/1700/676 3398/1987/676 3395/1985/676
f 3395/1985/677 3398/1987/677 3399/1988/677 3396/1986/677
f 3396/1986/678 3399/1988/678 3400/1701/678 3397/1978/678
f 3206/1700/679 48/1699/679 629/1989/679 3398/1987/679
f 3398/1987/680 629/1989/680 630/1990/680 3399/1988/680
f 3399/1988/681 630/1990/681 631/1702/681 3400/1701/681
f 1948/1618/682 3403/1991/682 3208/1979/682 468/1619/682
f 3403/1991/683 3406/1992/683 3207/1984/683 3208/1979/683
f 3406/1992/684 3409/1697/684 3206/1700/684 3207/1984/684
f 467/1615/685 3205/1993/685 3401/1994/685 1946/1995/685
f 1946/1995/686 3401/1994/686 3402/1996/686 1947/1997/686
f 1947/1997/687 3402/1996/687 3403/1991/687 1948/1618/687
f 3205/1993/688 3204/1998/688 3404/1999/688 3401/1994/688
f 3401/1994/689 3404/1999/689 3405/2000/689 3402/1996/689
f 3402/1996/690 3405/2000/690 3406/1992/690 3403/1991/690
f 3204/1998/691 3203/1696/691 3407/2001/691 3404/1999/691
f 3404/1999/692 3407/2001/692 3408/2002/692 3405/2000/692
f 3405/2000/693 3408/2002/693 3409/1697/693 3406/1992/693
f 3203/1696/694 47/1695/694 626/2003/694 3407/2001/694
f 3407/2001/695 626/2003/695 627/2004/695 3408/2002/695
f 3408/2002/696 627/2004/696 628/1698/696 3409/1697/696
f 1945/1614/697 3412/2005/697 3205/1993/697 467/1615/697
f 3412/2005/698 3415/2006/698 3204/1998/698 3205/1993/698
f 3415/2006/699 3418/1693/699 3203/1696/699 3204/1998/699
f 466/1611/700 3202/2007/700 3410/2008/700 1943/2009/700
f 1943/2009/701 3410/2008/701 3411/2010/701 1944/2011/701
f 1944/2011/702 3411/2010/702 3412/2005/702 1945/1614/702
f 3202/2007/703 3201/2012/703 3413/2013/703 3410/2008/703
f 3410/2008/704 3413/2013/704 3414/2014/704 3411/2010/704
f 3411/2010/705 3414/2014/705 3415/2006/705 3412/2005/705
f 3201/2012/706 3200/1692/706 3416/2015/706 3413/2013/706
f 3413/2013/707 3416/2015/707 3417/2016/707 3414/2014/707
f 3414/2014/708 3417/2016/708 3418/1693/708 3415/2006/708
f 3200/1692/709 46/1691/709 623/2017/709 3416/2015/709
f 3416/2015/710 623/2017/710 624/2018/710 3417/2016/710
f 3417/2016/711 624/2018/711 625/1694/711 3418/1693/711
f 1942/1610/712 3421/2019/712 3202/2007/712 466/1611/712
f 3421/2019/713 3424/2020/713 3201/2012/713 3202/2007/713
f 3424/2020/714 3427/1689/714 3200/1692/714 3201/2012/714
f 465/1607/715 3199/2021/715 3419/2022/715 1940/2023/715
f 1940/2023/716 3419/2022/716 3420/2024/716 1941/2025/716
f 1941/2025/717 3420/2024/717 3421/2019/717 1942/1610/717
f 3199/2021/718 3198/2026/718 3422/2027/718 3419/2022/718
f 3419/2022/719 3422/2027/719 3423/2028/719 3420/2024/719
f 3420/2024/720 3423/2028/720 3424/2020/720 3421/2019/720
f 3198/2026/721 3197/1688/721 3425/2029/721 3422/2027/721
f 3422/2027/722 3425/2029/722 3426/2030/722 3423/2028/722
f 3423/2028/723 3426/2030/723 3427/1689/723 3424/2020/723
f 3197/1688/724 45/1687/724 620/2031/724 3425/2029/724
f 3425/2029/725 620/2031/725 621/2032/725 3426/2030/725
f 3426/2030/726 621/2032/726 622/1690/726 3427/1689/726
f 1939/1606/727 3430/2033/727 3199/2021/727 465/1607/727
f 3430/2033/728 3433/2034/728 3198/2026/728 3199/2021/728
f 3433/2034/729 3436/1685/729 3197/1688/729 3198/2026/729
f 44/2035/730 488/2036/730 3428/2037/730 1937/2038/730
f 1937/2038/731 3428/2037/731 3429/2039/731 1938/2040/731
f 1938/2040/732 3429/2039/732 3430/2033/732 1939/1606/732
f 488/2036/733 489/2041/733 3431/2042/733 3428/2037/733
f 3428/2037/734 3431/2042/734 3432/2043/734 3429/2039/734
f 3429/2039/735 3432/2043/735 3433/2034/735 3430/2033/735
f 489/2041/736 490/2044/736 3434/2045/736 3431/2042/736
f 3431/2042/737 3434/2045/737 3435/2046/737 3432/2043/737
f 3432/2043/738 3435/2046/738 3436/1685/738 3433/2034/738
f 490/2044/739 2/2047/739 617/2048/739 3434/2045/739
f 3434/2045/740 617/2048/740 618/2049/740 3435/2046/740
f 3435/2046/741 618/2049/741 619/1686/741 3436/1685/741
f 1933/1602/742 3439/2050/742 3196/2051/742 464/1603/742
f 3439/2050/743 3442/2052/743 3195/2053/743 3196/2051/743
f 3442/2052/744 3445/1681/744 3194/1684/744 3195/2053/744
f 463/1599/745 3193/2054/745 3437/2055/745 1931/2056/745
f 1931/2056/746 3437/2055/746 3438/2057/746 1932/2058/746
f 1932/2058/747 3438/2057/747 3439/2050/747 1933/1602/747
f 3193/2054/748 3192/2059/748 3440/2060/748 3437/2055/748
f 3437/2055/749 3440/2060/749 3441/2061/749 3438/2057/749
f 3438/2057/750 3441/2061/750 3442/2052/750 3439/2050/750
f 3192/2059/751 3191/1680/751 3443/2062/751 3440/2060/751
f 3440/2060/752 3443/2062/752 3444/2063/752 3441/2061/752
f 3441/2061/753 3444/2063/753 3445/1681/753 3442/2052/753
f 3191/1680/754 483/1679/754 1994/1771/754 3443/2062/754
f 3443/2062/755 1994/1771/755 1995/1773/755 3444/2063/755
f 3444/2063/756 1995/1773/756 1996/1682/756 3445/1681/756
f 1930/1598/757 3448/2064/757 3193/2054/757 463/1599/757
f 3448/2064/758 3451/2065/758 3192/2059/758 3193/2054/758
f 3451/2065/759 3454/1677/759 3191/1680/759 3192/2059/759
f 462/1595/760 3190/2066/760 3446/2067/760 1928/2068/760
f 1928/2068/761 3446/2067/761 3447/2069/761 1929/2070/761
f 1929/2070/762 3447/2069/762 3448/2064/762 1930/1598/762
f 3190/2066/763 3189/2071/763 3449/2072/763 3446/2067/763
f 3446/2067/764 3449/2072/764 3450/2073/764 3447/2069/764
f 3447/2069/765 3450/2073/765 3451/2065/765 3448/2064/765
f 3189/2071/766 3188/1676/766 3452/2074/766 3449/2072/766
f 3449/2072/767 3452/2074/767 3453/2075/767 3450/2073/767
f 3450/2073/768 3453/2075/768 3454/1677/768 3451/2065/768
f 3188/1676/769 482/1675/769 1991/1785/769 3452/2074/769
f 3452/2074/770 1991/1785/770 1992/1787/770 3453/2075/770
f 3453/2075/771 1992/1787/771 1993/1678/771 3454/1677/771
f 1927/1594/772 3457/2076/772 3190/2066/772 462/1595/772
f 3457/2076/773 3460/2077/773 3189/2071/773 3190/2066/773
f 3460/2077/774 3463/1673/774 3188/1676/774 3189/2071/774
f 461/1591/775 3187/2078/775 3455/2079/775 1925/2080/775
f 1925/2080/776 3455/2079/776 3456/2081/776 1926/2082/776
f 1926/2082/777 3456/2081/777 3457/2076/777 1927/1594/777
f 3187/2078/778 3186/2083/778 3458/2084/778 3455/2079/778
f 3455/2079/779 3458/2084/779 3459/2085/779 3456/2081/779
f 3456/2081/780 3459/2085/780 3460/2077/780 3457/2076/780
f 3186/2083/781 3185/1672/781 3461/2086/781 3458/2084/781
f 3458/2084/782 3461/2086/782 3462/2087/782 3459/2085/782
f 3459/2085/783 3462/2087/783 3463/1673/783 3460/2077/783
f 3185/1672/784 481/1671/784 1988/1799/784 3461/2086/784
f 3461/2086/785 1988/1799/785 1989/1801/785 3462/2087/785
f 3462/2087/786 1989/1801/786 1990/1674/786 3463/1673/786
f 1924/1590/787 3466/2088/787 3187/2078/787 461/1591/787
f 3466/2088/788 3469/2089/788 3186/2083/788 3187/2078/788
f 3469/2089/789 3472/1669/789 3185/1672/789 3186/2083/789
f 460/1587/790 3184/2090/790 3464/2091/790 1922/2092/790
f 1922/2092/791 3464/2091/791 3465/2093/791 1923/2094/791
f 1923/2094/792 3465/2093/792 3466/2088/792 1924/1590/792
f 3184/2090/793 3183/2095/793 3467/2096/793 3464/2091/793
f 3464/2091/794 3467/2096/794 3468/2097/794 3465/2093/794
f 3465/2093/795 3468/2097/795 3469/2089/795 3466/2088/795
f 3183/2095/796 3182/1668/796 3470/2098/796 3467/2096/796
f 3467/2096/797 3470/2098/797 3471/2099/797 3468/2097/797
f 3468/2097/798 3471/2099/798 3472/1669/798 3469/2089/798
f 3182/1668/799 480/1667/799 1985/1813/799 3470/2098/799
f 3470/2098/800 1985/1813/800 1986/1815/800 3471/2099/800
f 3471/2099/801 1986/1815/801 1987/1670/801 3472/1669/801
f 1921/1586/802 3475/2100/802 3184/2090/802 460/1587/802
f 3475/2100/803 3478/2101/803 3183/2095/803 3184/2090/803
f 3478/2101/804 3481/1665/804 3182/1668/804 3183/2095/804
f 459/1583/805 3181/2102/805 3473/2103/805 1919/2104/805
f 1919/2104/806 3473/2103/806 3474/2105/806 1920/2106/806
f 1920/2106/807 3474/2105/807 3475/2100/807 1921/1586/807
f 3181/2102/808 3180/2107/808 3476/2108/808 3473/2103/808
f 3473/2103/809 3476/2108/809 3477/2109/809 3474/2105/809
f 3474/2105/810 3477/2109/810 3478/2101/810 3475/2100/810
f 3180/2107/811 3179/1664/811 3479/2110/811 3476/2108/811
f 3476/2108/812 3479/2110/812 3480/2111/812 3477/2109/812
f 3477/2109/813 3480/2111/813 3481/1665/813 3478/2101/813
f 3179/1664/814 479/1663/814 1982/1827/814 3479/2110/814
f 3479/2110/815 1982/1827/815 1983/1829/815 3480/2111/815
f 3480/2111/816 1983/1829/816 1984/1666/816 3481/1665/816
f 1918/1582/817 3484/2112/817 3181/2102/817 459/1583/817
f 3484/2112/818 3487/2113/818 3180/2107/818 3181/2102/818
f 3487/2113/819 3490/1661/819 3179/1664/819 3180/2107/819
f 458/1579/820 3178/2114/820 3482/2115/820 1916/2116/820
f 1916/2116/821 3482/2115/821 3483/2117/821 1917/2118/821
f 1917/2118/822 3483/2117/822 3484/2112/822 1918/1582/822
f 3178/2114/823 3177/2119/823 3485/2120/823 3482/2115/823
f 3482/2115/824 3485/2120/824 3486/2121/824 3483/2117/824
f 3483/2117/825 3486/2121/825 3487/2113/825 3484/2112/825
f 3177/2119/826 3176/1660/826 3488/2122/826 3485/2120/826
f 3485/2120/827 3488/2122/827 3489/2123/827 3486/2121/827
f 3486/2121/828 3489/2123/828 3490/1661/828 3487/2113/828
f 3176/1660/829 478/1659/829 1979/1841/829 3488/2122/829
f 3488/2122/830 1979/1841/830 1980/1843/830 3489/2123/830
f 3489/2123/831 1980/1843/831 1981/1662/831 3490/1661/831
f 1915/1578/832 3493/2124/832 3178/2114/832 458/1579/832
f 3493/2124/833 3496/2125/833 3177/2119/833 3178/2114/833
f 3496/2125/834 3499/1657/834 3176/1660/834 3177/2119/834
f 457/1575/835 3175/2126/835 3491/2127/835 1913/2128/835
f 1913/2128/836 3491/2127/836 3492/2129/836 1914/2130/836
f 1914/2130/837 3492/2129/837 3493/2124/837 1915/1578/837
f 3175/2126/838 3174/2131/838 3494/2132/838 3491/2127/838
f 3491/2127/839 3494/2132/839 3495/2133/839 3492/2129/839
f 3492/2129/840 3495/2133/840 3496/2125/840 3493/2124/840
f 3174/2131/841 3173/1656/841 3497/2134/841 3494/2132/841
f 3494/2132/842 3497/2134/842 3498/2135/842 3495/2133/842
f 3495/2133/843 3498/2135/843 3499/1657/843 3496/2125/843
f 3173/1656/844 477/1655/844 1976/1855/844 3497/2134/844
f 3497/2134/845 1976/1855/845 1977/1857/845 3498/2135/845
f 3498/2135/846 1977/1857/846 1978/1658/846 3499/1657/846
f 1912/1574/847 3502/2136/847 3175/2126/847 457/1575/847
f 3502/2136/848 3505/2137/848 3174/2131/848 3175/2126/848
f 3505/2137/849 3508/1653/849 3173/1656/849 3174/2131/849
f 456/1571/850 3172/2138/850 3500/2139/850 1910/2140/850
f 1910/2140/851 3500/2139/851 3501/2141/851 1911/2142/851
f 1911/2142/852 3501/2141/852 3502/2136/852 1912/1574/852
f 3172/2138/853 3171/2143/853 3503/2144/853 3500/2139/853
f 3500/2139/854 3503/2144/854 3504/2145/854 3501/2141/854
f 3501/2141/855 3504/2145/855 3505/2137/855 3502/2136/855
f 3171/2143/856 3170/1652/856 3506/2146/856 3503/2144/856
f 3503/2144/857 3506/2146/857 3507/2147/857 3504/2145/857
f 3504/2145/858 3507/2147/858 3508/1653/858 3505/2137/858
f 3170/1652/859 476/1651/859 1973/1869/859 3506/2146/859
f 3506/2146/860 1973/1869/860 1974/1871/860 3507/2147/860
f 3507/2147/861 1974/1871/861 1975/1654/861 3508/1653/861
f 1909/1570/862 3511/2148/862 3172/2138/862 456/1571/862
f 3511/2148/863 3514/2149/863 3171/2143/863 3172/2138/863
f 3514/2149/864 3517/1649/864 3170/1652/864 3171/2143/864
f 455/1567/865 3169/2150/865 3509/2151/865 1907/2152/865
f 1907/2152/866 3509/2151/866 3510/2153/866 1908/2154/866
f 1908/2154/867 3510/2153/867 3511/2148/867 1909/1570/867
f 3169/2150/868 3168/2155/868 3512/2156/868 3509/2151/868
f 3509/2151/869 3512/2156/869 3513/2157/869 3510/2153/869
f 3510/2153/870 3513/2157/870 3514/2149/870 3511/2148/870
f 3168/2155/871 3167/1648/871 3515/2158/871 3512/2156/871
f 3512/2156/872 3515/2158/872 3516/2159/872 3513/2157/872
f 3513/2157/873 3516/2159/873 3517/1649/873 3514/2149/873
f 3167/1648/874 475/1647/874 1970/1883/874 3515/2158/874
f 3515/2158/875 1970/1883/875 1971/1885/875 3516/2159/875
f 3516/2159/876 1971/1885/876 1972/1650/876 3517/1649/876
f 1906/1566/877 3520/2160/877 3169/2150/877 455/1567/877
f 3520/2160/878 3523/2161/878 3168/2155/878 3169/2150/878
f 3523/2161/879 3526/1645/879 3167/1648/879 3168/2155/879
f 454/1563/880 3166/2162/880 3518/2163/880 1904/2164/880
f 1904/2164/881 3518/2163/881 3519/2165/881 1905/2166/881
f 1905/2166/882 3519/2165/882 3520/2160/882 1906/1566/882
f 3166/2162/883 3165/2167/883 3521/2168/883 3518/2163/883
f 3518/2163/884 3521/2168/884 3522/2169/884 3519/2165/884
f 3519/2165/885 3522/2169/885 3523/2161/885 3520/2160/885
f 3165/2167/886 3164/1644/886 3524/2170/886 3521/2168/886
f 3521/2168/887 3524/2170/887 3525/2171/887 3522/2169/887
f 3522/2169/888 3525/2171/888 3526/1645/888 3523/2161/888
f 3164/1644/889 474/1643/889 1967/1897/889 3524/2170/889
f 3524/2170/890 1967/1897/890 1968/1899/890 3525/2171/890
f 3525/2171/891 1968/1899/891 1969/1646/891 3526/1645/891
f 1903/1562/892 3529/2172/892 3166/2162/892 454/1563/892
f 3529/2172/893 3532/2173/893 3165/2167/893 3166/2162/893
f 3532/2173/894 3535/1641/894 3164/1644/894 3165/2167/894
f 453/1559/895 3163/2174/895 3527/2175/895 1901/2176/895
f 1901/2176/896 3527/2175/896 3528/2177/896 1902/2178/896
f 1902/2178/897 3528/2177/897 3529/2172/897 1903/1562/897
f 3163/2174/898 3162/2179/898 3530/2180/898 3527/2175/898
f 3527/2175/899 3530/2180/899 3531/2181/899 3528/2177/899
f 3528/2177/900 3531/2181/900 3532/2173/900 3529/2172/900
f 3162/2179/901 3161/1640/901 3533/2182/901 3530/2180/901
f 3530/2180/902 3533/2182/902 3534/2183/902 3531/2181/902
f 3531/2181/903 3534/2183/903 3535/1641/903 3532/2173/903
f 3161/1640/904 473/1639/904 1964/1911/904 3533/2182/904
f 3533/2182/905 1964/1911/905 1965/1913/905 3534/2183/905
f 3534/2183/906 1965/1913/906 1966/1642/906 3535/1641/906
f 1900/1558/907 3538/2184/907 3163/2174/907 453/1559/907
f 3538/2184/908 3541/2185/908 3162/2179/908 3163/2174/908
f 3541/2185/909 3544/1637/909 3161/1640/909 3162/2179/909
f 452/1555/910 3160/2186/910 3536/2187/910 1898/2188/910
f 1898/2188/911 3536/2187/911 3537/2189/911 1899/2190/911
f 1899/2190/912 3537/2189/912 3538/2184/912 1900/1558/912
f 3160/2186/913 3159/2191/913 3539/2192/913 3536/2187/913
f 3536/2187/914 3539/2192/914 3540/2193/914 3537/2189/914
f 3537/2189/915 3540/2193/915 3541/2185/915 3538/2184/915
f 3159/2191/916 3158/1636/916 3542/2194/916 3539/2192/916
f 3539/2192/917 3542/2194/917 3543/2195/917 3540/2193/917
f 3540/2193/918 3543/2195/918 3544/1637/918 3541/2185/918
f 3158/1636/919 472/1635/919 1961/1925/919 3542/2194/919
f 3542/2194/920 1961/1925/920 1962/1927/920 3543/2195/920
f 3543/2195/921 1962/1927/921 1963/1638/921 3544/1637/921
f 1897/1554/922 3547/2196/922 3160/2186/922 452/1555/922
f 3547/2196/923 3550/2197/923 3159/2191/923 3160/2186/923
f 3550/2197/924 3553/1633/924 3158/1636/924 3159/2191/924
f 451/1551/925 3157/2198/925 3545/2199/925 1895/2200/925
f 1895/2200/926 3545/2199/926 3546/2201/926 1896/2202/926
f 1896/2202/927 3546/2201/927 3547/2196/927 1897/1554/927
f 3157/2198/928 3156/2203/928 3548/2204/928 3545/2199/928
f 3545/2199/929 3548/2204/929 3549/2205/929 3546/2201/929
f 3546/2201/930 3549/2205/930 3550/2197/930 3547/2196/930
f 3156/2203/931 3155/1632/931 3551/2206/931 3548/2204/931
f 3548/2204/932 3551/2206/932 3552/2207/932 3549/2205/932
f 3549/2205/933 3552/2207/933 3553/1633/933 3550/2197/933
f 3155/1632/934 471/1631/934 1958/1939/934 3551/2206/934
f 3551/2206/935 1958/1939/935 1959/1941/935 3552/2207/935
f 3552/2207/936 1959/1941/936 1960/1634/936 3553/1633/936
f 1894/1550/937 3556/2208/937 3157/2198/937 451/1551/937
f 3556/2208/938 3559/2209/938 3156/2203/938 3157/2198/938
f 3559/2209/939 3562/1629/939 3155/1632/939 3156/2203/939
f 450/1547/940 3154/2210/940 3554/2211/940 1892/2212/940
f 1892/2212/941 3554/2211/941 3555/2213/941 1893/2214/941
f 1893/2214/942 3555/2213/942 3556/2208/942 1894/1550/942
f 3154/2210/943 3153/2215/943 3557/2216/943 3554/2211/943
f 3554/2211/944 3557/2216/944 3558/2217/944 3555/2213/944
f 3555/2213/945 3558/2217/945 3559/2209/945 3556/2208/945
f 3153/2215/946 3152/1628/946 3560/2218/946 3557/2216/946
f 3557/2216/947 3560/2218/947 3561/2219/947 3558/2217/947
f 3558/2217/948 3561/2219/948 3562/1629/948 3559/2209/948
f 3152/1628/949 470/1627/949 1955/1953/949 3560/2218/949
f 3560/2218/950 1955/1953/950 1956/1955/950 3561/2219/950
f 3561/2219/951 1956/1955/951 1957/1630/951 3562/1629/951
f 1891/1546/952 3565/2220/952 3154/2210/952 450/1547/952
f 3565/2220/953 3568/2221/953 3153/2215/953 3154/2210/953
f 3568/2221/954 3571/1625/954 3152/1628/954 3153/2215/954
f 449/1543/955 3151/2222/955 3563/2223/955 1889/2224/955
f 1889/2224/956 3563/2223/956 3564/2225/956 1890/2226/956
f 1890/2226/957 3564/2225/957 3565/2220/957 1891/1546/957
f 3151/2222/958 3150/2227/958 3566/2228/958 3563/2223/958
f 3563/2223/959 3566/2228/959 3567/2229/959 3564/2225/959
f 3564/2225/960 3567/2229/960 3568/2221/960 3565/2220/960
f 3150/2227/961 3149/1624/961 3569/2230/961 3566/2228/961
f 3566/2228/962 3569/2230/962 3570/2231/962 3567/2229/962
f 3567/2229/963 3570/2231/963 3571/1625/963 3568/2221/963
f 3149/1624/964 469/1623/964 1952/1967/964 3569/2230/964
f 3569/2230/965 1952/1967/965 1953/1969/965 3570/2231/965
f 3570/2231/966 1953/1969/966 1954/1626/966 3571/1625/966
f 1888/1542/967 3574/2232/967 3151/2222/967 449/1543/967
f 3574/2232/968 3577/2233/968 3150/2227/968 3151/2222/968
f 3577/2233/969 3580/1621/969 3149/1624/969 3150/2227/969
f 448/1539/970 3148/2234/970 3572/2235/970 1886/2236/970
f 1886/2236/971 3572/2235/971 3573/2237/971 1887/2238/971
f 1887/2238/972 3573/2237/972 3574/2232/972 1888/1542/972
f 3148/2234/973 3147/2239/973 3575/2240/973 3572/2235/973
f 3572/2235/974 3575/2240/974 3576/2241/974 3573/2237/974
f 3573/2237/975 3576/2241/975 3577/2233/975 3574/2232/975
f 3147/2239/976 3146/1620/976 3578/2242/976 3575/2240/976
f 3575/2240/977 3578/2242/977 3579/2243/977 3576/2241/977
f 3576/2241/978 3579/2243/978 3580/1621/978 3577/2233/978
f 3146/1620/979 468/1619/979 1949/1981/979 3578/2242/979
f 3578/2242/980 1949/1981/980 1950/1983/980 3579/2243/980
f 3579/2243/981 1950/1983/981 1951/1622/981 3580/1621/981
f 1885/1538/982 3583/2244/982 3148/2234/982 448/1539/982
f 3583/2244/983 3586/2245/983 3147/2239/983 3148/2234/983
f 3586/2245/984 3589/1617/984 3146/1620/984 3147/2239/984
f 447/1535/985 3145/2246/985 3581/2247/985 1883/2248/985
f 1883/2248/986 3581/2247/986 3582/2249/986 1884/2250/986
f 1884/2250/987 3582/2249/987 3583/2244/987 1885/1538/987
f 3145/2246/988 3144/2251/988 3584/2252/988 3581/2247/988
f 3581/2247/989 3584/2252/989 3585/2253/989 3582/2249/989
f 3582/2249/990 3585/2253/990 3586/2245/990 3583/2244/990
f 3144/2251/991 3143/1616/991 3587/2254/991 3584/2252/991
f 3584/2252/992 3587/2254/992 3588/2255/992 3585/2253/992
f 3585/2253/993 3588/2255/993 3589/1617/993 3586/2245/993
f 3143/1616/994 467/1615/994 1946/1995/994 3587/2254/994
f 3587/2254/995 1946/1995/995 1947/1997/995 3588/2255/995
f 3588/2255/996 1947/1997/996 1948/1618/996 3589/1617/996
f 1882/1534/997 3592/2256/997 3145/2246/997 447/1535/997
f 3592/2256/998 3595/2257/998 3144/2251/998 3145/2246/998
f 3595/2257/999 3598/1613/999 3143/1616/999 3144/2251/999
f 446/1531/1000 3142/2258/1000 3590/2259/1000 1880/2260/1000
f 1880/2260/1001 3590/2259/1001 3591/2261/1001 1881/2262/1001
f 1881/2262/1002 3591/2261/1002 3592/2256/1002 1882/1534/1002
f 3142/2258/1003 3141/2263/1003 3593/2264/1003 3590/2259/1003
f 3590/2259/1004 3593/2264/1004 3594/2265/1004 3591/2261/1004
f 3591/2261/1005 3594/2265/1005 3595/2257/1005 3592/2256/1005
f 3141/2263/1006 3140/1612/1006 3596/2266/1006 3593/2264/1006
f 3593/2264/1007 3596/2266/1007 3597/2267/1007 3594/2265/1007
f 3594/2265/1008 3597/2267/1008 3598/1613/1008 3595/2257/1008
f 3140/1612/1009 466/1611/1009 1943/2009/1009 3596/2266/1009
f 3596/2266/1010 1943/2009/1010 1944/2011/1010 3597/2267/1010
f 3597/2267/1011 1944/2011/1011 1945/1614/1011 3598/1613/1011
f 1879/1530/1012 3601/2268/1012 3142/2258/1012 446/1531/1012
f 3601/2268/1013 3604/2269/1013 3141/2263/1013 3142/2258/1013
f 3604/2269/1014 3607/1609/1014 3140/1612/1014 3141/2263/1014
f 445/1527/1015 3139/2270/1015 3599/2271/1015 1877/2272/1015
f 1877/2272/1016 3599/2271/1016 3600/2273/1016 1878/2274/1016
f 1878/2274/1017 3600/2273/1017 3601/2268/1017 1879/1530/1017
f 3139/2270/1018 3138/2275/1018 3602/2276/1018 3599/2271/1018
f 3599/2271/1019 3602/2276/1019 3603/2277/1019 3600/2273/1019
f 3600/2273/1020 3603/2277/1020 3604/2269/1020 3601/2268/1020
f 3138/2275/1021 3137/1608/1021 3605/2278/1021 3602/2276/1021
f 3602/2276/1022 3605/2278/1022 3606/2279/1022 3603/2277/1022
f 3603/2277/1023 3606/2279/1023 3607/1609/1023 3604/2269/1023
f 3137/1608/1024 465/1607/1024 1940/2023/1024 3605/2278/1024
f 3605/2278/1025 1940/2023/1025 1941/2025/1025 3606/2279/1025
f 3606/2279/1026 1941/2025/1026 1942/1610/1026 3607/1609/1026
f 1876/1526/1027 3610/2280/1027 3139/2270/1027 445/1527/1027
f 3610/2280/1028 3613/2281/1028 3138/2275/1028 3139/2270/1028
f 3613/2281/1029 3616/1605/1029 3137/1608/1029 3138/2275/1029
f 43/2282/1030 614/2283/1030 3608/2284/1030 1874/2285/1030
f 1874/2285/1031 3608/2284/1031 3609/2286/1031 1875/2287/1031
f 1875/2287/1032 3609/2286/1032 3610/2280/1032 1876/1526/1032
f 614/2283/1033 615/2288/1033 3611/2289/1033 3608/2284/1033
f 3608/2284/1034 3611/2289/1034 3612/2290/1034 3609/2286/1034
f 3609/2286/1035 3612/2290/1035 3613/2281/1035 3610/2280/1035
f 615/2288/1036 616/2291/1036 3614/2292/1036 3611/2289/1036
f 3611/2289/1037 3614/2292/1037 3615/2293/1037 3612/2290/1037
f 3612/2290/1038 3615/2293/1038 3616/1605/1038 3613/2281/1038
f 616/2291/1039 44/2035/1039 1937/2038/1039 3614/2292/1039
f 3614/2292/1040 1937/2038/1040 1938/2040/1040 3615/2293/1040
f 3615/2293/1041 1938/2040/1041 1939/1606/1041 3616/1605/1041
f 1870/1522/1042 3619/2294/1042 3136/2295/1042 444/1523/1042
f 3619/2294/1043 3622/2296/1043 3135/2297/1043 3136/2295/1043
f 3622/2296/1044 3625/1601/1044 3134/1604/1044 3135/2297/1044
f 443/1519/1045 3133/2298/1045 3617/2299/1045 1868/2300/1045
f 1868/2300/1046 3617/2299/1046 3618/2301/1046 1869/2302/1046
f 1869/2302/1047 3618/2301/1047 3619/2294/1047 1870/1522/1047
f 3133/2298/1048 3132/2303/1048 3620/2304/1048 3617/2299/1048
f 3617/2299/1049 3620/2304/1049 3621/2305/1049 3618/2301/1049
f 3618/2301/1050 3621/2305/1050 3622/2296/1050 3619/2294/1050
f 3132/2303/1051 3131/1600/1051 3623/2306/1051 3620/2304/1051
f 3620/2304/1052 3623/2306/1052 3624/2307/1052 3621/2305/1052
f 3621/2305/1053 3624/2307/1053 3625/1601/1053 3622/2296/1053
f 3131/1600/1054 463/1599/1054 1931/2056/1054 3623/2306/1054
f 3623/2306/1055 1931/2056/1055 1932/2058/1055 3624/2307/1055
f 3624/2307/1056 1932/2058/1056 1933/1602/1056 3625/1601/1056
f 1867/1518/1057 3628/2308/1057 3133/2298/1057 443/1519/1057
f 3628/2308/1058 3631/2309/1058 3132/2303/1058 3133/2298/1058
f 3631/2309/1059 3634/1597/1059 3131/1600/1059 3132/2303/1059
f 442/1515/1060 3130/2310/1060 3626/2311/1060 1865/2312/1060
f 1865/2312/1061 3626/2311/1061 3627/2313/1061 1866/2314/1061
f 1866/2314/1062 3627/2313/1062 3628/2308/1062 1867/1518/1062
f 3130/2310/1063 3129/2315/1063 3629/2316/1063 3626/2311/1063
f 3626/2311/1064 3629/2316/1064 3630/2317/1064 3627/2313/1064
f 3627/2313/1065 3630/2317/1065 3631/2309/1065 3628/2308/1065
f 3129/2315/1066 3128/1596/1066 3632/2318/1066 3629/2316/1066
f 3629/2316/1067 3632/2318/1067 3633/2319/1067 3630/2317/1067
f 3630/2317/1068 3633/2319/1068 3634/1597/1068 3631/2309/1068
f 3128/1596/1069 462/1595/1069 1928/2068/1069 3632/2318/1069
f 3632/2318/1070 1928/2068/1070 1929/2070/1070 3633/2319/1070
f 3633/2319/1071 1929/2070/1071 1930/1598/1071 3634/1597/1071
f 1864/1514/1072 3637/2320/1072 3130/2310/1072 442/1515/1072
f 3637/2320/1073 3640/2321/1073 3129/2315/1073 3130/2310/1073
f 3640/2321/1074 3643/1593/1074 3128/1596/1074 3129/2315/1074
f 441/1511/1075 3127/2322/1075 3635/2323/1075 1862/2324/1075
f 1862/2324/1076 3635/2323/1076 3636/2325/1076 1863/2326/1076
f 1863/2326/1077 3636/2325/1077 3637/2320/1077 1864/1514/1077
f 3127/2322/1078 3126/2327/1078 3638/2328/1078 3635/2323/1078
f 3635/2323/1079 3638/2328/1079 3639/2329/1079 3636/2325/1079
f 3636/2325/1080 3639/2329/1080 3640/2321/1080 3637/2320/1080
f 3126/2327/1081 3125/1592/1081 3641/2330/1081 3638/2328/1081
f 3638/2328/1082 3641/2330/1082 3642/2331/1082 3639/2329/1082
f 3639/2329/1083 3642/2331/1083 3643/1593/1083 3640/2321/1083
f 3125/1592/1084 461/1591/1084 1925/2080/1084 3641/2330/1084
f 3641/2330/1085 1925/2080/1085 1926/2082/1085 3642/2331/1085
f 3642/2331/1086 1926/2082/1086 1927/1594/1086 3643/1593/1086
f 1861/1510/1087 3646/2332/1087 3127/2322/1087 441/1511/1087
f 3646/2332/1088 3649/2333/1088 3126/2327/1088 3127/2322/1088
f 3649/2333/1089 3652/1589/1089 3125/1592/1089 3126/2327/1089
f 440/1507/1090 3124/2334/1090 3644/2335/1090 1859/2336/1090
f 1859/2336/1091 3644/2335/1091 3645/2337/1091 1860/2338/1091
f 1860/2338/1092 3645/2337/1092 3646/2332/1092 1861/1510/1092
f 3124/2334/1093 3123/2339/1093 3647/2340/1093 3644/2335/1093
f 3644/2335/1094 3647/2340/1094 3648/2341/1094 3645/2337/1094
f 3645/2337/1095 3648/2341/1095 3649/2333/1095 3646/2332/1095
f 3123/2339/1096 3122/1588/1096 3650/2342/1096 3647/2340/1096
f 3647/2340/1097 3650/2342/1097 3651/2343/1097 3648/2341/1097
f 3648/2341/1098 3651/2343/1098 3652/1589/1098 3649/2333/1098
f 3122/1588/1099 460/1587/1099 1922/2092/1099 3650/2342/1099
f 3650/2342/1100 1922/2092/1100 1923/2094/1100 3651/2343/1100
f 3651/2343/1101 1923/2094/1101 1924/1590/1101 3652/1589/1101
f 1858/1506/1102 3655/2344/1102 3124/2334/1102 440/1507/1102
f 3655/2344/1103 3658/2345/1103 3123/2339/1103 3124/2334/1103
f 3658/2345/1104 3661/1585/1104 3122/1588/1104 3123/2339/1104
f 439/1503/1105 3121/2346/1105 3653/2347/1105 1856/2348/1105
f 1856/2348/1106 3653/2347/1106 3654/2349/1106 1857/2350/1106
f 1857/2350/1107 3654/2349/1107 3655/2344/1107 1858/1506/1107
f 3121/2346/1108 3120/2351/1108 3656/2352/1108 3653/2347/1108
f 3653/2347/1109 3656/2352/1109 3657/2353/1109 3654/2349/1109
f 3654/2349/1110 3657/2353/1110 3658/2345/1110 3655/2344/1110
f 3120/2351/1111 3119/1584/1111 3659/2354/1111 3656/2352/1111
f 3656/2352/1112 3659/2354/1112 3660/2355/1112 3657/2353/1112
f 3657/2353/1113 3660/2355/1113 3661/1585/1113 3658/2345/1113
f 3119/1584/1114 459/1583/1114 1919/2104/1114 3659/2354/1114
f 3659/2354/1115 1919/2104/1115 1920/2106/1115 3660/2355/1115
f 3660/2355/1116 1920/2106/1116 1921/1586/1116 3661/1585/1116
f 1855/1502/1117 3664/2356/1117 3121/2346/1117 439/1503/1117
f 3664/2356/1118 3667/2357/1118 3120/2351/1118 3121/2346/1118
f 3667/2357/1119 3670/1581/1119 3119/1584/1119 3120/2351/1119
f 438/1499/1120 3118/2358/1120 3662/2359/1120 1853/2360/1120
f 1853/2360/1121 3662/2359/1121 3663/2361/1121 1854/2362/1121
f 1854/2362/1122 3663/2361/1122 3664/2356/1122 1855/1502/1122
f 3118/2358/1123 3117/2363/1123 3665/2364/1123 3662/2359/1123
f 3662/2359/1124 3665/2364/1124 3666/2365/1124 3663/2361/1124
f 3663/2361/1125 3666/2365/1125 3667/2357/1125 3664/2356/1125
f 3117/2363/1126 3116/1580/1126 3668/2366/1126 3665/2364/1126
f 3665/2364/1127 3668/2366/1127 3669/2367/1127 3666/2365/1127
f 3666/2365/1128 3669/2367/1128 3670/1581/1128 3667/2357/1128
f 3116/1580/1129 458/1579/1129 1916/2116/1129 3668/2366/1129
f 3668/2366/1130 1916/2116/1130 1917/2118/1130 3669/2367/1130
f 3669/2367/1131 1917/2118/1131 1918/1582/1131 3670/1581/1131
f 1852/1498/1132 3673/2368/1132 3118/2358/1132 438/1499/1132
f 3673/2368/1133 3676/2369/1133 3117/2363/1133 3118/2358/1133
f 3676/2369/1134 3679/1577/1134 3116/1580/1134 3117/2363/1134
f 437/1495/1135 3115/2370/1135 3671/2371/1135 1850/2372/1135
f 1850/2372/1136 3671/2371/1136 3672/2373/1136 1851/2374/1136
f 1851/2374/1137 3672/2373/1137 3673/2368/1137 1852/1498/1137
f 3115/2370/1138 3114/2375/1138 3674/2376/1138 3671/2371/1138
f 3671/2371/1139 3674/2376/1139 3675/2377/1139 3672/2373/1139
f 3672/2373/1140 3675/2377/1140 3676/2369/1140 3673/2368/1140
f 3114/2375/1141 3113/1576/1141 3677/2378/1141 3674/2376/1141
f 3674/2376/1142 3677/2378/1142 3678/2379/1142 3675/2377/1142
f 3675/2377/1143 3678/2379/1143 3679/1577/1143 3676/2369/1143
f 3113/1576/1144 457/1575/1144 1913/2128/1144 3677/2378/1144
f 3677/2378/1145 1913/2128/1145 1914/2130/1145 3678/2379/1145
f 3678/2379/1146 1914/2130/1146 1915/1578/1146 3679/1577/1146
f 1849/1494/1147 3682/2380/1147 3115/2370/1147 437/1495/1147
f 3682/2380/1148 3685/2381/1148 3114/2375/1148 3115/2370/1148
f 3685/2381/1149 3688/1573/1149 3113/1576/1149 3114/2375/1149
f 436/1491/1150 3112/2382/1150 3680/2383/1150 1847/2384/1150
f 1847/2384/1151 3680/2383/1151 3681/2385/1151 1848/2386/1151
f 1848/2386/1152 3681/2385/1152 3682/2380/1152 1849/1494/1152
f 3112/2382/1153 3111/2387/1153 3683/2388/1153 3680/2383/1153
f 3680/2383/1154 3683/2388/1154 3684/2389/1154 3681/2385/1154
f 3681/2385/1155 3684/2389/1155 3685/2381/1155 3682/2380/1155
f 3111/2387/1156 3110/1572/1156 3686/2390/1156 3683/2388/1156
f 3683/2388/1157 3686/2390/1157 3687/2391/1157 3684/2389/1157
f 3684/2389/1158 3687/2391/1158 3688/1573/1158 3685/2381/1158
f 3110/1572/1159 456/1571/1159 1910/2140/1159 3686/2390/1159
f 3686/2390/1160 1910/2140/1160 1911/2142/1160 3687/2391/1160
f 3687/2391/1161 1911/2142/1161 1912/1574/1161 3688/1573/1161
f 1846/1490/1162 3691/2392/1162 3112/2382/1162 436/1491/1162
f 3691/2392/1163 3694/2393/1163 3111/2387/1163 3112/2382/1163
f 3694/2393/1164 3697/1569/1164 3110/1572/1164 3111/2387/1164
f 435/1487/1165 3109/2394/1165 3689/2395/1165 1844/2396/1165
f 1844/2396/1166 3689/2395/1166 3690/2397/1166 1845/2398/1166
f 1845/2398/1167 3690/2397/1167 3691/2392/1167 1846/1490/1167
f 3109/2394/1168 3108/2399/1168 3692/2400/1168 3689/2395/1168
f 3689/2395/1169 3692/2400/1169 3693/2401/1169 3690/2397/1169
f 3690/2397/1170 3693/2401/1170 3694/2393/1170 3691/2392/1170
f 3108/2399/1171 3107/1568/1171 3695/2402/1171 3692/2400/1171
f 3692/2400/1172 3695/2402/1172 3696/2403/1172 3693/2401/1172
f 3693/2401/1173 3696/2403/1173 3697/1569/1173 3694/2393/1173
f 3107/1568/1174 455/1567/1174 1907/2152/1174 3695/2402/1174
f 3695/2402/1175 1907/2152/1175 1908/2154/1175 3696/2403/1175
f 3696/2403/1176 1908/2154/1176 1909/1570/1176 3697/1569/1176
f 1843/1486/1177 3700/2404/1177 3109/2394/1177 435/1487/1177
f 3700/2404/1178 3703/2405/1178 3108/2399/1178 3109/2394/1178
f 3703/2405/1179 3706/1565/1179 3107/1568/1179 3108/2399/1179
f 434/1483/1180 3106/2406/1180 3698/2407/1180 1841/2408/1180
f 1841/2408/1181 3698/2407/1181 3699/2409/1181 1842/2410/1181
f 1842/2410/1182 3699/2409/1182 3700/2404/1182 1843/1486/1182
f 3106/2406/1183 3105/2411/1183 3701/2412/1183 3698/2407/1183
f 3698/2407/1184 3701/2412/1184 3702/2413/1184 3699/2409/1184
f 3699/2409/1185 3702/2413/1185 3703/2405/1185 3700/2404/1185
f 3105/2411/1186 3104/1564/1186 3704/2414/1186 3701/2412/1186
f 3701/2412/1187 3704/2414/1187 3705/2415/1187 3702/2413/1187
f 3702/2413/1188 3705/2415/1188 3706/1565/1188 3703/2405/1188
f 3104/1564/1189 454/1563/1189 1904/2164/1189 3704/2414/1189
f 3704/2414/1190 1904/2164/1190 1905/2166/1190 3705/2415/1190
f 3705/2415/1191 1905/2166/1191 1906/1566/1191 3706/1565/1191
f 1840/1482/1192 3709/2416/1192 3106/2406/1192 434/1483/1192
f 3709/2416/1193 3712/2417/1193 3105/2411/1193 3106/2406/1193
f 3712/2417/1194 3715/1561/1194 3104/1564/1194 3105/2411/1194
f 433/1479/1195 3103/2418/1195 3707/2419/1195 1838/2420/1195
f 1838/2420/1196 3707/2419/1196 3708/2421/1196 1839/2422/1196
f 1839/2422/1197 3708/2421/1197 3709/2416/1197 1840/1482/1197
f 3103/2418/1198 3102/2423/1198 3710/2424/1198 3707/2419/1198
f 3707/2419/1199 3710/2424/1199 3711/2425/1199 3708/2421/1199
f 3708/2421/1200 3711/2425/1200 3712/2417/1200 3709/2416/1200
f 3102/2423/1201 3101/1560/1201 3713/2426/1201 3710/2424/1201
f 3710/2424/1202 3713/2426/1202 3714/2427/1202 3711/2425/1202
f 3711/2425/1203 3714/2427/1203 3715/1561/1203 3712/2417/1203
f 3101/1560/1204 453/1559/1204 1901/2176/1204 3713/2426/1204
f 3713/2426/1205 1901/2176/1205 1902/2178/1205 3714/2427/1205
f 3714/2427/1206 1902/2178/1206 1903/1562/1206 3715/1561/1206
f 1837/1478/1207 3718/2428/1207 3103/2418/1207 433/1479/1207
f 3718/2428/1208 3721/2429/1208 3102/2423/1208 3103/2418/1208
f 3721/2429/1209 3724/1557/1209 3101/1560/1209 3102/2423/1209
f 432/1475/1210 3100/2430/1210 3716/2431/1210 1835/2432/1210
f 1835/2432/1211 3716/2431/1211 3717/2433/1211 1836/2434/1211
f 1836/2434/1212 3717/2433/1212 3718/2428/1212 1837/1478/1212
f 3100/2430/1213 3099/2435/1213 3719/2436/1213 3716/2431/1213
f 3716/2431/1214 3719/2436/1214 3720/2437/1214 3717/2433/1214
f 3717/2433/1215 3720/2437/1215 3721/2429/1215 3718/2428/1215
f 3099/2435/1216 3098/1556/1216 3722/2438/1216 3719/2436/1216
f 3719/2436/1217 3722/2438/1217 3723/2439/1217 3720/2437/1217
f 3720/2437/1218 3723/2439/1218 3724/1557/1218 3721/2429/1218
f 3098/1556/1219 452/1555/1219 1898/2188/1219 3722/2438/1219
f 3722/2438/1220 1898/2188/1220 1899/2190/1220 3723/2439/1220
f 3723/2439/1221 1899/2190/1221 1900/1558/1221 3724/1557/1221
f 1834/1474/1222 3727/2440/1222 3100/2430/1222 432/1475/1222
f 3727/2440/1223 3730/2441/1223 3099/2435/1223 3100/2430/1223
f 3730/2441/1224 3733/1553/1224 3098/1556/1224 3099/2435/1224
f 431/1471/1225 3097/2442/1225 3725/2443/1225 1832/2444/1225
f 1832/2444/1226 3725/2443/1226 3726/2445/1226 1833/2446/1226
f 1833/2446/1227 3726/2445/1227 3727/2440/1227 1834/1474/1227
f 3097/2442/1228 3096/2447/1228 3728/2448/1228 3725/2443/1228
f 3725/2443/1229 3728/2448/1229 3729/2449/1229 3726/2445/1229
f 3726/2445/1230 3729/2449/1230 3730/2441/1230 3727/2440/1230
f 3096/2447/1231 3095/1552/1231 3731/2450/1231 3728/2448/1231
f 3728/2448/1232 3731/2450/1232 3732/2451/1232 3729/2449/1232
f 3729/2449/1233 3732/2451/1233 3733/1553/1233 3730/2441/1233
f 3095/1552/1234 451/1551/1234 1895/2200/1234 3731/2450/1234
f 3731/2450/1235 1895/2200/1235 1896/2202/1235 3732/2451/1235
f 3732/2451/1236 1896/2202/1236 1897/1554/1236 3733/1553/1236
f 1831/1470/1237 3736/2452/1237 3097/2442/1237 431/1471/1237
f 3736/2452/1238 3739/2453/1238 3096/2447/1238 3097/2442/1238
f 3739/2453/1239 3742/1549/1239 3095/1552/1239 3096/2447/1239
f 430/1467/1240 3094/2454/1240 3734/2455/1240 1829/2456/1240
f 1829/2456/1241 3734/2455/1241 3735/2457/1241 1830/2458/1241
f 1830/2458/1242 3735/2457/1242 3736/2452/1242 1831/1470/1242
f 3094/2454/1243 3093/2459/1243 3737/2460/1243 3734/2455/1243
f 3734/2455/1244 3737/2460/1244 3738/2461/1244 3735/2457/1244
f 3735/2457/1245 3738/2461/1245 3739/2453/1245 3736/2452/1245
f 3093/2459/1246 3092/1548/1246 3740/2462/1246 3737/2460/1246
f 3737/2460/1247 3740/2462/1247 3741/2463/1247 3738/2461/1247
f 3738/2461/1248 3741/2463/1248 3742/1549/1248 3739/2453/1248
f 3092/1548/1249 450/1547/1249 1892/2212/1249 3740/2462/1249
f 3740/2462/1250 1892/2212/1250 1893/2214/1250 3741/2463/1250
f 3741/2463/1251 1893/2214/1251 1894/1550/1251 3742/1549/1251
f 1828/1466/1252 3745/2464/1252 3094/2454/1252 430/1467/1252
f 3745/2464/1253 3748/2465/1253 3093/2459/1253 3094/2454/1253
f 3748/2465/1254 3751/1545/1254 3092/1548/1254 3093/2459/1254
f 429/1463/1255 3091/2466/1255 3743/2467/1255 1826/2468/1255
f 1826/2468/1256 3743/2467/1256 3744/2469/1256 1827/2470/1256
f 1827/2470/1257 3744/2469/1257 3745/2464/1257 1828/1466/1257
f 3091/2466/1258 3090/2471/1258 3746/2472/1258 3743/2467/1258
f 3743/2467/1259 3746/2472/1259 3747/2473/1259 3744/2469/1259
f 3744/2469/1260 3747/2473/1260 3748/2465/1260 3745/2464/1260
f 3090/2471/1261 3089/1544/1261 3749/2474/1261 3746/2472/1261
f 3746/2472/1262 3749/2474/1262 3750/2475/1262 3747/2473/1262
f 3747/2473/1263 3750/2475/1263 3751/1545/1263 3748/2465/1263
f 3089/1544/1264 449/1543/1264 1889/2224/1264 3749/2474/1264
f 3749/2474/1265 1889/2224/1265 1890/2226/1265 3750/2475/1265
f 3750/2475/1266 1890/2226/1266 1891/1546/1266 3751/1545/1266
f 1825/1462/1267 3754/2476/1267 3091/2466/1267 429/1463/1267
f 3754/2476/1268 3757/2477/1268 3090/2471/1268 3091/2466/1268
f 3757/2477/1269 3760/1541/1269 3089/1544/1269 3090/2471/1269
f 428/1459/1270 3088/2478/1270 3752/2479/1270 1823/2480/1270
f 1823/2480/1271 3752/2479/1271 3753/2481/1271 1824/2482/1271
f 1824/2482/1272 3753/2481/1272 3754/2476/1272 1825/1462/1272
f 3088/2478/1273 3087/2483/1273 3755/2484/1273 3752/2479/1273
f 3752/2479/1274 3755/2484/1274 3756/2485/1274 3753/2481/1274
f 3753/2481/1275 3756/2485/1275 3757/2477/1275 3754/2476/1275
f 3087/2483/1276 3086/1540/1276 3758/2486/1276 3755/2484/1276
f 3755/2484/1277 3758/2486/1277 3759/2487/1277 3756/2485/1277
f 3756/2485/1278 3759/2487/1278 3760/1541/1278 3757/2477/1278
f 3086/1540/1279 448/1539/1279 1886/2236/1279 3758/2486/1279
f 3758/2486/1280 1886/2236/1280 1887/2238/1280 3759/2487/1280
f 3759/2487/1281 1887/2238/1281 1888/1542/1281 3760/1541/1281
f 1822/1458/1282 3763/2488/1282 3088/2478/1282 428/1459/1282
f 3763/2488/1283 3766/2489/1283 3087/2483/1283 3088/2478/1283
f 3766/2489/1284 3769/1537/1284 3086/1540/1284 3087/2483/1284
f 427/1455/1285 3085/2490/1285 3761/2491/1285 1820/2492/1285
f 1820/2492/1286 3761/2491/1286 3762/2493/1286 1821/2494/1286
f 1821/2494/1287 3762/2493/1287 3763/2488/1287 1822/1458/1287
f 3085/2490/1288 3084/2495/1288 3764/2496/1288 3761/2491/1288
f 3761/2491/1289 3764/2496/1289 3765/2497/1289 3762/2493/1289
f 3762/2493/1290 3765/2497/1290 3766/2489/1290 3763/2488/1290
f 3084/2495/1291 3083/1536/1291 3767/2498/1291 3764/2496/1291
f 3764/2496/1292 3767/2498/1292 3768/2499/1292 3765/2497/1292
f 3765/2497/1293 3768/2499/1293 3769/1537/1293 3766/2489/1293
f 3083/1536/1294 447/1535/1294 1883/2248/1294 3767/2498/1294
f 3767/2498/1295 1883/2248/1295 1884/2250/1295 3768/2499/1295
f 3768/2499/1296 1884/2250/1296 1885/1538/1296 3769/1537/1296
f 1819/1454/1297 3772/2500/1297 3085/2490/1297 427/1455/1297
f 3772/2500/1298 3775/2501/1298 3084/2495/1298 3085/2490/1298
f 3775/2501/1299 3778/1533/1299 3083/1536/1299 3084/2495/1299
f 426/1451/1300 3082/2502/1300 3770/2503/1300 1817/2504/1300
f 1817/2504/1301 3770/2503/1301 3771/2505/1301 1818/2506/1301
f 1818/2506/1302 3771/2505/1302 3772/2500/1302 1819/1454/1302
f 3082/2502/1303 3081/2507/1303 3773/2508/1303 3770/2503/1303
f 3770/2503/1304 3773/2508/1304 3774/2509/1304 3771/2505/1304
f 3771/2505/1305 3774/2509/1305 3775/2501/1305 3772/2500/1305
f 3081/2507/1306 3080/1532/1306 3776/2510/1306 3773/2508/1306
f 3773/2508/1307 3776/2510/1307 3777/2511/1307 3774/2509/1307
f 3774/2509/1308 3777/2511/1308 3778/1533/1308 3775/2501/1308
f 3080/1532/1309 446/1531/1309 1880/2260/1309 3776/2510/1309
f 3776/2510/1310 1880/2260/1310 1881/2262/1310 3777/2511/1310
f 3777/2511/1311 1881/2262/1311 1882/1534/1311 3778/1533/1311
f 1816/1450/1312 3781/2512/1312 3082/2502/1312 426/1451/1312
f 3781/2512/1313 3784/2513/1313 3081/2507/1313 3082/2502/1313
f 3784/2513/1314 3787/1529/1314 3080/1532/1314 3081/2507/1314
f 425/1447/1315 3079/2514/1315 3779/2515/1315 1814/2516/1315
f 1814/2516/1316 3779/2515/1316 3780/2517/1316 1815/2518/1316
f 1815/2518/1317 3780/2517/1317 3781/2512/1317 1816/1450/1317
f 3079/2514/1318 3078/2519/1318 3782/2520/1318 3779/2515/1318
f 3779/2515/1319 3782/2520/1319 3783/2521/1319 3780/2517/1319
f 3780/2517/1320 3783/2521/1320 3784/2513/1320 3781/2512/1320
f 3078/2519/1321 3077/1528/1321 3785/2522/1321 3782/2520/1321
f 3782/2520/1322 3785/2522/1322 3786/2523/1322 3783/2521/1322
f 3783/2521/1323 3786/2523/1323 3787/1529/1323 3784/2513/1323
f 3077/1528/1324 445/1527/1324 1877/2272/1324 3785/2522/1324
f 3785/2522/1325 1877/2272/1325 1878/2274/1325 3786/2523/1325
f 3786/2523/1326 1878/2274/1326 1879/1530/1326 3787/1529/1326
f 1813/1446/1327 3790/2524/1327 3079/2514/1327 425/1447/1327
f 3790/2524/1328 3793/2525/1328 3078/2519/1328 3079/2514/1328
f 3793/2525/1329 3796/1525/1329 3077/1528/1329 3078/2519/1329
f 42/2526/1330 611/2527/1330 3788/2528/1330 1811/2529/1330
f 1811/2529/1331 3788/2528/1331 3789/2530/1331 1812/2531/1331
f 1812/2531/1332 3789/2530/1332 3790/2524/1332 1813/1446/1332
f 611/2527/1333 612/2532/1333 3791/2533/1333 3788/2528/1333
f 3788/2528/1334 3791/2533/1334 3792/2534/1334 3789/2530/1334
f 3789/2530/1335 3792/2534/1335 3793/2525/1335 3790/2524/1335
f 612/2532/1336 613/2535/1336 3794/2536/1336 3791/2533/1336
f 3791/2533/1337 3794/2536/1337 3795/2537/1337 3792/2534/1337
f 3792/2534/1338 3795/2537/1338 3796/1525/1338 3793/2525/1338
f 613/2535/1339 43/2282/1339 1874/2285/1339 3794/2536/1339
f 3794/2536/1340 1874/2285/1340 1875/2287/1340 3795/2537/1340
f 3795/2537/1341 1875/2287/1341 1876/1526/1341 3796/1525/1341
f 1807/1442/1342 3799/2538/1342 3076/2539/1342 424/1443/1342
f 3799/2538/1343 3802/2540/1343 3075/2541/1343 3076/2539/1343
f 3802/2540/1344 3805/1521/1344 3074/1524/1344 3075/2541/1344
f 423/1439/1345 3073/2542/1345 3797/2543/1345 1805/2544/1345
f 1805/2544/1346 3797/2543/1346 3798/2545/1346 1806/2546/1346
f 1806/2546/1347 3798/2545/1347 3799/2538/1347 1807/1442/1347
f 3073/2542/1348 3072/2547/1348 3800/2548/1348 3797/2543/1348
f 3797/2543/1349 3800/2548/1349 3801/2549/1349 3798/2545/1349
f 3798/2545/1350 3801/2549/1350 3802/2540/1350 3799/2538/1350
f 3072/2547/1351 3071/1520/1351 3803/2550/1351 3800/2548/1351
f 3800/2548/1352 3803/2550/1352 3804/2551/1352 3801/2549/1352
f 3801/2549/1353 3804/2551/1353 3805/1521/1353 3802/2540/1353
f 3071/1520/1354 443/1519/1354 1868/2300/1354 3803/2550/1354
f 3803/2550/1355 1868/2300/1355 1869/2302/1355 3804/2551/1355
f 3804/2551/1356 1869/2302/1356 1870/1522/1356 3805/1521/1356
f 1804/1438/1357 3808/2552/1357 3073/2542/1357 423/1439/1357
f 3808/2552/1358 3811/2553/1358 3072/2547/1358 3073/2542/1358
f 3811/2553/1359 3814/1517/1359 3071/1520/1359 3072/2547/1359
f 422/1435/1360 3070/2554/1360 3806/2555/1360 1802/2556/1360
f 1802/2556/1361 3806/2555/1361 3807/2557/1361 1803/2558/1361
f 1803/2558/1362 3807/2557/1362 3808/2552/1362 1804/1438/1362
f 3070/2554/1363 3069/2559/1363 3809/2560/1363 3806/2555/1363
f 3806/2555/1364 3809/2560/1364 3810/2561/1364 3807/2557/1364
f 3807/2557/1365 3810/2561/1365 3811/2553/1365 3808/2552/1365
f 3069/2559/1366 3068/1516/1366 3812/2562/1366 3809/2560/1366
f 3809/2560/1367 3812/2562/1367 3813/2563/1367 3810/2561/1367
f 3810/2561/1368 3813/2563/1368 3814/1517/1368 3811/2553/1368
f 3068/1516/1369 442/1515/1369 1865/2312/1369 3812/2562/1369
f 3812/2562/1370 1865/2312/1370 1866/2314/1370 3813/2563/1370
f 3813/2563/1371 1866/2314/1371 1867/1518/1371 3814/1517/1371
f 1801/1434/1372 3817/2564/1372 3070/2554/1372 422/1435/1372
f 3817/2564/1373 3820/2565/1373 3069/2559/1373 3070/2554/1373
f 3820/2565/1374 3823/1513/1374 3068/1516/1374 3069/2559/1374
f 421/1431/1375 3067/2566/1375 3815/2567/1375 1799/2568/1375
f 1799/2568/1376 3815/2567/1376 3816/2569/1376 1800/2570/1376
f 1800/2570/1377 3816/2569/1377 3817/2564/1377 1801/1434/1377
f 3067/2566/1378 3066/2571/1378 3818/2572/1378 3815/2567/1378
f 3815/2567/1379 3818/2572/1379 3819/2573/1379 3816/2569/1379
f 3816/2569/1380 3819/2573/1380 3820/2565/1380 3817/2564/1380
f 3066/2571/1381 3065/1512/1381 3821/2574/1381 3818/2572/1381
f 3818/2572/1382 3821/2574/1382 3822/2575/1382 3819/2573/1382
f 3819/2573/1383 3822/2575/1383 3823/1513/1383 3820/2565/1383
f 3065/1512/1384 441/1511/1384 1862/2324/1384 3821/2574/1384
f 3821/2574/1385 1862/2324/1385 1863/2326/1385 3822/2575/1385
f 3822/2575/1386 1863/2326/1386 1864/1514/1386 3823/1513/1386
f 1798/1430/1387 3826/2576/1387 3067/2566/1387 421/1431/1387
f 3826/2576/1388 3829/2577/1388 3066/2571/1388 3067/2566/1388
f 3829/2577/1389 3832/1509/1389 3065/1512/1389 3066/2571/1389
f 420/1427/1390 3064/2578/1390 3824/2579/1390 1796/2580/1390
f 1796/2580/1391 3824/2579/1391 3825/2581/1391 1797/2582/1391
f 1797/2582/1392 3825/2581/1392 3826/2576/1392 1798/1430/1392
f 3064/2578/1393 3063/2583/1393 3827/2584/1393 3824/2579/1393
f 3824/2579/1394 3827/2584/1394 3828/2585/1394 3825/2581/1394
f 3825/2581/1395 3828/2585/1395 3829/2577/1395 3826/2576/1395
f 3063/2583/1396 3062/1508/1396 3830/2586/1396 3827/2584/1396
f 3827/2584/1397 3830/2586/1397 3831/2587/1397 3828/2585/1397
f 3828/2585/1398 3831/2587/1398 3832/1509/1398 3829/2577/1398
f 3062/1508/1399 440/1507/1399 1859/2336/1399 3830/2586/1399
f 3830/2586/1400 1859/2336/1400 1860/2338/1400 3831/2587/1400
f 3831/2587/1401 1860/2338/1401 1861/1510/1401 3832/1509/1401
f 1795/1426/1402 3835/2588/1402 3064/2578/1402 420/1427/1402
f 3835/2588/1403 3838/2589/1403 3063/2583/1403 3064/2578/1403
f 3838/2589/1404 3841/1505/1404 3062/1508/1404 3063/2583/1404
f 419/1423/1405 3061/2590/1405 3833/2591/1405 1793/2592/1405
f 1793/2592/1406 3833/2591/1406 3834/2593/1406 1794/2594/1406
f 1794/2594/1407 3834/2593/1407 3835/2588/1407 1795/1426/1407
f 3061/2590/1408 3060/2595/1408 3836/2596/1408 3833/2591/1408
f 3833/2591/1409 3836/2596/1409 3837/2597/1409 3834/2593/1409
f 3834/2593/1410 3837/2597/1410 3838/2589/1410 3835/2588/1410
f 3060/2595/1411 3059/1504/1411 3839/2598/1411 3836/2596/1411
f 3836/2596/1412 3839/2598/1412 3840/2599/1412 3837/2597/1412
f 3837/2597/1413 3840/2599/1413 3841/1505/1413 3838/2589/1413
f 3059/1504/1414 439/1503/1414 1856/2348/1414 3839/2598/1414
f 3839/2598/1415 1856/2348/1415 1857/2350/1415 3840/2599/1415
f 3840/2599/1416 1857/2350/1416 1858/1506/1416 3841/1505/1416
f 1792/1422/1417 3844/2600/1417 3061/2590/1417 419/1423/1417
f 3844/2600/1418 3847/2601/1418 3060/2595/1418 3061/2590/1418
f 3847/2601/1419 3850/1501/1419 3059/1504/1419 3060/2595/1419
f 418/1419/1420 3058/2602/1420 3842/2603/1420 1790/2604/1420
f 1790/2604/1421 3842/2603/1421 3843/2605/1421 1791/2606/1421
f 1791/2606/1422 3843/2605/1422 3844/2600/1422 1792/1422/1422
f 3058/2602/1423 3057/2607/1423 3845/2608/1423 3842/2603/1423
f 3842/2603/1424 3845/2608/1424 3846/2609/1424 3843/2605/1424
f 3843/2605/1425 3846/2609/1425 3847/2601/1425 3844/2600/1425
f 3057/2607/1426 3056/1500/1426 3848/2610/1426 3845/2608/1426
f 3845/2608/1427 3848/2610/1427 3849/2611/1427 3846/2609/1427
f 3846/2609/1428 3849/2611/1428 3850/1501/1428 3847/2601/1428
f 3056/1500/1429 438/1499/1429 1853/2360/1429 3848/2610/1429
f 3848/2610/1430 1853/2360/1430 1854/2362/1430 3849/2611/1430
f 3849/2611/1431 1854/2362/1431 1855/1502/1431 3850/1501/1431
f 1789/1418/1432 3853/2612/1432 3058/2602/1432 418/1419/1432
f 3853/2612/1433 3856/2613/1433 3057/2607/1433 3058/2602/1433
f 3856/2613/1434 3859/1497/1434 3056/1500/1434 3057/2607/1434
f 417/1415/1435 3055/2614/1435 3851/2615/1435 1787/2616/1435
f 1787/2616/1436 3851/2615/1436 3852/2617/1436 1788/2618/1436
f 1788/2618/1437 3852/2617/1437 3853/2612/1437 1789/1418/1437
f 3055/2614/1438 3054/2619/1438 3854/2620/1438 3851/2615/1438
f 3851/2615/1439 3854/2620/1439 3855/2621/1439 3852/2617/1439
f 3852/2617/1440 3855/2621/1440 3856/2613/1440 3853/2612/1440
f 3054/2619/1441 3053/1496/1441 3857/2622/1441 3854/2620/1441
f 3854/2620/1442 3857/2622/1442 3858/2623/1442 3855/2621/1442
f 3855/2621/1443 3858/2623/1443 3859/1497/1443 3856/2613/1443
f 3053/1496/1444 437/1495/1444 1850/2372/1444 3857/2622/1444
f 3857/2622/1445 1850/2372/1445 1851/2374/1445 3858/2623/1445
f 3858/2623/1446 1851/2374/1446 1852/1498/1446 3859/1497/1446
f 1786/1414/1447 3862/2624/1447 3055/2614/1447 417/1415/1447
f 3862/2624/1448 3865/2625/1448 3054/2619/1448 3055/2614/1448
f 3865/2625/1449 3868/1493/1449 3053/1496/1449 3054/2619/1449
f 416/1411/1450 3052/2626/1450 3860/2627/1450 1784/2628/1450
f 1784/2628/1451 3860/2627/1451 3861/2629/1451 1785/2630/1451
f 1785/2630/1452 3861/2629/1452 3862/2624/1452 1786/1414/1452
f 3052/2626/1453 3051/2631/1453 3863/2632/1453 3860/2627/1453
f 3860/2627/1454 3863/2632/1454 3864/2633/1454 3861/2629/1454
f 3861/2629/1455 3864/2633/1455 3865/2625/1455 3862/2624/1455
f 3051/2631/1456 3050/1492/1456 3866/2634/1456 3863/2632/1456
f 3863/2632/1457 3866/2634/1457 3867/2635/1457 3864/2633/1457
f 3864/2633/1458 3867/2635/1458 3868/1493/1458 3865/2625/1458
f 3050/1492/1459 436/1491/1459 1847/2384/1459 3866/2634/1459
f 3866/2634/1460 1847/2384/1460 1848/2386/1460 3867/2635/1460
f 3867/2635/1461 1848/2386/1461 1849/1494/1461 3868/1493/1461
f 1783/1410/1462 3871/2636/1462 3052/2626/1462 416/1411/1462
f 3871/2636/1463 3874/2637/1463 3051/2631/1463 3052/2626/1463
f 3874/2637/1464 3877/1489/1464 3050/1492/1464 3051/2631/1464
f 415/1407/1465 3049/2638/1465 3869/2639/1465 1781/2640/1465
f 1781/2640/1466 3869/2639/1466 3870/2641/1466 1782/2642/1466
f 1782/2642/1467 3870/2641/1467 3871/2636/1467 1783/1410/1467
f 3049/2638/1468 3048/2643/1468 3872/2644/1468 3869/2639/1468
f 3869/2639/1469 3872/2644/1469 3873/2645/1469 3870/2641/1469
f 3870/2641/1470 3873/2645/1470 3874/2637/1470 3871/2636/1470
f 3048/2643/1471 3047/1488/1471 3875/2646/1471 3872/2644/1471
f 3872/2644/1472 3875/2646/1472 3876/2647/1472 3873/2645/1472
f 3873/2645/1473 3876/2647/1473 3877/1489/1473 3874/2637/1473
f 3047/1488/1474 435/1487/1474 1844/2396/1474 3875/2646/1474
f 3875/2646/1475 1844/2396/1475 1845/2398/1475 3876/2647/1475
f 3876/2647/1476 1845/2398/1476 1846/1490/1476 3877/1489/1476
f 1780/1406/1477 3880/2648/1477 3049/2638/1477 415/1407/1477
f 3880/2648/1478 3883/2649/1478 3048/2643/1478 3049/2638/1478
f 3883/2649/1479 3886/1485/1479 3047/1488/1479 3048/2643/1479
f 414/1403/1480 3046/2650/1480 3878/2651/1480 1778/2652/1480
f 1778/2652/1481 3878/2651/1481 3879/2653/1481 1779/2654/1481
f 1779/2654/1482 3879/2653/1482 3880/2648/1482 1780/1406/1482
f 3046/2650/1483 3045/2655/1483 3881/2656/1483 3878/2651/1483
f 3878/2651/1484 3881/2656/1484 3882/2657/1484 3879/2653/1484
f 3879/2653/1485 3882/2657/1485 3883/2649/1485 3880/2648/1485
f 3045/2655/1486 3044/1484/1486 3884/2658/1486 3881/2656/1486
f 3881/2656/1487 3884/2658/1487 3885/2659/1487 3882/2657/1487
f 3882/2657/1488 3885/2659/1488 3886/1485/1488 3883/2649/1488
f 3044/1484/1489 434/1483/1489 1841/2408/1489 3884/2658/1489
f 3884/2658/1490 1841/2408/1490 1842/2410/1490 3885/2659/1490
f 3885/2659/1491 1842/2410/1491 1843/1486/1491 3886/1485/1491
f 1777/1402/1492 3889/2660/1492 3046/2650/1492 414/1403/1492
f 3889/2660/1493 3892/2661/1493 3045/2655/1493 3046/2650/1493
f 3892/2661/1494 3895/1481/1494 3044/1484/1494 3045/2655/1494
f 413/1399/1495 3043/2662/1495 3887/2663/1495 1775/2664/1495
f 1775/2664/1496 3887/2663/1496 3888/2665/1496 1776/2666/1496
f 1776/2666/1497 3888/2665/1497 3889/2660/1497 1777/1402/1497
f 3043/2662/1498 3042/2667/1498 3890/2668/1498 3887/2663/1498
f 3887/2663/1499 3890/2668/1499 3891/2669/1499 3888/2665/1499
f 3888/2665/1500 3891/2669/1500 3892/2661/1500 3889/2660/1500
f 3042/2667/1501 3041/1480/1501 3893/2670/1501 3890/2668/1501
f 3890/2668/1502 3893/2670/1502 3894/2671/1502 3891/2669/1502
f 3891/2669/1503 3894/2671/1503 3895/1481/1503 3892/2661/1503
f 3041/1480/1504 433/1479/1504 1838/2420/1504 3893/2670/1504
f 3893/2670/1505 1838/2420/1505 1839/2422/1505 3894/2671/1505
f 3894/2671/1506 1839/2422/1506 1840/1482/1506 3895/1481/1506
f 1774/1398/1507 3898/2672/1507 3043/2662/1507 413/1399/1507
f 3898/2672/1508 3901/2673/1508 3042/2667/1508 3043/2662/1508
f 3901/2673/1509 3904/1477/1509 3041/1480/1509 3042/2667/1509
f 412/1395/1510 3040/2674/1510 3896/2675/1510 1772/2676/1510
f 1772/2676/1511 3896/2675/1511 3897/2677/1511 1773/2678/1511
f 1773/2678/1512 3897/2677/1512 3898/2672/1512 1774/1398/1512
f 3040/2674/1513 3039/2679/1513 3899/2680/1513 3896/2675/1513
f 3896/2675/1514 3899/2680/1514 3900/2681/1514 3897/2677/1514
f 3897/2677/1515 3900/2681/1515 3901/2673/1515 3898/2672/1515
f 3039/2679/1516 3038/1476/1516 3902/2682/1516 3899/2680/1516
f 3899/2680/1517 3902/2682/1517 3903/2683/1517 3900/2681/1517
f 3900/2681/1518 3903/2683/1518 3904/1477/1518 3901/2673/1518
f 3038/1476/1519 432/1475/1519 1835/2432/1519 3902/2682/1519
f 3902/2682/1520 1835/2432/1520 1836/2434/1520 3903/2683/1520
f 3903/2683/1521 1836/2434/1521 1837/1478/1521 3904/1477/1521
f 1771/1394/1522 3907/2684/1522 3040/2674/1522 412/1395/1522
f 3907/2684/1523 3910/2685/1523 3039/2679/1523 3040/2674/1523
f 3910/2685/1524 3913/1473/1524 3038/1476/1524 3039/2679/1524
f 411/1391/1525 3037/2686/1525 3905/2687/1525 1769/2688/1525
f 1769/2688/1526 3905/2687/1526 3906/2689/1526 1770/2690/1526
f 1770/2690/1527 3906/2689/1527 3907/2684/1527 1771/1394/1527
f 3037/2686/1528 3036/2691/1528 3908/2692/1528 3905/2687/1528
f 3905/2687/1529 3908/2692/1529 3909/2693/1529 3906/2689/1529
f 3906/2689/1530 3909/2693/1530 3910/2685/1530 3907/2684/1530
f 3036/2691/1531 3035/1472/1531 3911/2694/1531 3908/2692/1531
f 3908/2692/1532 3911/2694/1532 3912/2695/1532 3909/2693/1532
f 3909/2693/1533 3912/2695/1533 3913/1473/1533 3910/2685/1533
f 3035/1472/1534 431/1471/1534 1832/2444/1534 3911/2694/1534
f 3911/2694/1535 1832/2444/1535 1833/2446/1535 3912/2695/1535
f 3912/2695/1536 1833/2446/1536 1834/1474/1536 3913/1473/1536
f 1768/1390/1537 3916/2696/1537 3037/2686/1537 411/1391/1537
f 3916/2696/1538 3919/2697/1538 3036/2691/1538 3037/2686/1538
f 3919/2697/1539 3922/1469/1539 3035/1472/1539 3036/2691/1539
f 410/1387/1540 3034/2698/1540 3914/2699/1540 1766/2700/1540
f 1766/2700/1541 3914/2699/1541 3915/2701/1541 1767/2702/1541
f 1767/2702/1542 3915/2701/1542 3916/2696/1542 1768/1390/1542
f 3034/2698/1543 3033/2703/1543 3917/2704/1543 3914/2699/1543
f 3914/2699/1544 3917/2704/1544 3918/2705/1544 3915/2701/1544
f 3915/2701/1545 3918/2705/1545 3919/2697/1545 3916/2696/1545
f 3033/2703/1546 3032/1468/1546 3920/2706/1546 3917/2704/1546
f 3917/2704/1547 3920/2706/1547 3921/2707/1547 3918/2705/1547
f 3918/2705/1548 3921/2707/1548 3922/1469/1548 3919/2697/1548
f 3032/1468/1549 430/1467/1549 1829/2456/1549 3920/2706/1549
f 3920/2706/1550 1829/2456/1550 1830/2458/1550 3921/2707/1550
f 3921/2707/1551 1830/2458/1551 1831/1470/1551 3922/1469/1551
f 1765/1386/1552 3925/2708/1552 3034/2698/1552 410/1387/1552
f 3925/2708/1553 3928/2709/1553 3033/2703/1553 3034/2698/1553
f 3928/2709/1554 3931/1465/1554 3032/1468/1554 3033/2703/1554
f 409/1383/1555 3031/2710/1555 3923/2711/1555 1763/2712/1555
f 1763/2712/1556 3923/2711/1556 3924/2713/1556 1764/2714/1556
f 1764/2714/1557 3924/2713/1557 3925/2708/1557 1765/1386/1557
f 3031/2710/1558 3030/2715/1558 3926/2716/1558 3923/2711/1558
f 3923/2711/1559 3926/2716/1559 3927/2717/1559 3924/2713/1559
f 3924/2713/1560 3927/2717/1560 3928/2709/1560 3925/2708/1560
f 3030/2715/1561 3029/1464/1561 3929/2718/1561 3926/2716/1561
f 3926/2716/1562 3929/2718/1562 3930/2719/1562 3927/2717/1562
f 3927/2717/1563 3930/2719/1563 3931/1465/1563 3928/2709/1563
f 3029/1464/1564 429/1463/1564 1826/2468/1564 3929/2718/1564
f 3929/2718/1565 1826/2468/1565 1827/2470/1565 3930/2719/1565
f 3930/2719/1566 1827/2470/1566 1828/1466/1566 3931/1465/1566
f 1762/1382/1567 3934/2720/1567 3031/2710/1567 409/1383/1567
f 3934/2720/1568 3937/2721/1568 3030/2715/1568 3031/2710/1568
f 3937/2721/1569 3940/1461/1569 3029/1464/1569 3030/2715/1569
f 408/1379/1570 3028/2722/1570 3932/2723/1570 1760/2724/1570
f 1760/2724/1571 3932/2723/1571 3933/2725/1571 1761/2726/1571
f 1761/2726/1572 3933/2725/1572 3934/2720/1572 1762/1382/1572
f 3028/2722/1573 3027/2727/1573 3935/2728/1573 3932/2723/1573
f 3932/2723/1574 3935/2728/1574 3936/2729/1574 3933/2725/1574
f 3933/2725/1575 3936/2729/1575 3937/2721/1575 3934/2720/1575
f 3027/2727/1576 3026/1460/1576 3938/2730/1576 3935/2728/1576
f 3935/2728/1577 3938/2730/1577 3939/2731/1577 3936/2729/1577
f 3936/2729/1578 3939/2731/1578 3940/1461/1578 3937/2721/1578
f 3026/1460/1579 428/1459/1579 1823/2480/1579 3938/2730/1579
f 3938/2730/1580 1823/2480/1580 1824/2482/1580 3939/2731/1580
f 3939/2731/1581 1824/2482/1581 1825/1462/1581 3940/1461/1581
f 1759/1378/1582 3943/2732/1582 3028/2722/1582 408/1379/1582
f 3943/2732/1583 3946/2733/1583 3027/2727/1583 3028/2722/1583
f 3946/2733/1584 3949/1457/1584 3026/1460/1584 3027/2727/1584
f 407/1375/1585 3025/2734/1585 3941/2735/1585 1757/2736/1585
f 1757/2736/1586 3941/2735/1586 3942/2737/1586 1758/2738/1586
f 1758/2738/1587 3942/2737/1587 3943/2732/1587 1759/1378/1587
f 3025/2734/1588 3024/2739/1588 3944/2740/1588 3941/2735/1588
f 3941/2735/1589 3944/2740/1589 3945/2741/1589 3942/2737/1589
f 3942/2737/1590 3945/2741/1590 3946/2733/1590 3943/2732/1590
f 3024/2739/1591 3023/1456/1591 3947/2742/1591 3944/2740/1591
f 3944/2740/1592 3947/2742/1592 3948/2743/1592 3945/2741/1592
f 3945/2741/1593 3948/2743/1593 3949/1457/1593 3946/2733/1593
f 3023/1456/1594 427/1455/1594 1820/2492/1594 3947/2742/1594
f 3947/2742/1595 1820/2492/1595 1821/2494/1595 3948/2743/1595
f 3948/2743/1596 1821/2494/1596 1822/1458/1596 3949/1457/1596
f 1756/1374/1597 3952/2744/1597 3025/2734/1597 407/1375/1597
f 3952/2744/1598 3955/2745/1598 3024/2739/1598 3025/2734/1598
f 3955/2745/1599 3958/1453/1599 3023/1456/1599 3024/2739/1599
f 406/1371/1600 3022/2746/1600 3950/2747/1600 1754/2748/1600
f 1754/2748/1601 3950/2747/1601 3951/2749/1601 1755/2750/1601
f 1755/2750/1602 3951/2749/1602 3952/2744/1602 1756/1374/1602
f 3022/2746/1603 3021/2751/1603 3953/2752/1603 3950/2747/1603
f 3950/2747/1604 3953/2752/1604 3954/2753/1604 3951/2749/1604
f 3951/2749/1605 3954/2753/1605 3955/2745/1605 3952/2744/1605
f 3021/2751/1606 3020/1452/1606 3956/2754/1606 3953/2752/1606
f 3953/2752/1607 3956/2754/1607 3957/2755/1607 3954/2753/1607
f 3954/2753/1608 3957/2755/1608 3958/1453/1608 3955/2745/1608
f 3020/1452/1609 426/1451/1609 1817/2504/1609 3956/2754/1609
f 3956/2754/1610 1817/2504/1610 1818/2506/1610 3957/2755/1610
f 3957/2755/1611 1818/2506/1611 1819/1454/1611 3958/1453/1611
f 1753/1370/1612 3961/2756/1612 3022/2746/1612 406/1371/1612
f 3961/2756/1613 3964/2757/1613 3021/2751/1613 3022/2746/1613
f 3964/2757/1614 3967/1449/1614 3020/1452/1614 3021/2751/1614
f 405/1367/1615 3019/2758/1615 3959/2759/1615 1751/2760/1615
f 1751/2760/1616 3959/2759/1616 3960/2761/1616 1752/2762/1616
f 1752/2762/1617 3960/2761/1617 3961/2756/1617 1753/1370/1617
f 3019/2758/1618 3018/2763/1618 3962/2764/1618 3959/2759/1618
f 3959/2759/1619 3962/2764/1619 3963/2765/1619 3960/2761/1619
f 3960/2761/1620 3963/2765/1620 3964/2757/1620 3961/2756/1620
f 3018/2763/1621 3017/1448/1621 3965/2766/1621 3962/2764/1621
f 3962/2764/1622 3965/2766/1622 3966/2767/1622 3963/2765/1622
f 3963/2765/1623 3966/2767/1623 3967/1449/1623 3964/2757/1623
f 3017/1448/1624 425/1447/1624 1814/2516/1624 3965/2766/1624
f 3965/2766/1625 1814/2516/1625 1815/2518/1625 3966/2767/1625
f 3966/2767/1626 1815/2518/1626 1816/1450/1626 3967/1449/1626
f 1750/1366/1627 3970/2768/1627 3019/2758/1627 405/1367/1627
f 3970/2768/1628 3973/2769/1628 3018/2763/1628 3019/2758/1628
f 3973/2769/1629 3976/1445/1629 3017/1448/1629 3018/2763/1629
f 41/2770/1630 608/2771/1630 3968/2772/1630 1748/2773/1630
f 1748/2773/1631 3968/2772/1631 3969/2774/1631 1749/2775/1631
f 1749/2775/1632 3969/2774/1632 3970/2768/1632 1750/1366/1632
f 608/2771/1633 609/2776/1633 3971/2777/1633 3968/2772/1633
f 3968/2772/1634 3971/2777/1634 3972/2778/1634 3969/2774/1634
f 3969/2774/1635 3972/2778/1635 3973/2769/1635 3970/2768/1635
f 609/2776/1636 610/2779/1636 3974/2780/1636 3971/2777/1636
f 3971/2777/1637 3974/2780/1637 3975/2781/1637 3972/2778/1637
f 3972/2778/1638 3975/2781/1638 3976/1445/1638 3973/2769/1638
f 610/2779/1639 42/2526/1639 1811/2529/1639 3974/2780/1639
f 3974/2780/1640 1811/2529/1640 1812/2531/1640 3975/2781/1640
f 3975/2781/1641 1812/2531/1641 1813/1446/1641 3976/1445/1641
f 1744/1362/1642 3979/2782/1642 3016/2783/1642 404/1363/1642
f 3979/2782/1643 3982/2784/1643 3015/2785/1643 3016/2783/1643
f 3982/2784/1644 3985/1441/1644 3014/1444/1644 3015/2785/1644
f 403/1359/1645 3013/2786/1645 3977/2787/1645 1742/2788/1645
f 1742/2788/1646 3977/2787/1646 3978/2789/1646 1743/2790/1646
f 1743/2790/1647 3978/2789/1647 3979/2782/1647 1744/1362/1647
f 3013/2786/1648 3012/2791/1648 3980/2792/1648 3977/2787/1648
f 3977/2787/1649 3980/2792/1649 3981/2793/1649 3978/2789/1649
f 3978/2789/1650 3981/2793/1650 3982/2784/1650 3979/2782/1650
f 3012/2791/1651 3011/1440/1651 3983/2794/1651 3980/2792/1651
f 3980/2792/1652 3983/2794/1652 3984/2795/1652 3981/2793/1652
f 3981/2793/1653 3984/2795/1653 3985/1441/1653 3982/2784/1653
f 3011/1440/1654 423/1439/1654 1805/2544/1654 3983/2794/1654
f 3983/2794/1655 1805/2544/1655 1806/2546/1655 3984/2795/1655
f 3984/2795/1656 1806/2546/1656 1807/1442/1656 3985/1441/1656
f 1741/1358/1657 3988/2796/1657 3013/2786/1657 403/1359/1657
f 3988/2796/1658 3991/2797/1658 3012/2791/1658 3013/2786/1658
f 3991/2797/1659 3994/1437/1659 3011/1440/1659 3012/2791/1659
f 402/1355/1660 3010/2798/1660 3986/2799/1660 1739/2800/1660
f 1739/2800/1661 3986/2799/1661 3987/2801/1661 1740/2802/1661
f 1740/2802/1662 3987/2801/1662 3988/2796/1662 1741/1358/1662
f 3010/2798/1663 3009/2803/1663 3989/2804/1663 3986/2799/1663
f 3986/2799/1664 3989/2804/1664 3990/2805/1664 3987/2801/1664
f 3987/2801/1665 3990/2805/1665 3991/2797/1665 3988/2796/1665
f 3009/2803/1666 3008/1436/1666 3992/2806/1666 3989/2804/1666
f 3989/2804/1667 3992/2806/1667 3993/2807/1667 3990/2805/1667
f 3990/2805/1668 3993/2807/1668 3994/1437/1668 3991/2797/1668
f 3008/1436/1669 422/1435/1669 1802/2556/1669 3992/2806/1669
f 3992/2806/1670 1802/2556/1670 1803/2558/1670 3993/2807/1670
f 3993/2807/1671 1803/2558/1671 1804/1438/1671 3994/1437/1671
f 1738/1354/1672 3997/2808/1672 3010/2798/1672 402/1355/1672
f 3997/2808/1673 4000/2809/1673 3009/2803/1673 3010/2798/1673
f 4000/2809/1674 4003/1433/1674 3008/1436/1674 3009/2803/1674
f 401/1351/1675 3007/2810/1675 3995/2811/1675 1736/2812/1675
f 1736/2812/1676 3995/2811/1676 3996/2813/1676 1737/2814/1676
f 1737/2814/1677 3996/2813/1677 3997/2808/1677 1738/1354/1677
f 3007/2810/1678 3006/2815/1678 3998/2816/1678 3995/2811/1678
f 3995/2811/1679 3998/2816/1679 3999/2817/1679 3996/2813/1679
f 3996/2813/1680 3999/2817/1680 4000/2809/1680 3997/2808/1680
f 3006/2815/1681 3005/1432/1681 4001/2818/1681 3998/2816/1681
f 3998/2816/1682 4001/2818/1682 4002/2819/1682 3999/2817/1682
f 3999/2817/1683 4002/2819/1683 4003/1433/1683 4000/2809/1683
f 3005/1432/1684 421/1431/1684 1799/2568/1684 4001/2818/1684
f 4001/2818/1685 1799/2568/1685 1800/2570/1685 4002/2819/1685
f 4002/2819/1686 1800/2570/1686 1801/1434/1686 4003/1433/1686
f 1735/1350/1687 4006/2820/1687 3007/2810/1687 401/1351/1687
f 4006/2820/1688 4009/2821/1688 3006/2815/1688 3007/2810/1688
f 4009/2821/1689 4012/1429/1689 3005/1432/1689 3006/2815/1689
f 400/1347/1690 3004/2822/1690 4004/2823/1690 1733/2824/1690
f 1733/2824/1691 4004/2823/1691 4005/2825/1691 1734/2826/1691
f 1734/2826/1692 4005/2825/1692 4006/2820/1692 1735/1350/1692
f 3004/2822/1693 3003/2827/1693 4007/2828/1693 4004/2823/1693
f 4004/2823/1694 4007/2828/1694 4008/2829/1694 4005/2825/1694
f 4005/2825/1695 4008/2829/1695 4009/2821/1695 4006/2820/1695
f 3003/2827/1696 3002/1428/1696 4010/2830/1696 4007/2828/1696
f 4007/2828/1697 4010/2830/1697 4011/2831/1697 4008/2829/1697
f 4008/2829/1698 4011/2831/1698 4012/1429/1698 4009/2821/1698
f 3002/1428/1699 420/1427/1699 1796/2580/1699 4010/2830/1699
f 4010/2830/1700 1796/2580/1700 1797/2582/1700 4011/2831/1700
f 4011/2831/1701 1797/2582/1701 1798/1430/1701 4012/1429/1701
f 1732/1346/1702 4015/2832/1702 3004/2822/1702 400/1347/1702
f 4015/2832/1703 4018/2833/1703 3003/2827/1703 3004/2822/1703
f 4018/2833/1704 4021/1425/1704 3002/1428/1704 3003/2827/1704
f 399/1343/1705 3001/2834/1705 4013/2835/1705 1730/2836/1705
f 1730/2836/1706 4013/2835/1706 4014/2837/1706 1731/2838/1706
f 1731/2838/1707 4014/2837/1707 4015/2832/1707 1732/1346/1707
f 3001/2834/1708 3000/2839/1708 4016/2840/1708 4013/2835/1708
f 4013/2835/1709 4016/2840/1709 4017/2841/1709 4014/2837/1709
f 4014/2837/1710 4017/2841/1710 4018/2833/1710 4015/2832/1710
f 3000/2839/1711 2999/1424/1711 4019/2842/1711 4016/2840/1711
f 4016/2840/1712 4019/2842/1712 4020/2843/1712 4017/2841/1712
f 4017/2841/1713 4020/2843/1713 4021/1425/1713 4018/2833/1713
f 2999/1424/1714 419/1423/1714 1793/2592/1714 4019/2842/1714
f 4019/2842/1715 1793/2592/1715 1794/2594/1715 4020/2843/1715
f 4020/2843/1716 1794/2594/1716 1795/1426/1716 4021/1425/1716
f 1729/1342/1717 4024/2844/1717 3001/2834/1717 399/1343/1717
f 4024/2844/1718 4027/2845/1718 3000/2839/1718 3001/2834/1718
f 4027/2845/1719 4030/1421/1719 2999/1424/1719 3000/2839/1719
f 398/1339/1720 2998/2846/1720 4022/2847/1720 1727/2848/1720
f 1727/2848/1721 4022/2847/1721 4023/2849/1721 1728/2850/1721
f 1728/2850/1722 4023/2849/1722 4024/2844/1722 1729/1342/1722
f 2998/2846/1723 2997/2851/1723 4025/2852/1723 4022/2847/1723
f 4022/2847/1724 4025/2852/1724 4026/2853/1724 4023/2849/1724
f 4023/2849/1725 4026/2853/1725 4027/2845/1725 4024/2844/1725
f 2997/2851/1726 2996/1420/1726 4028/2854/1726 4025/2852/1726
f 4025/2852/1727 4028/2854/1727 4029/2855/1727 4026/2853/1727
f 4026/2853/1728 4029/2855/1728 4030/1421/1728 4027/2845/1728
f 2996/1420/1729 418/1419/1729 1790/2604/1729 4028/2854/1729
f 4028/2854/1730 1790/2604/1730 1791/2606/1730 4029/2855/1730
f 4029/2855/1731 1791/2606/1731 1792/1422/1731 4030/1421/1731
f 1726/1338/1732 4033/2856/1732 2998/2846/1732 398/1339/1732
f 4033/2856/1733 4036/2857/1733 2997/2851/1733 2998/2846/1733
f 4036/2857/1734 4039/1417/1734 2996/1420/1734 2997/2851/1734
f 397/1335/1735 2995/2858/1735 4031/2859/1735 1724/2860/1735
f 1724/2860/1736 4031/2859/1736 4032/2861/1736 1725/2862/1736
f 1725/2862/1737 4032/2861/1737 4033/2856/1737 1726/1338/1737
f 2995/2858/1738 2994/2863/1738 4034/2864/1738 4031/2859/1738
f 4031/2859/1739 4034/2864/1739 4035/2865/1739 4032/2861/1739
f 4032/2861/1740 4035/2865/1740 4036/2857/1740 4033/2856/1740
f 2994/2863/1741 2993/1416/1741 4037/2866/1741 4034/2864/1741
f 4034/2864/1742 4037/2866/1742 4038/2867/1742 4035/2865/1742
f 4035/2865/1743 4038/2867/1743 4039/1417/1743 4036/2857/1743
f 2993/1416/1744 417/1415/1744 1787/2616/1744 4037/2866/1744
f 4037/2866/1745 1787/2616/1745 1788/2618/1745 4038/2867/1745
f 4038/2867/1746 1788/2618/1746 1789/1418/1746 4039/1417/1746
f 1723/1334/1747 4042/2868/1747 2995/2858/1747 397/1335/1747
f 4042/2868/1748 4045/2869/1748 2994/2863/1748 2995/2858/1748
f 4045/2869/1749 4048/1413/1749 2993/1416/1749 2994/2863/1749
f 396/1331/1750 2992/2870/1750 4040/2871/1750 1721/2872/1750
f 1721/2872/1751 4040/2871/1751 4041/2873/1751 1722/2874/1751
f 1722/2874/1752 4041/2873/1752 4042/2868/1752 1723/1334/1752
f 2992/2870/1753 2991/2875/1753 4043/2876/1753 4040/2871/1753
f 4040/2871/1754 4043/2876/1754 4044/2877/1754 4041/2873/1754
f 4041/2873/1755 4044/2877/1755 4045/2869/1755 4042/2868/1755
f 2991/2875/1756 2990/1412/1756 4046/2878/1756 4043/2876/1756
f 4043/2876/1757 4046/2878/1757 4047/2879/1757 4044/2877/1757
f 4044/2877/1758 4047/2879/1758 4048/1413/1758 4045/2869/1758
f 2990/1412/1759 416/1411/1759 1784/2628/1759 4046/2878/1759
f 4046/2878/1760 1784/2628/1760 1785/2630/1760 4047/2879/1760
f 4047/2879/1761 1785/2630/1761 1786/1414/1761 4048/1413/1761
f 1720/1330/1762 4051/2880/1762 2992/2870/1762 396/1331/1762
f 4051/2880/1763 4054/2881/1763 2991/2875/1763 2992/2870/1763
f 4054/2881/1764 4057/1409/1764 2990/1412/1764 2991/2875/1764
f 395/1327/1765 2989/2882/1765 4049/2883/1765 1718/2884/1765
f 1718/2884/1766 4049/2883/1766 4050/2885/1766 1719/2886/1766
f 1719/2886/1767 4050/2885/1767 4051/2880/1767 1720/1330/1767
f 2989/2882/1768 2988/2887/1768 4052/2888/1768 4049/2883/1768
f 4049/2883/1769 4052/2888/1769 4053/2889/1769 4050/2885/1769
f 4050/2885/1770 4053/2889/1770 4054/2881/1770 4051/2880/1770
f 2988/2887/1771 2987/1408/1771 4055/2890/1771 4052/2888/1771
f 4052/2888/1772 4055/2890/1772 4056/2891/1772 4053/2889/1772
f 4053/2889/1773 4056/2891/1773 4057/1409/1773 4054/2881/1773
f 2987/1408/1774 415/1407/1774 1781/2640/1774 4055/2890/1774
f 4055/2890/1775 1781/2640/1775 1782/2642/1775 4056/2891/1775
f 4056/2891/1776 1782/2642/1776 1783/1410/1776 4057/1409/1776
f 1717/1326/1777 4060/2892/1777 2989/2882/1777 395/1327/1777
f 4060/2892/1778 4063/2893/1778 2988/2887/1778 2989/2882/1778
f 4063/2893/1779 4066/1405/1779 2987/1408/1779 2988/2887/1779
f 394/1323/1780 2986/2894/1780 4058/2895/1780 1715/2896/1780
f 1715/2896/1781 4058/2895/1781 4059/2897/1781 1716/2898/1781
f 1716/2898/1782 4059/2897/1782 4060/2892/1782 1717/1326/1782
f 2986/2894/1783 2985/2899/1783 4061/2900/1783 4058/2895/1783
f 4058/2895/1784 4061/2900/1784 4062/2901/1784 4059/2897/1784
f 4059/2897/1785 4062/2901/1785 4063/2893/1785 4060/2892/1785
f 2985/2899/1786 2984/1404/1786 4064/2902/1786 4061/2900/1786
f 4061/2900/1787 4064/2902/1787 4065/2903/1787 4062/2901/1787
f 4062/2901/1788 4065/2903/1788 4066/1405/1788 4063/2893/1788
f 2984/1404/1789 414/1403/1789 1778/2652/1789 4064/2902/1789
f 4064/2902/1790 1778/2652/1790 1779/2654/1790 4065/2903/1790
f 4065/2903/1791 1779/2654/1791 1780/1406/1791 4066/1405/1791
f 1714/1322/1792 4069/2904/1792 2986/2894/1792 394/1323/1792
f 4069/2904/1793 4072/2905/1793 2985/2899/1793 2986/2894/1793
f 4072/2905/1794 4075/1401/1794 2984/1404/1794 2985/2899/1794
f 393/1319/1795 2983/2906/1795 4067/2907/1795 1712/2908/1795
f 1712/2908/1796 4067/2907/1796 4068/2909/1796 1713/2910/1796
f 1713/2910/1797 4068/2909/1797 4069/2904/1797 1714/1322/1797
f 2983/2906/1798 2982/2911/1798 4070/2912/1798 4067/2907/1798
f 4067/2907/1799 4070/2912/1799 4071/2913/1799 4068/2909/1799
f 4068/2909/1800 4071/2913/1800 4072/2905/1800 4069/2904/1800
f 2982/2911/1801 2981/1400/1801 4073/2914/1801 4070/2912/1801
f 4070/2912/1802 4073/2914/1802 4074/2915/1802 4071/2913/1802
f 4071/2913/1803 4074/2915/1803 4075/1401/1803 4072/2905/1803
f 2981/1400/1804 413/1399/1804 1775/2664/1804 4073/2914/1804
f 4073/2914/1805 1775/2664/1805 1776/2666/1805 4074/2915/1805
f 4074/2915/1806 1776/2666/1806 1777/1402/1806 4075/1401/1806
f 1711/1318/1807 4078/2916/1807 2983/2906/1807 393/1319/1807
f 4078/2916/1808 4081/2917/1808 2982/2911/1808 2983/2906/1808
f 4081/2917/1809 4084/1397/1809 2981/1400/1809 2982/2911/1809
f 392/1315/1810 2980/2918/1810 4076/2919/1810 1709/2920/1810
f 1709/2920/1811 4076/2919/1811 4077/2921/1811 1710/2922/1811
f 1710/2922/1812 4077/2921/1812 4078/2916/1812 1711/1318/1812
f 2980/2918/1813 2979/2923/1813 4079/2924/1813 4076/2919/1813
f 4076/2919/1814 4079/2924/1814 4080/2925/1814 4077/2921/1814
f 4077/2921/1815 4080/2925/1815 4081/2917/1815 4078/2916/1815
f 2979/2923/1816 2978/1396/1816 4082/2926/1816 4079/2924/1816
f 4079/2924/1817 4082/2926/1817 4083/2927/1817 4080/2925/1817
f 4080/2925/1818 4083/2927/1818 4084/1397/1818 4081/2917/1818
f 2978/1396/1819 412/1395/1819 1772/2676/1819 4082/2926/1819
f 4082/2926/1820 1772/2676/1820 1773/2678/1820 4083/2927/1820
f 4083/2927/1821 1773/2678/1821 1774/1398/1821 4084/1397/1821
f 1708/1314/1822 4087/2928/1822 2980/2918/1822 392/1315/1822
f 4087/2928/1823 4090/2929/1823 2979/2923/1823 2980/2918/1823
f 4090/2929/1824 4093/1393/1824 2978/1396/1824 2979/2923/1824
f 391/1311/1825 2977/2930/1825 4085/2931/1825 1706/2932/1825
f 1706/2932/1826 4085/2931/1826 4086/2933/1826 1707/2934/1826
f 1707/2934/1827 4086/2933/1827 4087/2928/1827 1708/1314/1827
f 2977/2930/1828 2976/2935/1828 4088/2936/1828 4085/2931/1828
f 4085/2931/1829 4088/2936/1829 4089/2937/1829 4086/2933/1829
f 4086/2933/1830 4089/2937/1830 4090/2929/1830 4087/2928/1830
f 2976/2935/1831 2975/1392/1831 4091/2938/1831 4088/2936/1831
f 4088/2936/1832 4091/2938/1832 4092/2939/1832 4089/2937/1832
f 4089/2937/1833 4092/2939/1833 4093/1393/1833 4090/2929/1833
f 2975/1392/1834 411/1391/1834 1769/2688/1834 4091/2938/1834
f 4091/2938/1835 1769/2688/1835 1770/2690/1835 4092/2939/1835
f 4092/2939/1836 1770/2690/1836 1771/1394/1836 4093/1393/1836
f 1705/1310/1837 4096/2940/1837 2977/2930/1837 391/1311/1837
f 4096/2940/1838 4099/2941/1838 2976/2935/1838 2977/2930/1838
f 4099/2941/1839 4102/1389/1839 2975/1392/1839 2976/2935/1839
f 390/1307/1840 2974/2942/1840 4094/2943/1840 1703/2944/1840
f 1703/2944/1841 4094/2943/1841 4095/2945/1841 1704/2946/1841
f 1704/2946/1842 4095/2945/1842 4096/2940/1842 1705/1310/1842
f 2974/2942/1843 2973/2947/1843 4097/2948/1843 4094/2943/1843
f 4094/2943/1844 4097/2948/1844 4098/2949/1844 4095/2945/1844
f 4095/2945/1845 4098/2949/1845 4099/2941/1845 4096/2940/1845
f 2973/2947/1846 2972/1388/1846 4100/2950/1846 4097/2948/1846
f 4097/2948/1847 4100/2950/1847 4101/2951/1847 4098/2949/1847
f 4098/2949/1848 4101/2951/1848 4102/1389/1848 4099/2941/1848
f 2972/1388/1849 410/1387/1849 1766/2700/1849 4100/2950/1849
f 4100/2950/1850 1766/2700/1850 1767/2702/1850 4101/2951/1850
f 4101/2951/1851 1767/2702/1851 1768/1390/1851 4102/1389/1851
f 1702/1306/1852 4105/2952/1852 2974/2942/1852 390/1307/1852
f 4105/2952/1853 4108/2953/1853 2973/2947/1853 2974/2942/1853
f 4108/2953/1854 4111/1385/1854 2972/1388/1854 2973/2947/1854
f 389/1303/1855 2971/2954/1855 4103/2955/1855 1700/2956/1855
f 1700/2956/1856 4103/2955/1856 4104/2957/1856 1701/2958/1856
f 1701/2958/1857 4104/2957/1857 4105/2952/1857 1702/1306/1857
f 2971/2954/1858 2970/2959/1858 4106/2960/1858 4103/2955/1858
f 4103/2955/1859 4106/2960/1859 4107/2961/1859 4104/2957/1859
f 4104/2957/1860 4107/2961/1860 4108/2953/1860 4105/2952/1860
f 2970/2959/1861 2969/1384/1861 4109/2962/1861 4106/2960/1861
f 4106/2960/1862 4109/2962/1862 4110/2963/1862 4107/2961/1862
f 4107/2961/1863 4110/2963/1863 4111/1385/1863 4108/2953/1863
f 2969/1384/1864 409/1383/1864 1763/2712/1864 4109/2962/1864
f 4109/2962/1865 1763/2712/1865 1764/2714/1865 4110/2963/1865
f 4110/2963/1866 1764/2714/1866 1765/1386/1866 4111/1385/1866
f 1699/1302/1867 4114/2964/1867 2971/2954/1867 389/1303/1867
f 4114/2964/1868 4117/2965/1868 2970/2959/1868 2971/2954/1868
f 4117/2965/1869 4120/1381/1869 2969/1384/1869 2970/2959/1869
f 388/1299/1870 2968/2966/1870 4112/2967/1870 1697/2968/1870
f 1697/2968/1871 4112/2967/1871 4113/2969/1871 1698/2970/1871
f 1698/2970/1872 4113/2969/1872 4114/2964/1872 1699/1302/1872
f 2968/2966/1873 2967/2971/1873 4115/2972/1873 4112/2967/1873
f 4112/2967/1874 4115/2972/1874 4116/2973/1874 4113/2969/1874
f 4113/2969/1875 4116/2973/1875 4117/2965/1875 4114/2964/1875
f 2967/2971/1876 2966/1380/1876 4118/2974/1876 4115/2972/1876
f 4115/2972/1877 4118/2974/1877 4119/2975/1877 4116/2973/1877
f 4116/2973/1878 4119/2975/1878 4120/1381/1878 4117/2965/1878
f 2966/1380/1879 408/1379/1879 1760/2724/1879 4118/2974/1879
f 4118/2974/1880 1760/2724/1880 1761/2726/1880 4119/2975/1880
f 4119/2975/1881 1761/2726/1881 1762/1382/1881 4120/1381/1881
f 1696/1298/1882 4123/2976/1882 2968/2966/1882 388/1299/1882
f 4123/2976/1883 4126/2977/1883 2967/2971/1883 2968/2966/1883
f 4126/2977/1884 4129/1377/1884 2966/1380/1884 2967/2971/1884
f 387/1295/1885 2965/2978/1885 4121/2979/1885 1694/2980/1885
f 1694/2980/1886 4121/2979/1886 4122/2981/1886 1695/2982/1886
f 1695/2982/1887 4122/2981/1887 4123/2976/1887 1696/1298/1887
f 2965/2978/1888 2964/2983/1888 4124/2984/1888 4121/2979/1888
f 4121/2979/1889 4124/2984/1889 4125/2985/1889 4122/2981/1889
f 4122/2981/1890 4125/2985/1890 4126/2977/1890 4123/2976/1890
f 2964/2983/1891 2963/1376/1891 4127/2986/1891 4124/2984/1891
f 4124/2984/1892 4127/2986/1892 4128/2987/1892 4125/2985/1892
f 4125/2985/1893 4128/2987/1893 4129/1377/1893 4126/2977/1893
f 2963/1376/1894 407/1375/1894 1757/2736/1894 4127/2986/1894
f 4127/2986/1895 1757/2736/1895 1758/2738/1895 4128/2987/1895
f 4128/2987/1896 1758/2738/1896 1759/1378/1896 4129/1377/1896
f 1693/1294/1897 4132/2988/1897 2965/2978/1897 387/1295/1897
f 4132/2988/1898 4135/2989/1898 2964/2983/1898 2965/2978/1898
f 4135/2989/1899 4138/1373/1899 2963/1376/1899 2964/2983/1899
f 386/1291/1900 2962/2990/1900 4130/2991/1900 1691/2992/1900
f 1691/2992/1901 4130/2991/1901 4131/2993/1901 1692/2994/1901
f 1692/2994/1902 4131/2993/1902 4132/2988/1902 1693/1294/1902
f 2962/2990/1903 2961/2995/1903 4133/2996/1903 4130/2991/1903
f 4130/2991/1904 4133/2996/1904 4134/2997/1904 4131/2993/1904
f 4131/2993/1905 4134/2997/1905 4135/2989/1905 4132/2988/1905
f 2961/2995/1906 2960/1372/1906 4136/2998/1906 4133/2996/1906
f 4133/2996/1907 4136/2998/1907 4137/2999/1907 4134/2997/1907
f 4134/2997/1908 4137/2999/1908 4138/1373/1908 4135/2989/1908
f 2960/1372/1909 406/1371/1909 1754/2748/1909 4136/2998/1909
f 4136/2998/1910 1754/2748/1910 1755/2750/1910 4137/2999/1910
f 4137/2999/1911 1755/2750/1911 1756/1374/1911 4138/1373/1911
f 1690/1290/1912 4141/3000/1912 2962/2990/1912 386/1291/1912
f 4141/3000/1913 4144/3001/1913 2961/2995/1913 2962/2990/1913
f 4144/3001/1914 4147/1369/1914 2960/1372/1914 2961/2995/1914
f 385/1287/1915 2959/3002/1915 4139/3003/1915 1688/3004/1915
f 1688/3004/1916 4139/3003/1916 4140/3005/1916 1689/3006/1916
f 1689/3006/1917 4140/3005/1917 4141/3000/1917 1690/1290/1917
f 2959/3002/1918 2958/3007/1918 4142/3008/1918 4139/3003/1918
f 4139/3003/1919 4142/3008/1919 4143/3009/1919 4140/3005/1919
f 4140/3005/1920 4143/3009/1920 4144/3001/1920 4141/3000/1920
f 2958/3007/1921 2957/1368/1921 4145/3010/1921 4142/3008/1921
f 4142/3008/1922 4145/3010/1922 4146/3011/1922 4143/3009/1922
f 4143/3009/1923 4146/3011/1923 4147/1369/1923 4144/3001/1923
f 2957/1368/1924 405/1367/1924 1751/2760/1924 4145/3010/1924
f 4145/3010/1925 1751/2760/1925 1752/2762/1925 4146/3011/1925
f 4146/3011/1926 1752/2762/1926 1753/1370/1926 4147/1369/1926
f 1687/1286/1927 4150/3012/1927 2959/3002/1927 385/1287/1927
f 4150/3012/1928 4153/3013/1928 2958/3007/1928 2959/3002/1928
f 4153/3013/1929 4156/1365/1929 2957/1368/1929 2958/3007/1929
f 40/3014/1930 605/3015/1930 4148/3016/1930 1685/3017/1930
f 1685/3017/1931 4148/3016/1931 4149/3018/1931 1686/3019/1931
f 1686/3019/1932 4149/3018/1932 4150/3012/1932 1687/1286/1932
f 605/3015/1933 606/3020/1933 4151/3021/1933 4148/3016/1933
f 4148/3016/1934 4151/3021/1934 4152/3022/1934 4149/3018/1934
f 4149/3018/1935 4152/3022/1935 4153/3013/1935 4150/3012/1935
f 606/3020/1936 607/3023/1936 4154/3024/1936 4151/3021/1936
f 4151/3021/1937 4154/3024/1937 4155/3025/1937 4152/3022/1937
f 4152/3022/1938 4155/3025/1938 4156/1365/1938 4153/3013/1938
f 607/3023/1939 41/2770/1939 1748/2773/1939 4154/3024/1939
f 4154/3024/1940 1748/2773/1940 1749/2775/1940 4155/3025/1940
f 4155/3025/1941 1749/2775/1941 1750/1366/1941 4156/1365/1941
f 1681/1282/1942 4159/3026/1942 2956/3027/1942 384/1283/1942
f 4159/3026/1943 4162/3028/1943 2955/3029/1943 2956/3027/1943
f 4162/3028/1944 4165/1361/1944 2954/1364/1944 2955/3029/1944
f 383/1279/1945 2953/3030/1945 4157/3031/1945 1679/3032/1945
f 1679/3032/1946 4157/3031/1946 4158/3033/1946 1680/3034/1946
f 1680/3034/1947 4158/3033/1947 4159/3026/1947 1681/1282/1947
f 2953/3030/1948 2952/3035/1948 4160/3036/1948 4157/3031/1948
f 4157/3031/1949 4160/3036/1949 4161/3037/1949 4158/3033/1949
f 4158/3033/1950 4161/3037/1950 4162/3028/1950 4159/3026/1950
f 2952/3035/1951 2951/1360/1951 4163/3038/1951 4160/3036/1951
f 4160/3036/1952 4163/3038/1952 4164/3039/1952 4161/3037/1952
f 4161/3037/1953 4164/3039/1953 4165/1361/1953 4162/3028/1953
f 2951/1360/1954 403/1359/1954 1742/2788/1954 4163/3038/1954
f 4163/3038/1955 1742/2788/1955 1743/2790/1955 4164/3039/1955
f 4164/3039/1956 1743/2790/1956 1744/1362/1956 4165/1361/1956
f 1678/1278/1957 4168/3040/1957 2953/3030/1957 383/1279/1957
f 4168/3040/1958 4171/3041/1958 2952/3035/1958 2953/3030/1958
f 4171/3041/1959 4174/1357/1959 2951/1360/1959 2952/3035/1959
f 382/1275/1960 2950/3042/1960 4166/3043/1960 1676/3044/1960
f 1676/3044/1961 4166/3043/1961 4167/3045/1961 1677/3046/1961
f 1677/3046/1962 4167/3045/1962 4168/3040/1962 1678/1278/1962
f 2950/3042/1963 2949/3047/1963 4169/3048/1963 4166/3043/1963
f 4166/3043/1964 4169/3048/1964 4170/3049/1964 4167/3045/1964
f 4167/3045/1965 4170/3049/1965 4171/3041/1965 4168/3040/1965
f 2949/3047/1966 2948/1356/1966 4172/3050/1966 4169/3048/1966
f 4169/3048/1967 4172/3050/1967 4173/3051/1967 4170/3049/1967
f 4170/3049/1968 4173/3051/1968 4174/1357/1968 4171/3041/1968
f 2948/1356/1969 402/1355/1969 1739/2800/1969 4172/3050/1969
f 4172/3050/1970 1739/2800/1970 1740/2802/1970 4173/3051/1970
f 4173/3051/1971 1740/2802/1971 1741/1358/1971 4174/1357/1971
f 1675/1274/1972 4177/3052/1972 2950/3042/1972 382/1275/1972
f 4177/3052/1973 4180/3053/1973 2949/3047/1973 2950/3042/1973
f 4180/3053/1974 4183/1353/1974 2948/1356/1974 2949/3047/1974
f 381/1271/1975 2947/3054/1975 4175/3055/1975 1673/3056/1975
f 1673/3056/1976 4175/3055/1976 4176/3057/1976 1674/3058/1976
f 1674/3058/1977 4176/3057/1977 4177/3052/1977 1675/1274/1977
f 2947/3054/1978 2946/3059/1978 4178/3060/1978 4175/3055/1978
f 4175/3055/1979 4178/3060/1979 4179/3061/1979 4176/3057/1979
f 4176/3057/1980 4179/3061/1980 4180/3053/1980 4177/3052/1980
f 2946/3059/1981 2945/1352/1981 4181/3062/1981 4178/3060/1981
f 4178/3060/1982 4181/3062/1982 4182/3063/1982 4179/3061/1982
f 4179/3061/1983 4182/3063/1983 4183/1353/1983 4180/3053/1983
f 2945/1352/1984 401/1351/1984 1736/2812/1984 4181/3062/1984
f 4181/3062/1985 1736/2812/1985 1737/2814/1985 4182/3063/1985
f 4182/3063/1986 1737/2814/1986 1738/1354/1986 4183/1353/1986
f 1672/1270/1987 4186/3064/1987 2947/3054/1987 381/1271/1987
f 4186/3064/1988 4189/3065/1988 2946/3059/1988 2947/3054/1988
f 4189/3065/1989 4192/1349/1989 2945/1352/1989 2946/3059/1989
f 380/1267/1990 2944/3066/1990 4184/3067/1990 1670/3068/1990
f 1670/3068/1991 4184/3067/1991 4185/3069/1991 1671/3070/1991
f 1671/3070/1992 4185/3069/1992 4186/3064/1992 1672/1270/1992
f 2944/3066/1993 2943/3071/1993 4187/3072/1993 4184/3067/1993
f 4184/3067/1994 4187/3072/1994 4188/3073/1994 4185/3069/1994
f 4185/3069/1995 4188/3073/1995 4189/3065/1995 4186/3064/1995
f 2943/3071/1996 2942/1348/1996 4190/3074/1996 4187/3072/1996
f 4187/3072/1997 4190/3074/1997 4191/3075/1997 4188/3073/1997
f 4188/3073/1998 4191/3075/1998 4192/1349/1998 4189/3065/1998
f 2942/1348/1999 400/1347/1999 1733/2824/1999 4190/3074/1999
f 4190/3074/2000 1733/2824/2000 1734/2826/2000 4191/3075/2000
f 4191/3075/2001 1734/2826/2001 1735/1350/2001 4192/1349/2001
f 1669/1266/2002 4195/3076/2002 2944/3066/2002 380/1267/2002
f 4195/3076/2003 4198/3077/2003 2943/3071/2003 2944/3066/2003
f 4198/3077/2004 4201/1345/2004 2942/1348/2004 2943/3071/2004
f 379/1263/2005 2941/3078/2005 4193/3079/2005 1667/3080/2005
f 1667/3080/2006 4193/3079/2006 4194/3081/2006 1668/3082/2006
f 1668/3082/2007 4194/3081/2007 4195/3076/2007 1669/1266/2007
f 2941/3078/2008 2940/3083/2008 4196/3084/2008 4193/3079/2008
f 4193/3079/2009 4196/3084/2009 4197/3085/2009 4194/3081/2009
f 4194/3081/2010 4197/3085/2010 4198/3077/2010 4195/3076/2010
f 2940/3083/2011 2939/1344/2011 4199/3086/2011 4196/3084/2011
f 4196/3084/2012 4199/3086/2012 4200/3087/2012 4197/3085/2012
f 4197/3085/2013 4200/3087/2013 4201/1345/2013 4198/3077/2013
f 2939/1344/2014 399/1343/2014 1730/2836/2014 4199/3086/2014
f 4199/3086/2015 1730/2836/2015 1731/2838/2015 4200/3087/2015
f 4200/3087/2016 1731/2838/2016 1732/1346/2016 4201/1345/2016
f 1666/1262/2017 4204/3088/2017 2941/3078/2017 379/1263/2017
f 4204/3088/2018 4207/3089/2018 2940/3083/2018 2941/3078/2018
f 4207/3089/2019 4210/1341/2019 2939/1344/2019 2940/3083/2019
f 378/1259/2020 2938/3090/2020 4202/3091/2020 1664/3092/2020
f 1664/3092/2021 4202/3091/2021 4203/3093/2021 1665/3094/2021
f 1665/3094/2022 4203/3093/2022 4204/3088/2022 1666/1262/2022
f 2938/3090/2023 2937/3095/2023 4205/3096/2023 4202/3091/2023
f 4202/3091/2024 4205/3096/2024 4206/3097/2024 4203/3093/2024
f 4203/3093/2025 4206/3097/2025 4207/3089/2025 4204/3088/2025
f 2937/3095/2026 2936/1340/2026 4208/3098/2026 4205/3096/2026
f 4205/3096/2027 4208/3098/2027 4209/3099/2027 4206/3097/2027
f 4206/3097/2028 4209/3099/2028 4210/1341/2028 4207/3089/2028
f 2936/1340/2029 398/1339/2029 1727/2848/2029 4208/3098/2029
f 4208/3098/2030 1727/2848/2030 1728/2850/2030 4209/3099/2030
f 4209/3099/2031 1728/2850/2031 1729/1342/2031 4210/1341/2031
f 1663/1258/2032 4213/3100/2032 2938/3090/2032 378/1259/2032
f 4213/3100/2033 4216/3101/2033 2937/3095/2033 2938/3090/2033
f 4216/3101/2034 4219/1337/2034 2936/1340/2034 2937/3095/2034
f 377/1255/2035 2935/3102/2035 4211/3103/2035 1661/3104/2035
f 1661/3104/2036 4211/3103/2036 4212/3105/2036 1662/3106/2036
f 1662/3106/2037 4212/3105/2037 4213/3100/2037 1663/1258/2037
f 2935/3102/2038 2934/3107/2038 4214/3108/2038 4211/3103/2038
f 4211/3103/2039 4214/3108/2039 4215/3109/2039 4212/3105/2039
f 4212/3105/2040 4215/3109/2040 4216/3101/2040 4213/3100/2040
f 2934/3107/2041 2933/1336/2041 4217/3110/2041 4214/3108/2041
f 4214/3108/2042 4217/3110/2042 4218/3111/2042 4215/3109/2042
f 4215/3109/2043 4218/3111/2043 4219/1337/2043 4216/3101/2043
f 2933/1336/2044 397/1335/2044 1724/2860/2044 4217/3110/2044
f 4217/3110/2045 1724/2860/2045 1725/2862/2045 4218/3111/2045
f 4218/3111/2046 1725/2862/2046 1726/1338/2046 4219/1337/2046
f 1660/1254/2047 4222/3112/2047 2935/3102/2047 377/1255/2047
f 4222/3112/2048 4225/3113/2048 2934/3107/2048 2935/3102/2048
f 4225/3113/2049 4228/1333/2049 2933/1336/2049 2934/3107/2049
f 376/1251/2050 2932/3114/2050 4220/3115/2050 1658/3116/2050
f 1658/3116/2051 4220/3115/2051 4221/3117/2051 1659/3118/2051
f 1659/3118/2052 4221/3117/2052 4222/3112/2052 1660/1254/2052
f 2932/3114/2053 2931/3119/2053 4223/3120/2053 4220/3115/2053
f 4220/3115/2054 4223/3120/2054 4224/3121/2054 4221/3117/2054
f 4221/3117/2055 4224/3121/2055 4225/3113/2055 4222/3112/2055
f 2931/3119/2056 2930/1332/2056 4226/3122/2056 4223/3120/2056
f 4223/3120/2057 4226/3122/2057 4227/3123/2057 4224/3121/2057
f 4224/3121/2058 4227/3123/2058 4228/1333/2058 4225/3113/2058
f 2930/1332/2059 396/1331/2059 1721/2872/2059 4226/3122/2059
f 4226/3122/2060 1721/2872/2060 1722/2874/2060 4227/3123/2060
f 4227/3123/2061 1722/2874/2061 1723/1334/2061 4228/1333/2061
f 1657/1250/2062 4231/3124/2062 2932/3114/2062 376/1251/2062
f 4231/3124/2063 4234/3125/2063 2931/3119/2063 2932/3114/2063
f 4234/3125/2064 4237/1329/2064 2930/1332/2064 2931/3119/2064
f 375/1247/2065 2929/3126/2065 4229/3127/2065 1655/3128/2065
f 1655/3128/2066 4229/3127/2066 4230/3129/2066 1656/3130/2066
f 1656/3130/2067 4230/3129/2067 4231/3124/2067 1657/1250/2067
f 2929/3126/2068 2928/3131/2068 4232/3132/2068 4229/3127/2068
f 4229/3127/2069 4232/3132/2069 4233/3133/2069 4230/3129/2069
f 4230/3129/2070 4233/3133/2070 4234/3125/2070 4231/3124/2070
f 2928/3131/2071 2927/1328/2071 4235/3134/2071 4232/3132/2071
f 4232/3132/2072 4235/3134/2072 4236/3135/2072 4233/3133/2072
f 4233/3133/2073 4236/3135/2073 4237/1329/2073 4234/3125/2073
f 2927/1328/2074 395/1327/2074 1718/2884/2074 4235/3134/2074
f 4235/3134/2075 1718/2884/2075 1719/2886/2075 4236/3135/2075
f 4236/3135/2076 1719/2886/2076 1720/1330/2076 4237/1329/2076
f 1654/1246/2077 4240/3136/2077 2929/3126/2077 375/1247/2077
f 4240/3136/2078 4243/3137/2078 2928/3131/2078 2929/3126/2078
f 4243/3137/2079 4246/1325/2079 2927/1328/2079 2928/3131/2079
f 374/1243/2080 2926/3138/2080 4238/3139/2080 1652/3140/2080
f 1652/3140/2081 4238/3139/2081 4239/3141/2081 1653/3142/2081
f 1653/3142/2082 4239/3141/2082 4240/3136/2082 1654/1246/2082
f 2926/3138/2083 2925/3143/2083 4241/3144/2083 4238/3139/2083
f 4238/3139/2084 4241/3144/2084 4242/3145/2084 4239/3141/2084
f 4239/3141/2085 4242/3145/2085 4243/3137/2085 4240/3136/2085
f 2925/3143/2086 2924/1324/2086 4244/3146/2086 4241/3144/2086
f 4241/3144/2087 4244/3146/2087 4245/3147/2087 4242/3145/2087
f 4242/3145/2088 4245/3147/2088 4246/1325/2088 4243/3137/2088
f 2924/1324/2089 394/1323/2089 1715/2896/2089 4244/3146/2089
f 4244/3146/2090 1715/2896/2090 1716/2898/2090 4245/3147/2090
f 4245/3147/2091 1716/2898/2091 1717/1326/2091 4246/1325/2091
f 1651/1242/2092 4249/3148/2092 2926/3138/2092 374/1243/2092
f 4249/3148/2093 4252/3149/2093 2925/3143/2093 2926/3138/2093
f 4252/3149/2094 4255/1321/2094 2924/1324/2094 2925/3143/2094
f 373/1239/2095 2923/3150/2095 4247/3151/2095 1649/3152/2095
f 1649/3152/2096 4247/3151/2096 4248/3153/2096 1650/3154/2096
f 1650/3154/2097 4248/3153/2097 4249/3148/2097 1651/1242/2097
f 2923/3150/2098 2922/3155/2098 4250/3156/2098 4247/3151/2098
f 4247/3151/2099 4250/3156/2099 4251/3157/2099 4248/3153/2099
f 4248/3153/2100 4251/3157/2100 4252/3149/2100 4249/3148/2100
f 2922/3155/2101 2921/1320/2101 4253/3158/2101 4250/3156/2101
f 4250/3156/2102 4253/3158/2102 4254/3159/2102 4251/3157/2102
f 4251/3157/2103 4254/3159/2103 4255/1321/2103 4252/3149/2103
f 2921/1320/2104 393/1319/2104 1712/2908/2104 4253/3158/2104
f 4253/3158/2105 1712/2908/2105 1713/2910/2105 4254/3159/2105
f 4254/3159/2106 1713/2910/2106 1714/1322/2106 4255/1321/2106
f 1648/1238/2107 4258/3160/2107 2923/3150/2107 373/1239/2107
f 4258/3160/2108 4261/3161/2108 2922/3155/2108 2923/3150/2108
f 4261/3161/2109 4264/1317/2109 2921/1320/2109 2922/3155/2109
f 372/1235/2110 2920/3162/2110 4256/3163/2110 1646/3164/2110
f 1646/3164/2111 4256/3163/2111 4257/3165/2111 1647/3166/2111
f 1647/3166/2112 4257/3165/2112 4258/3160/2112 1648/1238/2112
f 2920/3162/2113 2919/3167/2113 4259/3168/2113 4256/3163/2113
f 4256/3163/2114 4259/3168/2114 4260/3169/2114 4257/3165/2114
f 4257/3165/2115 4260/3169/2115 4261/3161/2115 4258/3160/2115
f 2919/3167/2116 2918/1316/2116 4262/3170/2116 4259/3168/2116
f 4259/3168/2117 4262/3170/2117 4263/3171/2117 4260/3169/2117
f 4260/3169/2118 4263/3171/2118 4264/1317/2118 4261/3161/2118
f 2918/1316/2119 392/1315/2119 1709/2920/2119 4262/3170/2119
f 4262/3170/2120 1709/2920/2120 1710/2922/2120 4263/3171/2120
f 4263/3171/2121 1710/2922/2121 1711/1318/2121 4264/1317/2121
f 1645/1234/2122 4267/3172/2122 2920/3162/2122 372/1235/2122
f 4267/3172/2123 4270/3173/2123 2919/3167/2123 2920/3162/2123
f 4270/3173/2124 4273/1313/2124 2918/1316/2124 2919/3167/2124
f 371/1231/2125 2917/3174/2125 4265/3175/2125 1643/3176/2125
f 1643/3176/2126 4265/3175/2126 4266/3177/2126 1644/3178/2126
f 1644/3178/2127 4266/3177/2127 4267/3172/2127 1645/1234/2127
f 2917/3174/2128 2916/3179/2128 4268/3180/2128 4265/3175/2128
f 4265/3175/2129 4268/3180/2129 4269/3181/2129 4266/3177/2129
f 4266/3177/2130 4269/3181/2130 4270/3173/2130 4267/3172/2130
f 2916/3179/2131 2915/1312/2131 4271/3182/2131 4268/3180/2131
f 4268/3180/2132 4271/3182/2132 4272/3183/2132 4269/3181/2132
f 4269/3181/2133 4272/3183/2133 4273/1313/2133 4270/3173/2133
f 2915/1312/2134 391/1311/2134 1706/2932/2134 4271/3182/2134
f 4271/3182/2135 1706/2932/2135 1707/2934/2135 4272/3183/2135
f 4272/3183/2136 1707/2934/2136 1708/1314/2136 4273/1313/2136
f 1642/1230/2137 4276/3184/2137 2917/3174/2137 371/1231/2137
f 4276/3184/2138 4279/3185/2138 2916/3179/2138 2917/3174/2138
f 4279/3185/2139 4282/1309/2139 2915/1312/2139 2916/3179/2139
f 370/1227/2140 2914/3186/2140 4274/3187/2140 1640/3188/2140
f 1640/3188/2141 4274/3187/2141 4275/3189/2141 1641/3190/2141
f 1641/3190/2142 4275/3189/2142 4276/3184/2142 1642/1230/2142
f 2914/3186/2143 2913/3191/2143 4277/3192/2143 4274/3187/2143
f 4274/3187/2144 4277/3192/2144 4278/3193/2144 4275/3189/2144
f 4275/3189/2145 4278/3193/2145 4279/3185/2145 4276/3184/2145
f 2913/3191/2146 2912/1308/2146 4280/3194/2146 4277/3192/2146
f 4277/3192/2147 4280/3194/2147 4281/3195/2147 4278/3193/2147
f 4278/3193/2148 4281/3195/2148 4282/1309/2148 4279/3185/2148
f 2912/1308/2149 390/1307/2149 1703/2944/2149 4280/3194/2149
f 4280/3194/2150 1703/2944/2150 1704/2946/2150 4281/3195/2150
f 4281/3195/2151 1704/2946/2151 1705/1310/2151 4282/1309/2151
f 1639/1226/2152 4285/3196/2152 2914/3186/2152 370/1227/2152
f 4285/3196/2153 4288/3197/2153 2913/3191/2153 2914/3186/2153
f 4288/3197/2154 4291/1305/2154 2912/1308/2154 2913/3191/2154
f 369/1223/2155 2911/3198/2155 4283/3199/2155 1637/3200/2155
f 1637/3200/2156 4283/3199/2156 4284/3201/2156 1638/3202/2156
f 1638/3202/2157 4284/3201/2157 4285/3196/2157 1639/1226/2157
f 2911/3198/2158 2910/3203/2158 4286/3204/2158 4283/3199/2158
f 4283/3199/2159 4286/3204/2159 4287/3205/2159 4284/3201/2159
f 4284/3201/2160 4287/3205/2160 4288/3197/2160 4285/3196/2160
f 2910/3203/2161 2909/1304/2161 4289/3206/2161 4286/3204/2161
f 4286/3204/2162 4289/3206/2162 4290/3207/2162 4287/3205/2162
f 4287/3205/2163 4290/3207/2163 4291/1305/2163 4288/3197/2163
f 2909/1304/2164 389/1303/2164 1700/2956/2164 4289/3206/2164
f 4289/3206/2165 1700/2956/2165 1701/2958/2165 4290/3207/2165
f 4290/3207/2166 1701/2958/2166 1702/1306/2166 4291/1305/2166
f 1636/1222/2167 4294/3208/2167 2911/3198/2167 369/1223/2167
f 4294/3208/2168 4297/3209/2168 2910/3203/2168 2911/3198/2168
f 4297/3209/2169 4300/1301/2169 2909/1304/2169 2910/3203/2169
f 368/1219/2170 2908/3210/2170 4292/3211/2170 1634/3212/2170
f 1634/3212/2171 4292/3211/2171 4293/3213/2171 1635/3214/2171
f 1635/3214/2172 4293/3213/2172 4294/3208/2172 1636/1222/2172
f 2908/3210/2173 2907/3215/2173 4295/3216/2173 4292/3211/2173
f 4292/3211/2174 4295/3216/2174 4296/3217/2174 4293/3213/2174
f 4293/3213/2175 4296/3217/2175 4297/3209/2175 4294/3208/2175
f 2907/3215/2176 2906/1300/2176 4298/3218/2176 4295/3216/2176
f 4295/3216/2177 4298/3218/2177 4299/3219/2177 4296/3217/2177
f 4296/3217/2178 4299/3219/2178 4300/1301/2178 4297/3209/2178
f 2906/1300/2179 388/1299/2179 1697/2968/2179 4298/3218/2179
f 4298/3218/2180 1697/2968/2180 1698/2970/2180 4299/3219/2180
f 4299/3219/2181 1698/2970/2181 1699/1302/2181 4300/1301/2181
f 1633/1218/2182 4303/3220/2182 2908/3210/2182 368/1219/2182
f 4303/3220/2183 4306/3221/2183 2907/3215/2183 2908/3210/2183
f 4306/3221/2184 4309/1297/2184 2906/1300/2184 2907/3215/2184
f 367/1215/2185 2905/3222/2185 4301/3223/2185 1631/3224/2185
f 1631/3224/2186 4301/3223/2186 4302/3225/2186 1632/3226/2186
f 1632/3226/2187 4302/3225/2187 4303/3220/2187 1633/1218/2187
f 2905/3222/2188 2904/3227/2188 4304/3228/2188 4301/3223/2188
f 4301/3223/2189 4304/3228/2189 4305/3229/2189 4302/3225/2189
f 4302/3225/2190 4305/3229/2190 4306/3221/2190 4303/3220/2190
f 2904/3227/2191 2903/1296/2191 4307/3230/2191 4304/3228/2191
f 4304/3228/2192 4307/3230/2192 4308/3231/2192 4305/3229/2192
f 4305/3229/2193 4308/3231/2193 4309/1297/2193 4306/3221/2193
f 2903/1296/2194 387/1295/2194 1694/2980/2194 4307/3230/2194
f 4307/3230/2195 1694/2980/2195 1695/2982/2195 4308/3231/2195
f 4308/3231/2196 1695/2982/2196 1696/1298/2196 4309/1297/2196
f 1630/1214/2197 4312/3232/2197 2905/3222/2197 367/1215/2197
f 4312/3232/2198 4315/3233/2198 2904/3227/2198 2905/3222/2198
f 4315/3233/2199 4318/1293/2199 2903/1296/2199 2904/3227/2199
f 366/1211/2200 2902/3234/2200 4310/3235/2200 1628/3236/2200
f 1628/3236/2201 4310/3235/2201 4311/3237/2201 1629/3238/2201
f 1629/3238/2202 4311/3237/2202 4312/3232/2202 1630/1214/2202
f 2902/3234/2203 2901/3239/2203 4313/3240/2203 4310/3235/2203
f 4310/3235/2204 4313/3240/2204 4314/3241/2204 4311/3237/2204
f 4311/3237/2205 4314/3241/2205 4315/3233/2205 4312/3232/2205
f 2901/3239/2206 2900/1292/2206 4316/3242/2206 4313/3240/2206
f 4313/3240/2207 4316/3242/2207 4317/3243/2207 4314/3241/2207
f 4314/3241/2208 4317/3243/2208 4318/1293/2208 4315/3233/2208
f 2900/1292/2209 386/1291/2209 1691/2992/2209 4316/3242/2209
f 4316/3242/2210 1691/2992/2210 1692/2994/2210 4317/3243/2210
f 4317/3243/2211 1692/2994/2211 1693/1294/2211 4318/1293/2211
f 1627/1210/2212 4321/3244/2212 2902/3234/2212 366/1211/2212
f 4321/3244/2213 4324/3245/2213 2901/3239/2213 2902/3234/2213
f 4324/3245/2214 4327/1289/2214 2900/1292/2214 2901/3239/2214
f 365/1207/2215 2899/3246/2215 4319/3247/2215 1625/3248/2215
f 1625/3248/2216 4319/3247/2216 4320/3249/2216 1626/3250/2216
f 1626/3250/2217 4320/3249/2217 4321/3244/2217 1627/1210/2217
f 2899/3246/2218 2898/3251/2218 4322/3252/2218 4319/3247/2218
f 4319/3247/2219 4322/3252/2219 4323/3253/2219 4320/3249/2219
f 4320/3249/2220 4323/3253/2220 4324/3245/2220 4321/3244/2220
f 2898/3251/2221 2897/1288/2221 4325/3254/2221 4322/3252/2221
f 4322/3252/2222 4325/3254/2222 4326/3255/2222 4323/3253/2222
f 4323/3253/2223 4326/3255/2223 4327/1289/2223 4324/3245/2223
f 2897/1288/2224 385/1287/2224 1688/3004/2224 4325/3254/2224
f 4325/3254/2225 1688/3004/2225 1689/3006/2225 4326/3255/2225
f 4326/3255/2226 1689/3006/2226 1690/1290/2226 4327/1289/2226
f 1624/1206/2227 4330/3256/2227 2899/3246/2227 365/1207/2227
f 4330/3256/2228 4333/3257/2228 2898/3251/2228 2899/3246/2228
f 4333/3257/2229 4336/1285/2229 2897/1288/2229 2898/3251/2229
f 39/3258/2230 602/3259/2230 4328/3260/2230 1622/3261/2230
f 1622/3261/2231 4328/3260/2231 4329/3262/2231 1623/3263/2231
f 1623/3263/2232 4329/3262/2232 4330/3256/2232 1624/1206/2232
f 602/3259/2233 603/3264/2233 4331/3265/2233 4328/3260/2233
f 4328/3260/2234 4331/3265/2234 4332/3266/2234 4329/3262/2234
f 4329/3262/2235 4332/3266/2235 4333/3257/2235 4330/3256/2235
f 603/3264/2236 604/3267/2236 4334/3268/2236 4331/3265/2236
f 4331/3265/2237 4334/3268/2237 4335/3269/2237 4332/3266/2237
f 4332/3266/2238 4335/3269/2238 4336/1285/2238 4333/3257/2238
f 604/3267/2239 40/3014/2239 1685/3017/2239 4334/3268/2239
f 4334/3268/2240 1685/3017/2240 1686/3019/2240 4335/3269/2240
f 4335/3269/2241 1686/3019/2241 1687/1286/2241 4336/1285/2241
f 1618/1202/2242 4339/3270/2242 2896/3271/2242 364/1203/2242
f 4339/3270/2243 4342/3272/2243 2895/3273/2243 2896/3271/2243
f 4342/3272/2244 4345/1281/2244 2894/1284/2244 2895/3273/2244
f 363/1199/2245 2893/3274/2245 4337/3275/2245 1616/3276/2245
f 1616/3276/2246 4337/3275/2246 4338/3277/2246 1617/3278/2246
f 1617/3278/2247 4338/3277/2247 4339/3270/2247 1618/1202/2247
f 2893/3274/2248 2892/3279/2248 4340/3280/2248 4337/3275/2248
f 4337/3275/2249 4340/3280/2249 4341/3281/2249 4338/3277/2249
f 4338/3277/2250 4341/3281/2250 4342/3272/2250 4339/3270/2250
f 2892/3279/2251 2891/1280/2251 4343/3282/2251 4340/3280/2251
f 4340/3280/2252 4343/3282/2252 4344/3283/2252 4341/3281/2252
f 4341/3281/2253 4344/3283/2253 4345/1281/2253 4342/3272/2253
f 2891/1280/2254 383/1279/2254 1679/3032/2254 4343/3282/2254
f 4343/3282/2255 1679/3032/2255 1680/3034/2255 4344/3283/2255
f 4344/3283/2256 1680/3034/2256 1681/1282/2256 4345/1281/2256
f 1615/1198/2257 4348/3284/2257 2893/3274/2257 363/1199/2257
f 4348/3284/2258 4351/3285/2258 2892/3279/2258 2893/3274/2258
f 4351/3285/2259 4354/1277/2259 2891/1280/2259 2892/3279/2259
f 362/1195/2260 2890/3286/2260 4346/3287/2260 1613/3288/2260
f 1613/3288/2261 4346/3287/2261 4347/3289/2261 1614/3290/2261
f 1614/3290/2262 4347/3289/2262 4348/3284/2262 1615/1198/2262
f 2890/3286/2263 2889/3291/2263 4349/3292/2263 4346/3287/2263
f 4346/3287/2264 4349/3292/2264 4350/3293/2264 4347/3289/2264
f 4347/3289/2265 4350/3293/2265 4351/3285/2265 4348/3284/2265
f 2889/3291/2266 2888/1276/2266 4352/3294/2266 4349/3292/2266
f 4349/3292/2267 4352/3294/2267 4353/3295/2267 4350/3293/2267
f 4350/3293/2268 4353/3295/2268 4354/1277/2268 4351/3285/2268
f 2888/1276/2269 382/1275/2269 1676/3044/2269 4352/3294/2269
f 4352/3294/2270 1676/3044/2270 1677/3046/2270 4353/3295/2270
f 4353/3295/2271 1677/3046/2271 1678/1278/2271 4354/1277/2271
f 1612/1194/2272 4357/3296/2272 2890/3286/2272 362/1195/2272
f 4357/3296/2273 4360/3297/2273 2889/3291/2273 2890/3286/2273
f 4360/3297/2274 4363/1273/2274 2888/1276/2274 2889/3291/2274
f 361/1191/2275 2887/3298/2275 4355/3299/2275 1610/3300/2275
f 1610/3300/2276 4355/3299/2276 4356/3301/2276 1611/3302/2276
f 1611/3302/2277 4356/3301/2277 4357/3296/2277 1612/1194/2277
f 2887/3298/2278 2886/3303/2278 4358/3304/2278 4355/3299/2278
f 4355/3299/2279 4358/3304/2279 4359/3305/2279 4356/3301/2279
f 4356/3301/2280 4359/3305/2280 4360/3297/2280 4357/3296/2280
f 2886/3303/2281 2885/1272/2281 4361/3306/2281 4358/3304/2281
f 4358/3304/2282 4361/3306/2282 4362/3307/2282 4359/3305/2282
f 4359/3305/2283 4362/3307/2283 4363/1273/2283 4360/3297/2283
f 2885/1272/2284 381/1271/2284 1673/3056/2284 4361/3306/2284
f 4361/3306/2285 1673/3056/2285 1674/3058/2285 4362/3307/2285
f 4362/3307/2286 1674/3058/2286 1675/1274/2286 4363/1273/2286
f 1609/1190/2287 4366/3308/2287 2887/3298/2287 361/1191/2287
f 4366/3308/2288 4369/3309/2288 2886/3303/2288 2887/3298/2288
f 4369/3309/2289 4372/1269/2289 2885/1272/2289 2886/3303/2289
f 360/1187/2290 2884/3310/2290 4364/3311/2290 1607/3312/2290
f 1607/3312/2291 4364/3311/2291 4365/3313/2291 1608/3314/2291
f 1608/3314/2292 4365/3313/2292 4366/3308/2292 1609/1190/2292
f 2884/3310/2293 2883/3315/2293 4367/3316/2293 4364/3311/2293
f 4364/3311/2294 4367/3316/2294 4368/3317/2294 4365/3313/2294
f 4365/3313/2295 4368/3317/2295 4369/3309/2295 4366/3308/2295
f 2883/3315/2296 2882/1268/2296 4370/3318/2296 4367/3316/2296
f 4367/3316/2297 4370/3318/2297 4371/3319/2297 4368/3317/2297
f 4368/3317/2298 4371/3319/2298 4372/1269/2298 4369/3309/2298
f 2882/1268/2299 380/1267/2299 1670/3068/2299 4370/3318/2299
f 4370/3318/2300 1670/3068/2300 1671/3070/2300 4371/3319/2300
f 4371/3319/2301 1671/3070/2301 1672/1270/2301 4372/1269/2301
f 1606/1186/2302 4375/3320/2302 2884/3310/2302 360/1187/2302
f 4375/3320/2303 4378/3321/2303 2883/3315/2303 2884/3310/2303
f 4378/3321/2304 4381/1265/2304 2882/1268/2304 2883/3315/2304
f 359/1183/2305 2881/3322/2305 4373/3323/2305 1604/3324/2305
f 1604/3324/2306 4373/3323/2306 4374/3325/2306 1605/3326/2306
f 1605/3326/2307 4374/3325/2307 4375/3320/2307 1606/1186/2307
f 2881/3322/2308 2880/3327/2308 4376/3328/2308 4373/3323/2308
f 4373/3323/2309 4376/3328/2309 4377/3329/2309 4374/3325/2309
f 4374/3325/2310 4377/3329/2310 4378/3321/2310 4375/3320/2310
f 2880/3327/2311 2879/1264/2311 4379/3330/2311 4376/3328/2311
f 4376/3328/2312 4379/3330/2312 4380/3331/2312 4377/3329/2312
f 4377/3329/2313 4380/3331/2313 4381/1265/2313 4378/3321/2313
f 2879/1264/2314 379/1263/2314 1667/3080/2314 4379/3330/2314
f 4379/3330/2315 1667/3080/2315 1668/3082/2315 4380/3331/2315
f 4380/3331/2316 1668/3082/2316 1669/1266/2316 4381/1265/2316
f 1603/1182/2317 4384/3332/2317 2881/3322/2317 359/1183/2317
f 4384/3332/2318 4387/3333/2318 2880/3327/2318 2881/3322/2318
f 4387/3333/2319 4390/1261/2319 2879/1264/2319 2880/3327/2319
f 358/1179/2320 2878/3334/2320 4382/3335/2320 1601/3336/2320
f 1601/3336/2321 4382/3335/2321 4383/3337/2321 1602/3338/2321
f 1602/3338/2322 4383/3337/2322 4384/3332/2322 1603/1182/2322
f 2878/3334/2323 2877/3339/2323 4385/3340/2323 4382/3335/2323
f 4382/3335/2324 4385/3340/2324 4386/3341/2324 4383/3337/2324
f 4383/3337/2325 4386/3341/2325 4387/3333/2325 4384/3332/2325
f 2877/3339/2326 2876/1260/2326 4388/3342/2326 4385/3340/2326
f 4385/3340/2327 4388/3342/2327 4389/3343/2327 4386/3341/2327
f 4386/3341/2328 4389/3343/2328 4390/1261/2328 4387/3333/2328
f 2876/1260/2329 378/1259/2329 1664/3092/2329 4388/3342/2329
f 4388/3342/2330 1664/3092/2330 1665/3094/2330 4389/3343/2330
f 4389/3343/2331 1665/3094/2331 1666/1262/2331 4390/1261/2331
f 1600/1178/2332 4393/3344/2332 2878/3334/2332 358/1179/2332
f 4393/3344/2333 4396/3345/2333 2877/3339/2333 2878/3334/2333
f 4396/3345/2334 4399/1257/2334 2876/1260/2334 2877/3339/2334
f 357/1175/2335 2875/3346/2335 4391/3347/2335 1598/3348/2335
f 1598/3348/2336 4391/3347/2336 4392/3349/2336 1599/3350/2336
f 1599/3350/2337 4392/3349/2337 4393/3344/2337 1600/1178/2337
f 2875/3346/2338 2874/3351/2338 4394/3352/2338 4391/3347/2338
f 4391/3347/2339 4394/3352/2339 4395/3353/2339 4392/3349/2339
f 4392/3349/2340 4395/3353/2340 4396/3345/2340 4393/3344/2340
f 2874/3351/2341 2873/1256/2341 4397/3354/2341 4394/3352/2341
f 4394/3352/2342 4397/3354/2342 4398/3355/2342 4395/3353/2342
f 4395/3353/2343 4398/3355/2343 4399/1257/2343 4396/3345/2343
f 2873/1256/2344 377/1255/2344 1661/3104/2344 4397/3354/2344
f 4397/3354/2345 1661/3104/2345 1662/3106/2345 4398/3355/2345
f 4398/3355/2346 1662/3106/2346 1663/1258/2346 4399/1257/2346
f 1597/1174/2347 4402/3356/2347 2875/3346/2347 357/1175/2347
f 4402/3356/2348 4405/3357/2348 2874/3351/2348 2875/3346/2348
f 4405/3357/2349 4408/1253/2349 2873/1256/2349 2874/3351/2349
f 356/1171/2350 2872/3358/2350 4400/3359/2350 1595/3360/2350
f 1595/3360/2351 4400/3359/2351 4401/3361/2351 1596/3362/2351
f 1596/3362/2352 4401/3361/2352 4402/3356/2352 1597/1174/2352
f 2872/3358/2353 2871/3363/2353 4403/3364/2353 4400/3359/2353
f 4400/3359/2354 4403/3364/2354 4404/3365/2354 4401/3361/2354
f 4401/3361/2355 4404/3365/2355 4405/3357/2355 4402/3356/2355
f 2871/3363/2356 2870/1252/2356 4406/3366/2356 4403/3364/2356
f 4403/3364/2357 4406/3366/2357 4407/3367/2357 4404/3365/2357
f 4404/3365/2358 4407/3367/2358 4408/1253/2358 4405/3357/2358
f 2870/1252/2359 376/1251/2359 1658/3116/2359 4406/3366/2359
f 4406/3366/2360 1658/3116/2360 1659/3118/2360 4407/3367/2360
f 4407/3367/2361 1659/3118/2361 1660/1254/2361 4408/1253/2361
f 1594/1170/2362 4411/3368/2362 2872/3358/2362 356/1171/2362
f 4411/3368/2363 4414/3369/2363 2871/3363/2363 2872/3358/2363
f 4414/3369/2364 4417/1249/2364 2870/1252/2364 2871/3363/2364
f 355/1167/2365 2869/3370/2365 4409/3371/2365 1592/3372/2365
f 1592/3372/2366 4409/3371/2366 4410/3373/2366 1593/3374/2366
f 1593/3374/2367 4410/3373/2367 4411/3368/2367 1594/1170/2367
f 2869/3370/2368 2868/3375/2368 4412/3376/2368 4409/3371/2368
f 4409/3371/2369 4412/3376/2369 4413/3377/2369 4410/3373/2369
f 4410/3373/2370 4413/3377/2370 4414/3369/2370 4411/3368/2370
f 2868/3375/2371 2867/1248/2371 4415/3378/2371 4412/3376/2371
f 4412/3376/2372 4415/3378/2372 4416/3379/2372 4413/3377/2372
f 4413/3377/2373 4416/3379/2373 4417/1249/2373 4414/3369/2373
f 2867/1248/2374 375/1247/2374 1655/3128/2374 4415/3378/2374
f 4415/3378/2375 1655/3128/2375 1656/3130/2375 4416/3379/2375
f 4416/3379/2376 1656/3130/2376 1657/1250/2376 4417/1249/2376
f 1591/1166/2377 4420/3380/2377 2869/3370/2377 355/1167/2377
f 4420/3380/2378 4423/3381/2378 2868/3375/2378 2869/3370/2378
f 4423/3381/2379 4426/1245/2379 2867/1248/2379 2868/3375/2379
f 354/1163/2380 2866/3382/2380 4418/3383/2380 1589/3384/2380
f 1589/3384/2381 4418/3383/2381 4419/3385/2381 1590/3386/2381
f 1590/3386/2382 4419/3385/2382 4420/3380/2382 1591/1166/2382
f 2866/3382/2383 2865/3387/2383 4421/3388/2383 4418/3383/2383
f 4418/3383/2384 4421/3388/2384 4422/3389/2384 4419/3385/2384
f 4419/3385/2385 4422/3389/2385 4423/3381/2385 4420/3380/2385
f 2865/3387/2386 2864/1244/2386 4424/3390/2386 4421/3388/2386
f 4421/3388/2387 4424/3390/2387 4425/3391/2387 4422/3389/2387
f 4422/3389/2388 4425/3391/2388 4426/1245/2388 4423/3381/2388
f 2864/1244/2389 374/1243/2389 1652/3140/2389 4424/3390/2389
f 4424/3390/2390 1652/3140/2390 1653/3142/2390 4425/3391/2390
f 4425/3391/2391 1653/3142/2391 1654/1246/2391 4426/1245/2391
f 1588/1162/2392 4429/3392/2392 2866/3382/2392 354/1163/2392
f 4429/3392/2393 4432/3393/2393 2865/3387/2393 2866/3382/2393
f 4432/3393/2394 4435/1241/2394 2864/1244/2394 2865/3387/2394
f 353/1159/2395 2863/3394/2395 4427/3395/2395 1586/3396/2395
f 1586/3396/2396 4427/3395/2396 4428/3397/2396 1587/3398/2396
f 1587/3398/2397 4428/3397/2397 4429/3392/2397 1588/1162/2397
f 2863/3394/2398 2862/3399/2398 4430/3400/2398 4427/3395/2398
f 4427/3395/2399 4430/3400/2399 4431/3401/2399 4428/3397/2399
f 4428/3397/2400 4431/3401/2400 4432/3393/2400 4429/3392/2400
f 2862/3399/2401 2861/1240/2401 4433/3402/2401 4430/3400/2401
f 4430/3400/2402 4433/3402/2402 4434/3403/2402 4431/3401/2402
f 4431/3401/2403 4434/3403/2403 4435/1241/2403 4432/3393/2403
f 2861/1240/2404 373/1239/2404 1649/3152/2404 4433/3402/2404
f 4433/3402/2405 1649/3152/2405 1650/3154/2405 4434/3403/2405
f 4434/3403/2406 1650/3154/2406 1651/1242/2406 4435/1241/2406
f 1585/1158/2407 4438/3404/2407 2863/3394/2407 353/1159/2407
f 4438/3404/2408 4441/3405/2408 2862/3399/2408 2863/3394/2408
f 4441/3405/2409 4444/1237/2409 2861/1240/2409 2862/3399/2409
f 352/1155/2410 2860/3406/2410 4436/3407/2410 1583/3408/2410
f 1583/3408/2411 4436/3407/2411 4437/3409/2411 1584/3410/2411
f 1584/3410/2412 4437/3409/2412 4438/3404/2412 1585/1158/2412
f 2860/3406/2413 2859/3411/2413 4439/3412/2413 4436/3407/2413
f 4436/3407/2414 4439/3412/2414 4440/3413/2414 4437/3409/2414
f 4437/3409/2415 4440/3413/2415 4441/3405/2415 4438/3404/2415
f 2859/3411/2416 2858/1236/2416 4442/3414/2416 4439/3412/2416
f 4439/3412/2417 4442/3414/2417 4443/3415/2417 4440/3413/2417
f 4440/3413/2418 4443/3415/2418 4444/1237/2418 4441/3405/2418
f 2858/1236/2419 372/1235/2419 1646/3164/2419 4442/3414/2419
f 4442/3414/2420 1646/3164/2420 1647/3166/2420 4443/3415/2420
f 4443/3415/2421 1647/3166/2421 1648/1238/2421 4444/1237/2421
f 1582/1154/2422 4447/3416/2422 2860/3406/2422 352/1155/2422
f 4447/3416/2423 4450/3417/2423 2859/3411/2423 2860/3406/2423
f 4450/3417/2424 4453/1233/2424 2858/1236/2424 2859/3411/2424
f 351/1151/2425 2857/3418/2425 4445/3419/2425 1580/3420/2425
f 1580/3420/2426 4445/3419/2426 4446/3421/2426 1581/3422/2426
f 1581/3422/2427 4446/3421/2427 4447/3416/2427 1582/1154/2427
f 2857/3418/2428 2856/3423/2428 4448/3424/2428 4445/3419/2428
f 4445/3419/2429 4448/3424/2429 4449/3425/2429 4446/3421/2429
f 4446/3421/2430 4449/3425/2430 4450/3417/2430 4447/3416/2430
f 2856/3423/2431 2855/1232/2431 4451/3426/2431 4448/3424/2431
f 4448/3424/2432 4451/3426/2432 4452/3427/2432 4449/3425/2432
f 4449/3425/2433 4452/3427/2433 4453/1233/2433 4450/3417/2433
f 2855/1232/2434 371/1231/2434 1643/3176/2434 4451/3426/2434
f 4451/3426/2435 1643/3176/2435 1644/3178/2435 4452/3427/2435
f 4452/3427/2436 1644/3178/2436 1645/1234/2436 4453/1233/2436
f 1579/1150/2437 4456/3428/2437 2857/3418/2437 351/1151/2437
f 4456/3428/2438 4459/3429/2438 2856/3423/2438 2857/3418/2438
f 4459/3429/2439 4462/1229/2439 2855/1232/2439 2856/3423/2439
f 350/1147/2440 2854/3430/2440 4454/3431/2440 1577/3432/2440
f 1577/3432/2441 4454/3431/2441 4455/3433/2441 1578/3434/2441
f 1578/3434/2442 4455/3433/2442 4456/3428/2442 1579/1150/2442
f 2854/3430/2443 2853/3435/2443 4457/3436/2443 4454/3431/2443
f 4454/3431/2444 4457/3436/2444 4458/3437/2444 4455/3433/2444
f 4455/3433/2445 4458/3437/2445 4459/3429/2445 4456/3428/2445
f 2853/3435/2446 2852/1228/2446 4460/3438/2446 4457/3436/2446
f 4457/3436/2447 4460/3438/2447 4461/3439/2447 4458/3437/2447
f 4458/3437/2448 4461/3439/2448 4462/1229/2448 4459/3429/2448
f 2852/1228/2449 370/1227/2449 1640/3188/2449 4460/3438/2449
f 4460/3438/2450 1640/3188/2450 1641/3190/2450 4461/3439/2450
f 4461/3439/2451 1641/3190/2451 1642/1230/2451 4462/1229/2451
f 1576/1146/2452 4465/3440/2452 2854/3430/2452 350/1147/2452
f 4465/3440/2453 4468/3441/2453 2853/3435/2453 2854/3430/2453
f 4468/3441/2454 4471/1225/2454 2852/1228/2454 2853/3435/2454
f 349/1143/2455 2851/3442/2455 4463/3443/2455 1574/3444/2455
f 1574/3444/2456 4463/3443/2456 4464/3445/2456 1575/3446/2456
f 1575/3446/2457 4464/3445/2457 4465/3440/2457 1576/1146/2457
f 2851/3442/2458 2850/3447/2458 4466/3448/2458 4463/3443/2458
f 4463/3443/2459 4466/3448/2459 4467/3449/2459 4464/3445/2459
f 4464/3445/2460 4467/3449/2460 4468/3441/2460 4465/3440/2460
f 2850/3447/2461 2849/1224/2461 4469/3450/2461 4466/3448/2461
f 4466/3448/2462 4469/3450/2462 4470/3451/2462 4467/3449/2462
f 4467/3449/2463 4470/3451/2463 4471/1225/2463 4468/3441/2463
f 2849/1224/2464 369/1223/2464 1637/3200/2464 4469/3450/2464
f 4469/3450/2465 1637/3200/2465 1638/3202/2465 4470/3451/2465
f 4470/3451/2466 1638/3202/2466 1639/1226/2466 4471/1225/2466
f 1573/1142/2467 4474/3452/2467 2851/3442/2467 349/1143/2467
f 4474/3452/2468 4477/3453/2468 2850/3447/2468 2851/3442/2468
f 4477/3453/2469 4480/1221/2469 2849/1224/2469 2850/3447/2469
f 348/1139/2470 2848/3454/2470 4472/3455/2470 1571/3456/2470
f 1571/3456/2471 4472/3455/2471 4473/3457/2471 1572/3458/2471
f 1572/3458/2472 4473/3457/2472 4474/3452/2472 1573/1142/2472
f 2848/3454/2473 2847/3459/2473 4475/3460/2473 4472/3455/2473
f 4472/3455/2474 4475/3460/2474 4476/3461/2474 4473/3457/2474
f 4473/3457/2475 4476/3461/2475 4477/3453/2475 4474/3452/2475
f 2847/3459/2476 2846/1220/2476 4478/3462/2476 4475/3460/2476
f 4475/3460/2477 4478/3462/2477 4479/3463/2477 4476/3461/2477
f 4476/3461/2478 4479/3463/2478 4480/1221/2478 4477/3453/2478
f 2846/1220/2479 368/1219/2479 1634/3212/2479 4478/3462/2479
f 4478/3462/2480 1634/3212/2480 1635/3214/2480 4479/3463/2480
f 4479/3463/2481 1635/3214/2481 1636/1222/2481 4480/1221/2481
f 1570/1138/2482 4483/3464/2482 2848/3454/2482 348/1139/2482
f 4483/3464/2483 4486/3465/2483 2847/3459/2483 2848/3454/2483
f 4486/3465/2484 4489/1217/2484 2846/1220/2484 2847/3459/2484
f 347/1135/2485 2845/3466/2485 4481/3467/2485 1568/3468/2485
f 1568/3468/2486 4481/3467/2486 4482/3469/2486 1569/3470/2486
f 1569/3470/2487 4482/3469/2487 4483/3464/2487 1570/1138/2487
f 2845/3466/2488 2844/3471/2488 4484/3472/2488 4481/3467/2488
f 4481/3467/2489 4484/3472/2489 4485/3473/2489 4482/3469/2489
f 4482/3469/2490 4485/3473/2490 4486/3465/2490 4483/3464/2490
f 2844/3471/2491 2843/1216/2491 4487/3474/2491 4484/3472/2491
f 4484/3472/2492 4487/3474/2492 4488/3475/2492 4485/3473/2492
f 4485/3473/2493 4488/3475/2493 4489/1217/2493 4486/3465/2493
f 2843/1216/2494 367/1215/2494 1631/3224/2494 4487/3474/2494
f 4487/3474/2495 1631/3224/2495 1632/3226/2495 4488/3475/2495
f 4488/3475/2496 1632/3226/2496 1633/1218/2496 4489/1217/2496
f 1567/1134/2497 4492/3476/2497 2845/3466/2497 347/1135/2497
f 4492/3476/2498 4495/3477/2498 2844/3471/2498 2845/3466/2498
f 4495/3477/2499 4498/1213/2499 2843/1216/2499 2844/3471/2499
f 346/1131/2500 2842/3478/2500 4490/3479/2500 1565/3480/2500
f 1565/3480/2501 4490/3479/2501 4491/3481/2501 1566/3482/2501
f 1566/3482/2502 4491/3481/2502 4492/3476/2502 1567/1134/2502
f 2842/3478/2503 2841/3483/2503 4493/3484/2503 4490/3479/2503
f 4490/3479/2504 4493/3484/2504 4494/3485/2504 4491/3481/2504
f 4491/3481/2505 4494/3485/2505 4495/3477/2505 4492/3476/2505
f 2841/3483/2506 2840/1212/2506 4496/3486/2506 4493/3484/2506
f 4493/3484/2507 4496/3486/2507 4497/3487/2507 4494/3485/2507
f 4494/3485/2508 4497/3487/2508 4498/1213/2508 4495/3477/2508
f 2840/1212/2509 366/1211/2509 1628/3236/2509 4496/3486/2509
f 4496/3486/2510 1628/3236/2510 1629/3238/2510 4497/3487/2510
f 4497/3487/2511 1629/3238/2511 1630/1214/2511 4498/1213/2511
f 1564/1130/2512 4501/3488/2512 2842/3478/2512 346/1131/2512
f 4501/3488/2513 4504/3489/2513 2841/3483/2513 2842/3478/2513
f 4504/3489/2514 4507/1209/2514 2840/1212/2514 2841/3483/2514
f 345/1127/2515 2839/3490/2515 4499/3491/2515 1562/3492/2515
f 1562/3492/2516 4499/3491/2516 4500/3493/2516 1563/3494/2516
f 1563/3494/2517 4500/3493/2517 4501/3488/2517 1564/1130/2517
f 2839/3490/2518 2838/3495/2518 4502/3496/2518 4499/3491/2518
f 4499/3491/2519 4502/3496/2519 4503/3497/2519 4500/3493/2519
f 4500/3493/2520 4503/3497/2520 4504/3489/2520 4501/3488/2520
f 2838/3495/2521 2837/1208/2521 4505/3498/2521 4502/3496/2521
f 4502/3496/2522 4505/3498/2522 4506/3499/2522 4503/3497/2522
f 4503/3497/2523 4506/3499/2523 4507/1209/2523 4504/3489/2523
f 2837/1208/2524 365/1207/2524 1625/3248/2524 4505/3498/2524
f 4505/3498/2525 1625/3248/2525 1626/3250/2525 4506/3499/2525
f 4506/3499/2526 1626/3250/2526 1627/1210/2526 4507/1209/2526
f 1561/1126/2527 4510/3500/2527 2839/3490/2527 345/1127/2527
f 4510/3500/2528 4513/3501/2528 2838/3495/2528 2839/3490/2528
f 4513/3501/2529 4516/1205/2529 2837/1208/2529 2838/3495/2529
f 38/3502/2530 599/3503/2530 4508/3504/2530 1559/3505/2530
f 1559/3505/2531 4508/3504/2531 4509/3506/2531 1560/3507/2531
f 1560/3507/2532 4509/3506/2532 4510/3500/2532 1561/1126/2532
f 599/3503/2533 600/3508/2533 4511/3509/2533 4508/3504/2533
f 4508/3504/2534 4511/3509/2534 4512/3510/2534 4509/3506/2534
f 4509/3506/2535 4512/3510/2535 4513/3501/2535 4510/3500/2535
f 600/3508/2536 601/3511/2536 4514/3512/2536 4511/3509/2536
f 4511/3509/2537 4514/3512/2537 4515/3513/2537 4512/3510/2537
f 4512/3510/2538 4515/3513/2538 4516/1205/2538 4513/3501/2538
f 601/3511/2539 39/3258/2539 1622/3261/2539 4514/3512/2539
f 4514/3512/2540 1622/3261/2540 1623/3263/2540 4515/3513/2540
f 4515/3513/2541 1623/3263/2541 1624/1206/2541 4516/1205/2541
f 1555/1122/2542 4519/3514/2542 2836/3515/2542 344/1123/2542
f 4519/3514/2543 4522/3516/2543 2835/3517/2543 2836/3515/2543
f 4522/3516/2544 4525/1201/2544 2834/1204/2544 2835/3517/2544
f 343/1119/2545 2833/3518/2545 4517/3519/2545 1553/3520/2545
f 1553/3520/2546 4517/3519/2546 4518/3521/2546 1554/3522/2546
f 1554/3522/2547 4518/3521/2547 4519/3514/2547 1555/1122/2547
f 2833/3518/2548 2832/3523/2548 4520/3524/2548 4517/3519/2548
f 4517/3519/2549 4520/3524/2549 4521/3525/2549 4518/3521/2549
f 4518/3521/2550 4521/3525/2550 4522/3516/2550 4519/3514/2550
f 2832/3523/2551 2831/1200/2551 4523/3526/2551 4520/3524/2551
f 4520/3524/2552 4523/3526/2552 4524/3527/2552 4521/3525/2552
f 4521/3525/2553 4524/3527/2553 4525/1201/2553 4522/3516/2553
f 2831/1200/2554 363/1199/2554 1616/3276/2554 4523/3526/2554
f 4523/3526/2555 1616/3276/2555 1617/3278/2555 4524/3527/2555
f 4524/3527/2556 1617/3278/2556 1618/1202/2556 4525/1201/2556
f 1552/1118/2557 4528/3528/2557 2833/3518/2557 343/1119/2557
f 4528/3528/2558 4531/3529/2558 2832/3523/2558 2833/3518/2558
f 4531/3529/2559 4534/1197/2559 2831/1200/2559 2832/3523/2559
f 342/1115/2560 2830/3530/2560 4526/3531/2560 1550/3532/2560
f 1550/3532/2561 4526/3531/2561 4527/3533/2561 1551/3534/2561
f 1551/3534/2562 4527/3533/2562 4528/3528/2562 1552/1118/2562
f 2830/3530/2563 2829/3535/2563 4529/3536/2563 4526/3531/2563
f 4526/3531/2564 4529/3536/2564 4530/3537/2564 4527/3533/2564
f 4527/3533/2565 4530/3537/2565 4531/3529/2565 4528/3528/2565
f 2829/3535/2566 2828/1196/2566 4532/3538/2566 4529/3536/2566
f 4529/3536/2567 4532/3538/2567 4533/3539/2567 4530/3537/2567
f 4530/3537/2568 4533/3539/2568 4534/1197/2568 4531/3529/2568
f 2828/1196/2569 362/1195/2569 1613/3288/2569 4532/3538/2569
f 4532/3538/2570 1613/3288/2570 1614/3290/2570 4533/3539/2570
f 4533/3539/2571 1614/3290/2571 1615/1198/2571 4534/1197/2571
f 1549/1114/2572 4537/3540/2572 2830/3530/2572 342/1115/2572
f 4537/3540/2573 4540/3541/2573 2829/3535/2573 2830/3530/2573
f 4540/3541/2574 4543/1193/2574 2828/1196/2574 2829/3535/2574
f 341/1111/2575 2827/3542/2575 4535/3543/2575 1547/3544/2575
f 1547/3544/2576 4535/3543/2576 4536/3545/2576 1548/3546/2576
f 1548/3546/2577 4536/3545/2577 4537/3540/2577 1549/1114/2577
f 2827/3542/2578 2826/3547/2578 4538/3548/2578 4535/3543/2578
f 4535/3543/2579 4538/3548/2579 4539/3549/2579 4536/3545/2579
f 4536/3545/2580 4539/3549/2580 4540/3541/2580 4537/3540/2580
f 2826/3547/2581 2825/1192/2581 4541/3550/2581 4538/3548/2581
f 4538/3548/2582 4541/3550/2582 4542/3551/2582 4539/3549/2582
f 4539/3549/2583 4542/3551/2583 4543/1193/2583 4540/3541/2583
f 2825/1192/2584 361/1191/2584 1610/3300/2584 4541/3550/2584
f 4541/3550/2585 1610/3300/2585 1611/3302/2585 4542/3551/2585
f 4542/3551/2586 1611/3302/2586 1612/1194/2586 4543/1193/2586
f 1546/1110/2587 4546/3552/2587 2827/3542/2587 341/1111/2587
f 4546/3552/2588 4549/3553/2588 2826/3547/2588 2827/3542/2588
f 4549/3553/2589 4552/1189/2589 2825/1192/2589 2826/3547/2589
f 340/1107/2590 2824/3554/2590 4544/3555/2590 1544/3556/2590
f 1544/3556/2591 4544/3555/2591 4545/3557/2591 1545/3558/2591
f 1545/3558/2592 4545/3557/2592 4546/3552/2592 1546/1110/2592
f 2824/3554/2593 2823/3559/2593 4547/3560/2593 4544/3555/2593
f 4544/3555/2594 4547/3560/2594 4548/3561/2594 4545/3557/2594
f 4545/3557/2595 4548/3561/2595 4549/3553/2595 4546/3552/2595
f 2823/3559/2596 2822/1188/2596 4550/3562/2596 4547/3560/2596
f 4547/3560/2597 4550/3562/2597 4551/3563/2597 4548/3561/2597
f 4548/3561/2598 4551/3563/2598 4552/1189/2598 4549/3553/2598
f 2822/1188/2599 360/1187/2599 1607/3312/2599 4550/3562/2599
f 4550/3562/2600 1607/3312/2600 1608/3314/2600 4551/3563/2600
f 4551/3563/2601 1608/3314/2601 1609/1190/2601 4552/1189/2601
f 1543/1106/2602 4555/3564/2602 2824/3554/2602 340/1107/2602
f 4555/3564/2603 4558/3565/2603 2823/3559/2603 2824/3554/2603
f 4558/3565/2604 4561/1185/2604 2822/1188/2604 2823/3559/2604
f 339/1103/2605 2821/3566/2605 4553/3567/2605 1541/3568/2605
f 1541/3568/2606 4553/3567/2606 4554/3569/2606 1542/3570/2606
f 1542/3570/2607 4554/3569/2607 4555/3564/2607 1543/1106/2607
f 2821/3566/2608 2820/3571/2608 4556/3572/2608 4553/3567/2608
f 4553/3567/2609 4556/3572/2609 4557/3573/2609 4554/3569/2609
f 4554/3569/2610 4557/3573/2610 4558/3565/2610 4555/3564/2610
f 2820/3571/2611 2819/1184/2611 4559/3574/2611 4556/3572/2611
f 4556/3572/2612 4559/3574/2612 4560/3575/2612 4557/3573/2612
f 4557/3573/2613 4560/3575/2613 4561/1185/2613 4558/3565/2613
f 2819/1184/2614 359/1183/2614 1604/3324/2614 4559/3574/2614
f 4559/3574/2615 1604/3324/2615 1605/3326/2615 4560/3575/2615
f 4560/3575/2616 1605/3326/2616 1606/1186/2616 4561/1185/2616
f 1540/1102/2617 4564/3576/2617 2821/3566/2617 339/1103/2617
f 4564/3576/2618 4567/3577/2618 2820/3571/2618 2821/3566/2618
f 4567/3577/2619 4570/1181/2619 2819/1184/2619 2820/3571/2619
f 338/1099/2620 2818/3578/2620 4562/3579/2620 1538/3580/2620
f 1538/3580/2621 4562/3579/2621 4563/3581/2621 1539/3582/2621
f 1539/3582/2622 4563/3581/2622 4564/3576/2622 1540/1102/2622
f 2818/3578/2623 2817/3583/2623 4565/3584/2623 4562/3579/2623
f 4562/3579/2624 4565/3584/2624 4566/3585/2624 4563/3581/2624
f 4563/3581/2625 4566/3585/2625 4567/3577/2625 4564/3576/2625
f 2817/3583/2626 2816/1180/2626 4568/3586/2626 4565/3584/2626
f 4565/3584/2627 4568/3586/2627 4569/3587/2627 4566/3585/2627
f 4566/3585/2628 4569/3587/2628 4570/1181/2628 4567/3577/2628
f 2816/1180/2629 358/1179/2629 1601/3336/2629 4568/3586/2629
f 4568/3586/2630 1601/3336/2630 1602/3338/2630 4569/3587/2630
f 4569/3587/2631 1602/3338/2631 1603/1182/2631 4570/1181/2631
f 1537/1098/2632 4573/3588/2632 2818/3578/2632 338/1099/2632
f 4573/3588/2633 4576/3589/2633 2817/3583/2633 2818/3578/2633
f 4576/3589/2634 4579/1177/2634 2816/1180/2634 2817/3583/2634
f 337/1095/2635 2815/3590/2635 4571/3591/2635 1535/3592/2635
f 1535/3592/2636 4571/3591/2636 4572/3593/2636 1536/3594/2636
f 1536/3594/2637 4572/3593/2637 4573/3588/2637 1537/1098/2637
f 2815/3590/2638 2814/3595/2638 4574/3596/2638 4571/3591/2638
f 4571/3591/2639 4574/3596/2639 4575/3597/2639 4572/3593/2639
f 4572/3593/2640 4575/3597/2640 4576/3589/2640 4573/3588/2640
f 2814/3595/2641 2813/1176/2641 4577/3598/2641 4574/3596/2641
f 4574/3596/2642 4577/3598/2642 4578/3599/2642 4575/3597/2642
f 4575/3597/2643 4578/3599/2643 4579/1177/2643 4576/3589/2643
f 2813/1176/2644 357/1175/2644 1598/3348/2644 4577/3598/2644
f 4577/3598/2645 1598/3348/2645 1599/3350/2645 4578/3599/2645
f 4578/3599/2646 1599/3350/2646 1600/1178/2646 4579/1177/2646
f 1534/1094/2647 4582/3600/2647 2815/3590/2647 337/1095/2647
f 4582/3600/2648 4585/3601/2648 2814/3595/2648 2815/3590/2648
f 4585/3601/2649 4588/1173/2649 2813/1176/2649 2814/3595/2649
f 336/1091/2650 2812/3602/2650 4580/3603/2650 1532/3604/2650
f 1532/3604/2651 4580/3603/2651 4581/3605/2651 1533/3606/2651
f 1533/3606/2652 4581/3605/2652 4582/3600/2652 1534/1094/2652
f 2812/3602/2653 2811/3607/2653 4583/3608/2653 4580/3603/2653
f 4580/3603/2654 4583/3608/2654 4584/3609/2654 4581/3605/2654
f 4581/3605/2655 4584/3609/2655 4585/3601/2655 4582/3600/2655
f 2811/3607/2656 2810/1172/2656 4586/3610/2656 4583/3608/2656
f 4583/3608/2657 4586/3610/2657 4587/3611/2657 4584/3609/2657
f 4584/3609/2658 4587/3611/2658 4588/1173/2658 4585/3601/2658
f 2810/1172/2659 356/1171/2659 1595/3360/2659 4586/3610/2659
f 4586/3610/2660 1595/3360/2660 1596/3362/2660 4587/3611/2660
f 4587/3611/2661 1596/3362/2661 1597/1174/2661 4588/1173/2661
f 1531/1090/2662 4591/3612/2662 2812/3602/2662 336/1091/2662
f 4591/3612/2663 4594/3613/2663 2811/3607/2663 2812/3602/2663
f 4594/3613/2664 4597/1169/2664 2810/1172/2664 2811/3607/2664
f 335/1087/2665 2809/3614/2665 4589/3615/2665 1529/3616/2665
f 1529/3616/2666 4589/3615/2666 4590/3617/2666 1530/3618/2666
f 1530/3618/2667 4590/3617/2667 4591/3612/2667 1531/1090/2667
f 2809/3614/2668 2808/3619/2668 4592/3620/2668 4589/3615/2668
f 4589/3615/2669 4592/3620/2669 4593/3621/2669 4590/3617/2669
f 4590/3617/2670 4593/3621/2670 4594/3613/2670 4591/3612/2670
f 2808/3619/2671 2807/1168/2671 4595/3622/2671 4592/3620/2671
f 4592/3620/2672 4595/3622/2672 4596/3623/2672 4593/3621/2672
f 4593/3621/2673 4596/3623/2673 4597/1169/2673 4594/3613/2673
f 2807/1168/2674 355/1167/2674 1592/3372/2674 4595/3622/2674
f 4595/3622/2675 1592/3372/2675 1593/3374/2675 4596/3623/2675
f 4596/3623/2676 1593/3374/2676 1594/1170/2676 4597/1169/2676
f 1528/1086/2677 4600/3624/2677 2809/3614/2677 335/1087/2677
f 4600/3624/2678 4603/3625/2678 2808/3619/2678 2809/3614/2678
f 4603/3625/2679 4606/1165/2679 2807/1168/2679 2808/3619/2679
f 334/1083/2680 2806/3626/2680 4598/3627/2680 1526/3628/2680
f 1526/3628/2681 4598/3627/2681 4599/3629/2681 1527/3630/2681
f 1527/3630/2682 4599/3629/2682 4600/3624/2682 1528/1086/2682
f 2806/3626/2683 2805/3631/2683 4601/3632/2683 4598/3627/2683
f 4598/3627/2684 4601/3632/2684 4602/3633/2684 4599/3629/2684
f 4599/3629/2685 4602/3633/2685 4603/3625/2685 4600/3624/2685
f 2805/3631/2686 2804/1164/2686 4604/3634/2686 4601/3632/2686
f 4601/3632/2687 4604/3634/2687 4605/3635/2687 4602/3633/2687
f 4602/3633/2688 4605/3635/2688 4606/1165/2688 4603/3625/2688
f 2804/1164/2689 354/1163/2689 1589/3384/2689 4604/3634/2689
f 4604/3634/2690 1589/3384/2690 1590/3386/2690 4605/3635/2690
f 4605/3635/2691 1590/3386/2691 1591/1166/2691 4606/1165/2691
f 1525/1082/2692 4609/3636/2692 2806/3626/2692 334/1083/2692
f 4609/3636/2693 4612/3637/2693 2805/3631/2693 2806/3626/2693
f 4612/3637/2694 4615/1161/2694 2804/1164/2694 2805/3631/2694
f 333/1079/2695 2803/3638/2695 4607/3639/2695 1523/3640/2695
f 1523/3640/2696 4607/3639/2696 4608/3641/2696 1524/3642/2696
f 1524/3642/2697 4608/3641/2697 4609/3636/2697 1525/1082/2697
f 2803/3638/2698 2802/3643/2698 4610/3644/2698 4607/3639/2698
f 4607/3639/2699 4610/3644/2699 4611/3645/2699 4608/3641/2699
f 4608/3641/2700 4611/3645/2700 4612/3637/2700 4609/3636/2700
f 2802/3643/2701 2801/1160/2701 4613/3646/2701 4610/3644/2701
f 4610/3644/2702 4613/3646/2702 4614/3647/2702 4611/3645/2702
f 4611/3645/2703 4614/3647/2703 4615/1161/2703 4612/3637/2703
f 2801/1160/2704 353/1159/2704 1586/3396/2704 4613/3646/2704
f 4613/3646/2705 1586/3396/2705 1587/3398/2705 4614/3647/2705
f 4614/3647/2706 1587/3398/2706 1588/1162/2706 4615/1161/2706
f 1522/1078/2707 4618/3648/2707 2803/3638/2707 333/1079/2707
f 4618/3648/2708 4621/3649/2708 2802/3643/2708 2803/3638/2708
f 4621/3649/2709 4624/1157/2709 2801/1160/2709 2802/3643/2709
f 332/1075/2710 2800/3650/2710 4616/3651/2710 1520/3652/2710
f 1520/3652/2711 4616/3651/2711 4617/3653/2711 1521/3654/2711
f 1521/3654/2712 4617/3653/2712 4618/3648/2712 1522/1078/2712
f 2800/3650/2713 2799/3655/2713 4619/3656/2713 4616/3651/2713
f 4616/3651/2714 4619/3656/2714 4620/3657/2714 4617/3653/2714
f 4617/3653/2715 4620/3657/2715 4621/3649/2715 4618/3648/2715
f 2799/3655/2716 2798/1156/2716 4622/3658/2716 4619/3656/2716
f 4619/3656/2717 4622/3658/2717 4623/3659/2717 4620/3657/2717
f 4620/3657/2718 4623/3659/2718 4624/1157/2718 4621/3649/2718
f 2798/1156/2719 352/1155/2719 1583/3408/2719 4622/3658/2719
f 4622/3658/2720 1583/3408/2720 1584/3410/2720 4623/3659/2720
f 4623/3659/2721 1584/3410/2721 1585/1158/2721 4624/1157/2721
f 1519/1074/2722 4627/3660/2722 2800/3650/2722 332/1075/2722
f 4627/3660/2723 4630/3661/2723 2799/3655/2723 2800/3650/2723
f 4630/3661/2724 4633/1153/2724 2798/1156/2724 2799/3655/2724
f 331/1071/2725 2797/3662/2725 4625/3663/2725 1517/3664/2725
f 1517/3664/2726 4625/3663/2726 4626/3665/2726 1518/3666/2726
f 1518/3666/2727 4626/3665/2727 4627/3660/2727 1519/1074/2727
f 2797/3662/2728 2796/3667/2728 4628/3668/2728 4625/3663/2728
f 4625/3663/2729 4628/3668/2729 4629/3669/2729 4626/3665/2729
f 4626/3665/2730 4629/3669/2730 4630/3661/2730 4627/3660/2730
f 2796/3667/2731 2795/1152/2731 4631/3670/2731 4628/3668/2731
f 4628/3668/2732 4631/3670/2732 4632/3671/2732 4629/3669/2732
f 4629/3669/2733 4632/3671/2733 4633/1153/2733 4630/3661/2733
f 2795/1152/2734 351/1151/2734 1580/3420/2734 4631/3670/2734
f 4631/3670/2735 1580/3420/2735 1581/3422/2735 4632/3671/2735
f 4632/3671/2736 1581/3422/2736 1582/1154/2736 4633/1153/2736
f 1516/1070/2737 4636/3672/2737 2797/3662/2737 331/1071/2737
f 4636/3672/2738 4639/3673/2738 2796/3667/2738 2797/3662/2738
f 4639/3673/2739 4642/1149/2739 2795/1152/2739 2796/3667/2739
f 330/1067/2740 2794/3674/2740 4634/3675/2740 1514/3676/2740
f 1514/3676/2741 4634/3675/2741 4635/3677/2741 1515/3678/2741
f 1515/3678/2742 4635/3677/2742 4636/3672/2742 1516/1070/2742
f 2794/3674/2743 2793/3679/2743 4637/3680/2743 4634/3675/2743
f 4634/3675/2744 4637/3680/2744 4638/3681/2744 4635/3677/2744
f 4635/3677/2745 4638/3681/2745 4639/3673/2745 4636/3672/2745
f 2793/3679/2746 2792/1148/2746 4640/3682/2746 4637/3680/2746
f 4637/3680/2747 4640/3682/2747 4641/3683/2747 4638/3681/2747
f 4638/3681/2748 4641/3683/2748 4642/1149/2748 4639/3673/2748
f 2792/1148/2749 350/1147/2749 1577/3432/2749 4640/3682/2749
f 4640/3682/2750 1577/3432/2750 1578/3434/2750 4641/3683/2750
f 4641/3683/2751 1578/3434/2751 1579/1150/2751 4642/1149/2751
f 1513/1066/2752 4645/3684/2752 2794/3674/2752 330/1067/2752
f 4645/3684/2753 4648/3685/2753 2793/3679/2753 2794/3674/2753
f 4648/3685/2754 4651/1145/2754 2792/1148/2754 2793/3679/2754
f 329/1063/2755 2791/3686/2755 4643/3687/2755 1511/3688/2755
f 1511/3688/2756 4643/3687/2756 4644/3689/2756 1512/3690/2756
f 1512/3690/2757 4644/3689/2757 4645/3684/2757 1513/1066/2757
f 2791/3686/2758 2790/3691/2758 4646/3692/2758 4643/3687/2758
f 4643/3687/2759 4646/3692/2759 4647/3693/2759 4644/3689/2759
f 4644/3689/2760 4647/3693/2760 4648/3685/2760 4645/3684/2760
f 2790/3691/2761 2789/1144/2761 4649/3694/2761 4646/3692/2761
f 4646/3692/2762 4649/3694/2762 4650/3695/2762 4647/3693/2762
f 4647/3693/2763 4650/3695/2763 4651/1145/2763 4648/3685/2763
f 2789/1144/2764 349/1143/2764 1574/3444/2764 4649/3694/2764
f 4649/3694/2765 1574/3444/2765 1575/3446/2765 4650/3695/2765
f 4650/3695/2766 1575/3446/2766 1576/1146/2766 4651/1145/2766
f 1510/1062/2767 4654/3696/2767 2791/3686/2767 329/1063/2767
f 4654/3696/2768 4657/3697/2768 2790/3691/2768 2791/3686/2768
f 4657/3697/2769 4660/1141/2769 2789/1144/2769 2790/3691/2769
f 328/1059/2770 2788/3698/2770 4652/3699/2770 1508/3700/2770
f 1508/3700/2771 4652/3699/2771 4653/3701/2771 1509/3702/2771
f 1509/3702/2772 4653/3701/2772 4654/3696/2772 1510/1062/2772
f 2788/3698/2773 2787/3703/2773 4655/3704/2773 4652/3699/2773
f 4652/3699/2774 4655/3704/2774 4656/3705/2774 4653/3701/2774
f 4653/3701/2775 4656/3705/2775 4657/3697/2775 4654/3696/2775
f 2787/3703/2776 2786/1140/2776 4658/3706/2776 4655/3704/2776
f 4655/3704/2777 4658/3706/2777 4659/3707/2777 4656/3705/2777
f 4656/3705/2778 4659/3707/2778 4660/1141/2778 4657/3697/2778
f 2786/1140/2779 348/1139/2779 1571/3456/2779 4658/3706/2779
f 4658/3706/2780 1571/3456/2780 1572/3458/2780 4659/3707/2780
f 4659/3707/2781 1572/3458/2781 1573/1142/2781 4660/1141/2781
f 1507/1058/2782 4663/3708/2782 2788/3698/2782 328/1059/2782
f 4663/3708/2783 4666/3709/2783 2787/3703/2783 2788/3698/2783
f 4666/3709/2784 4669/1137/2784 2786/1140/2784 2787/3703/2784
f 327/1055/2785 2785/3710/2785 4661/3711/2785 1505/3712/2785
f 1505/3712/2786 4661/3711/2786 4662/3713/2786 1506/3714/2786
f 1506/3714/2787 4662/3713/2787 4663/3708/2787 1507/1058/2787
f 2785/3710/2788 2784/3715/2788 4664/3716/2788 4661/3711/2788
f 4661/3711/2789 4664/3716/2789 4665/3717/2789 4662/3713/2789
f 4662/3713/2790 4665/3717/2790 4666/3709/2790 4663/3708/2790
f 2784/3715/2791 2783/1136/2791 4667/3718/2791 4664/3716/2791
f 4664/3716/2792 4667/3718/2792 4668/3719/2792 4665/3717/2792
f 4665/3717/2793 4668/3719/2793 4669/1137/2793 4666/3709/2793
f 2783/1136/2794 347/1135/2794 1568/3468/2794 4667/3718/2794
f 4667/3718/2795 1568/3468/2795 1569/3470/2795 4668/3719/2795
f 4668/3719/2796 1569/3470/2796 1570/1138/2796 4669/1137/2796
f 1504/1054/2797 4672/3720/2797 2785/3710/2797 327/1055/2797
f 4672/3720/2798 4675/3721/2798 2784/3715/2798 2785/3710/2798
f 4675/3721/2799 4678/1133/2799 2783/1136/2799 2784/3715/2799
f 326/1051/2800 2782/3722/2800 4670/3723/2800 1502/3724/2800
f 1502/3724/2801 4670/3723/2801 4671/3725/2801 1503/3726/2801
f 1503/3726/2802 4671/3725/2802 4672/3720/2802 1504/1054/2802
f 2782/3722/2803 2781/3727/2803 4673/3728/2803 4670/3723/2803
f 4670/3723/2804 4673/3728/2804 4674/3729/2804 4671/3725/2804
f 4671/3725/2805 4674/3729/2805 4675/3721/2805 4672/3720/2805
f 2781/3727/2806 2780/1132/2806 4676/3730/2806 4673/3728/2806
f 4673/3728/2807 4676/3730/2807 4677/3731/2807 4674/3729/2807
f 4674/3729/2808 4677/3731/2808 4678/1133/2808 4675/3721/2808
f 2780/1132/2809 346/1131/2809 1565/3480/2809 4676/3730/2809
f 4676/3730/2810 1565/3480/2810 1566/3482/2810 4677/3731/2810
f 4677/3731/2811 1566/3482/2811 1567/1134/2811 4678/1133/2811
f 1501/1050/2812 4681/3732/2812 2782/3722/2812 326/1051/2812
f 4681/3732/2813 4684/3733/2813 2781/3727/2813 2782/3722/2813
f 4684/3733/2814 4687/1129/2814 2780/1132/2814 2781/3727/2814
f 325/1047/2815 2779/3734/2815 4679/3735/2815 1499/3736/2815
f 1499/3736/2816 4679/3735/2816 4680/3737/2816 1500/3738/2816
f 1500/3738/2817 4680/3737/2817 4681/3732/2817 1501/1050/2817
f 2779/3734/2818 2778/3739/2818 4682/3740/2818 4679/3735/2818
f 4679/3735/2819 4682/3740/2819 4683/3741/2819 4680/3737/2819
f 4680/3737/2820 4683/3741/2820 4684/3733/2820 4681/3732/2820
f 2778/3739/2821 2777/1128/2821 4685/3742/2821 4682/3740/2821
f 4682/3740/2822 4685/3742/2822 4686/3743/2822 4683/3741/2822
f 4683/3741/2823 4686/3743/2823 4687/1129/2823 4684/3733/2823
f 2777/1128/2824 345/1127/2824 1562/3492/2824 4685/3742/2824
f 4685/3742/2825 1562/3492/2825 1563/3494/2825 4686/3743/2825
f 4686/3743/2826 1563/3494/2826 1564/1130/2826 4687/1129/2826
f 1498/1046/2827 4690/3744/2827 2779/3734/2827 325/1047/2827
f 4690/3744/2828 4693/3745/2828 2778/3739/2828 2779/3734/2828
f 4693/3745/2829 4696/1125/2829 2777/1128/2829 2778/3739/2829
f 37/3746/2830 596/3747/2830 4688/3748/2830 1496/3749/2830
f 1496/3749/2831 4688/3748/2831 4689/3750/2831 1497/3751/2831
f 1497/3751/2832 4689/3750/2832 4690/3744/2832 1498/1046/2832
f 596/3747/2833 597/3752/2833 4691/3753/2833 4688/3748/2833
f 4688/3748/2834 4691/3753/2834 4692/3754/2834 4689/3750/2834
f 4689/3750/2835 4692/3754/2835 4693/3745/2835 4690/3744/2835
f 597/3752/2836 598/3755/2836 4694/3756/2836 4691/3753/2836
f 4691/3753/2837 4694/3756/2837 4695/3757/2837 4692/3754/2837
f 4692/3754/2838 4695/3757/2838 4696/1125/2838 4693/3745/2838
f 598/3755/2839 38/3502/2839 1559/3505/2839 4694/3756/2839
f 4694/3756/2840 1559/3505/2840 1560/3507/2840 4695/3757/2840
f 4695/3757/2841 1560/3507/2841 1561/1126/2841 4696/1125/2841
f 1492/1042/2842 4699/3758/2842 2776/3759/2842 324/1043/2842
f 4699/3758/2843 4702/3760/2843 2775/3761/2843 2776/3759/2843
f 4702/3760/2844 4705/1121/2844 2774/1124/2844 2775/3761/2844
f 323/1039/2845 2773/3762/2845 4697/3763/2845 1490/3764/2845
f 1490/3764/2846 4697/3763/2846 4698/3765/2846 1491/3766/2846
f 1491/3766/2847 4698/3765/2847 4699/3758/2847 1492/1042/2847
f 2773/3762/2848 2772/3767/2848 4700/3768/2848 4697/3763/2848
f 4697/3763/2849 4700/3768/2849 4701/3769/2849 4698/3765/2849
f 4698/3765/2850 4701/3769/2850 4702/3760/2850 4699/3758/2850
f 2772/3767/2851 2771/1120/2851 4703/3770/2851 4700/3768/2851
f 4700/3768/2852 4703/3770/2852 4704/3771/2852 4701/3769/2852
f 4701/3769/2853 4704/3771/2853 4705/1121/2853 4702/3760/2853
f 2771/1120/2854 343/1119/2854 1553/3520/2854 4703/3770/2854
f 4703/3770/2855 1553/3520/2855 1554/3522/2855 4704/3771/2855
f 4704/3771/2856 1554/3522/2856 1555/1122/2856 4705/1121/2856
f 1489/1038/2857 4708/3772/2857 2773/3762/2857 323/1039/2857
f 4708/3772/2858 4711/3773/2858 2772/3767/2858 2773/3762/2858
f 4711/3773/2859 4714/1117/2859 2771/1120/2859 2772/3767/2859
f 322/1035/2860 2770/3774/2860 4706/3775/2860 1487/3776/2860
f 1487/3776/2861 4706/3775/2861 4707/3777/2861 1488/3778/2861
f 1488/3778/2862 4707/3777/2862 4708/3772/2862 1489/1038/2862
f 2770/3774/2863 2769/3779/2863 4709/3780/2863 4706/3775/2863
f 4706/3775/2864 4709/3780/2864 4710/3781/2864 4707/3777/2864
f 4707/3777/2865 4710/3781/2865 4711/3773/2865 4708/3772/2865
f 2769/3779/2866 2768/1116/2866 4712/3782/2866 4709/3780/2866
f 4709/3780/2867 4712/3782/2867 4713/3783/2867 4710/3781/2867
f 4710/3781/2868 4713/3783/2868 4714/1117/2868 4711/3773/2868
f 2768/1116/2869 342/1115/2869 1550/3532/2869 4712/3782/2869
f 4712/3782/2870 1550/3532/2870 1551/3534/2870 4713/3783/2870
f 4713/3783/2871 1551/3534/2871 1552/1118/2871 4714/1117/2871
f 1486/1034/2872 4717/3784/2872 2770/3774/2872 322/1035/2872
f 4717/3784/2873 4720/3785/2873 2769/3779/2873 2770/3774/2873
f 4720/3785/2874 4723/1113/2874 2768/1116/2874 2769/3779/2874
f 321/1031/2875 2767/3786/2875 4715/3787/2875 1484/3788/2875
f 1484/3788/2876 4715/3787/2876 4716/3789/2876 1485/3790/2876
f 1485/3790/2877 4716/3789/2877 4717/3784/2877 1486/1034/2877
f 2767/3786/2878 2766/3791/2878 4718/3792/2878 4715/3787/2878
f 4715/3787/2879 4718/3792/2879 4719/3793/2879 4716/3789/2879
f 4716/3789/2880 4719/3793/2880 4720/3785/2880 4717/3784/2880
f 2766/3791/2881 2765/1112/2881 4721/3794/2881 4718/3792/2881
f 4718/3792/2882 4721/3794/2882 4722/3795/2882 4719/3793/2882
f 4719/3793/2883 4722/3795/2883 4723/1113/2883 4720/3785/2883
f 2765/1112/2884 341/1111/2884 1547/3544/2884 4721/3794/2884
f 4721/3794/2885 1547/3544/2885 1548/3546/2885 4722/3795/2885
f 4722/3795/2886 1548/3546/2886 1549/1114/2886 4723/1113/2886
f 1483/1030/2887 4726/3796/2887 2767/3786/2887 321/1031/2887
f 4726/3796/2888 4729/3797/2888 2766/3791/2888 2767/3786/2888
f 4729/3797/2889 4732/1109/2889 2765/1112/2889 2766/3791/2889
f 320/1027/2890 2764/3798/2890 4724/3799/2890 1481/3800/2890
f 1481/3800/2891 4724/3799/2891 4725/3801/2891 1482/3802/2891
f 1482/3802/2892 4725/3801/2892 4726/3796/2892 1483/1030/2892
f 2764/3798/2893 2763/3803/2893 4727/3804/2893 4724/3799/2893
f 4724/3799/2894 4727/3804/2894 4728/3805/2894 4725/3801/2894
f 4725/3801/2895 4728/3805/2895 4729/3797/2895 4726/3796/2895
f 2763/3803/2896 2762/1108/2896 4730/3806/2896 4727/3804/2896
f 4727/3804/2897 4730/3806/2897 4731/3807/2897 4728/3805/2897
f 4728/3805/2898 4731/3807/2898 4732/1109/2898 4729/3797/2898
f 2762/1108/2899 340/1107/2899 1544/3556/2899 4730/3806/2899
f 4730/3806/2900 1544/3556/2900 1545/3558/2900 4731/3807/2900
f 4731/3807/2901 1545/3558/2901 1546/1110/2901 4732/1109/2901
f 1480/1026/2902 4735/3808/2902 2764/3798/2902 320/1027/2902
f 4735/3808/2903 4738/3809/2903 2763/3803/2903 2764/3798/2903
f 4738/3809/2904 4741/1105/2904 2762/1108/2904 2763/3803/2904
f 319/1023/2905 2761/3810/2905 4733/3811/2905 1478/3812/2905
f 1478/3812/2906 4733/3811/2906 4734/3813/2906 1479/3814/2906
f 1479/3814/2907 4734/3813/2907 4735/3808/2907 1480/1026/2907
f 2761/3810/2908 2760/3815/2908 4736/3816/2908 4733/3811/2908
f 4733/3811/2909 4736/3816/2909 4737/3817/2909 4734/3813/2909
f 4734/3813/2910 4737/3817/2910 4738/3809/2910 4735/3808/2910
f 2760/3815/2911 2759/1104/2911 4739/3818/2911 4736/3816/2911
f 4736/3816/2912 4739/3818/2912 4740/3819/2912 4737/3817/2912
f 4737/3817/2913 4740/3819/2913 4741/1105/2913 4738/3809/2913
f 2759/1104/2914 339/1103/2914 1541/3568/2914 4739/3818/2914
f 4739/3818/2915 1541/3568/2915 1542/3570/2915 4740/3819/2915
f 4740/3819/2916 1542/3570/2916 1543/1106/2916 4741/1105/2916
f 1477/1022/2917 4744/3820/2917 2761/3810/2917 319/1023/2917
f 4744/3820/2918 4747/3821/2918 2760/3815/2918 2761/3810/2918
f 4747/3821/2919 4750/1101/2919 2759/1104/2919 2760/3815/2919
f 318/1019/2920 2758/3822/2920 4742/3823/2920 1475/3824/2920
f 1475/3824/2921 4742/3823/2921 4743/3825/2921 1476/3826/2921
f 1476/3826/2922 4743/3825/2922 4744/3820/2922 1477/1022/2922
f 2758/3822/2923 2757/3827/2923 4745/3828/2923 4742/3823/2923
f 4742/3823/2924 4745/3828/2924 4746/3829/2924 4743/3825/2924
f 4743/3825/2925 4746/3829/2925 4747/3821/2925 4744/3820/2925
f 2757/3827/2926 2756/1100/2926 4748/3830/2926 4745/3828/2926
f 4745/3828/2927 4748/3830/2927 4749/3831/2927 4746/3829/2927
f 4746/3829/2928 4749/3831/2928 4750/1101/2928 4747/3821/2928
f 2756/1100/2929 338/1099/2929 1538/3580/2929 4748/3830/2929
f 4748/3830/2930 1538/3580/2930 1539/3582/2930 4749/3831/2930
f 4749/3831/2931 1539/3582/2931 1540/1102/2931 4750/1101/2931
f 1474/1018/2932 4753/3832/2932 2758/3822/2932 318/1019/2932
f 4753/3832/2933 4756/3833/2933 2757/3827/2933 2758/3822/2933
f 4756/3833/2934 4759/1097/2934 2756/1100/2934 2757/3827/2934
f 317/1015/2935 2755/3834/2935 4751/3835/2935 1472/3836/2935
f 1472/3836/2936 4751/3835/2936 4752/3837/2936 1473/3838/2936
f 1473/3838/2937 4752/3837/2937 4753/3832/2937 1474/1018/2937
f 2755/3834/2938 2754/3839/2938 4754/3840/2938 4751/3835/2938
f 4751/3835/2939 4754/3840/2939 4755/3841/2939 4752/3837/2939
f 4752/3837/2940 4755/3841/2940 4756/3833/2940 4753/3832/2940
f 2754/3839/2941 2753/1096/2941 4757/3842/2941 4754/3840/2941
f 4754/3840/2942 4757/3842/2942 4758/3843/2942 4755/3841/2942
f 4755/3841/2943 4758/3843/2943 4759/1097/2943 4756/3833/2943
f 2753/1096/2944 337/1095/2944 1535/3592/2944 4757/3842/2944
f 4757/3842/2945 1535/3592/2945 1536/3594/2945 4758/3843/2945
f 4758/3843/2946 1536/3594/2946 1537/1098/2946 4759/1097/2946
f 1471/1014/2947 4762/3844/2947 2755/3834/2947 317/1015/2947
f 4762/3844/2948 4765/3845/2948 2754/3839/2948 2755/3834/2948
f 4765/3845/2949 4768/1093/2949 2753/1096/2949 2754/3839/2949
f 316/1011/2950 2752/3846/2950 4760/3847/2950 1469/3848/2950
f 1469/3848/2951 4760/3847/2951 4761/3849/2951 1470/3850/2951
f 1470/3850/2952 4761/3849/2952 4762/3844/2952 1471/1014/2952
f 2752/3846/2953 2751/3851/2953 4763/3852/2953 4760/3847/2953
f 4760/3847/2954 4763/3852/2954 4764/3853/2954 4761/3849/2954
f 4761/3849/2955 4764/3853/2955 4765/3845/2955 4762/3844/2955
f 2751/3851/2956 2750/1092/2956 4766/3854/2956 4763/3852/2956
f 4763/3852/2957 4766/3854/2957 4767/3855/2957 4764/3853/2957
f 4764/3853/2958 4767/3855/2958 4768/1093/2958 4765/3845/2958
f 2750/1092/2959 336/1091/2959 1532/3604/2959 4766/3854/2959
f 4766/3854/2960 1532/3604/2960 1533/3606/2960 4767/3855/2960
f 4767/3855/2961 1533/3606/2961 1534/1094/2961 4768/1093/2961
f 1468/1010/2962 4771/3856/2962 2752/3846/2962 316/1011/2962
f 4771/3856/2963 4774/3857/2963 2751/3851/2963 2752/3846/2963
f 4774/3857/2964 4777/1089/2964 2750/1092/2964 2751/3851/2964
f 315/1007/2965 2749/3858/2965 4769/3859/2965 1466/3860/2965
f 1466/3860/2966 4769/3859/2966 4770/3861/2966 1467/3862/2966
f 1467/3862/2967 4770/3861/2967 4771/3856/2967 1468/1010/2967
f 2749/3858/2968 2748/3863/2968 4772/3864/2968 4769/3859/2968
f 4769/3859/2969 4772/3864/2969 4773/3865/2969 4770/3861/2969
f 4770/3861/2970 4773/3865/2970 4774/3857/2970 4771/3856/2970
f 2748/3863/2971 2747/1088/2971 4775/3866/2971 4772/3864/2971
f 4772/3864/2972 4775/3866/2972 4776/3867/2972 4773/3865/2972
f 4773/3865/2973 4776/3867/2973 4777/1089/2973 4774/3857/2973
f 2747/1088/2974 335/1087/2974 1529/3616/2974 4775/3866/2974
f 4775/3866/2975 1529/3616/2975 1530/3618/2975 4776/3867/2975
f 4776/3867/2976 1530/3618/2976 1531/1090/2976 4777/1089/2976
f 1465/1006/2977 4780/3868/2977 2749/3858/2977 315/1007/2977
f 4780/3868/2978 4783/3869/2978 2748/3863/2978 2749/3858/2978
f 4783/3869/2979 4786/1085/2979 2747/1088/2979 2748/3863/2979
f 314/1003/2980 2746/3870/2980 4778/3871/2980 1463/3872/2980
f 1463/3872/2981 4778/3871/2981 4779/3873/2981 1464/3874/2981
f 1464/3874/2982 4779/3873/2982 4780/3868/2982 1465/1006/2982
f 2746/3870/2983 2745/3875/2983 4781/3876/2983 4778/3871/2983
f 4778/3871/2984 4781/3876/2984 4782/3877/2984 4779/3873/2984
f 4779/3873/2985 4782/3877/2985 4783/3869/2985 4780/3868/2985
f 2745/3875/2986 2744/1084/2986 4784/3878/2986 4781/3876/2986
f 4781/3876/2987 4784/3878/2987 4785/3879/2987 4782/3877/2987
f 4782/3877/2988 4785/3879/2988 4786/1085/2988 4783/3869/2988
f 2744/1084/2989 334/1083/2989 1526/3628/2989 4784/3878/2989
f 4784/3878/2990 1526/3628/2990 1527/3630/2990 4785/3879/2990
f 4785/3879/2991 1527/3630/2991 1528/1086/2991 4786/1085/2991
f 1462/1002/2992 4789/3880/2992 2746/3870/2992 314/1003/2992
f 4789/3880/2993 4792/3881/2993 2745/3875/2993 2746/3870/2993
f 4792/3881/2994 4795/1081/2994 2744/1084/2994 2745/3875/2994
f 313/999/2995 2743/3882/2995 4787/3883/2995 1460/3884/2995
f 1460/3884/2996 4787/3883/2996 4788/3885/2996 1461/3886/2996
f 1461/3886/2997 4788/3885/2997 4789/3880/2997 1462/1002/2997
f 2743/3882/2998 2742/3887/2998 4790/3888/2998 4787/3883/2998
f 4787/3883/2999 4790/3888/2999 4791/3889/2999 4788/3885/2999
f 4788/3885/3000 4791/3889/3000 4792/3881/3000 4789/3880/3000
f 2742/3887/3001 2741/1080/3001 4793/3890/3001 4790/3888/3001
f 4790/3888/3002 4793/3890/3002 4794/3891/3002 4791/3889/3002
f 4791/3889/3003 4794/3891/3003 4795/1081/3003 4792/3881/3003
f 2741/1080/3004 333/1079/3004 1523/3640/3004 4793/3890/3004
f 4793/3890/3005 1523/3640/3005 1524/3642/3005 4794/3891/3005
f 4794/3891/3006 1524/3642/3006 1525/1082/3006 4795/1081/3006
f 1459/998/3007 4798/3892/3007 2743/3882/3007 313/999/3007
f 4798/3892/3008 4801/3893/3008 2742/3887/3008 2743/3882/3008
f 4801/3893/3009 4804/1077/3009 2741/1080/3009 2742/3887/3009
f 312/995/3010 2740/3894/3010 4796/3895/3010 1457/3896/3010
f 1457/3896/3011 4796/3895/3011 4797/3897/3011 1458/3898/3011
f 1458/3898/3012 4797/3897/3012 4798/3892/3012 1459/998/3012
f 2740/3894/3013 2739/3899/3013 4799/3900/3013 4796/3895/3013
f 4796/3895/3014 4799/3900/3014 4800/3901/3014 4797/3897/3014
f 4797/3897/3015 4800/3901/3015 4801/3893/3015 4798/3892/3015
f 2739/3899/3016 2738/1076/3016 4802/3902/3016 4799/3900/3016
f 4799/3900/3017 4802/3902/3017 4803/3903/3017 4800/3901/3017
f 4800/3901/3018 4803/3903/3018 4804/1077/3018 4801/3893/3018
f 2738/1076/3019 332/1075/3019 1520/3652/3019 4802/3902/3019
f 4802/3902/3020 1520/3652/3020 1521/3654/3020 4803/3903/3020
f 4803/3903/3021 1521/3654/3021 1522/1078/3021 4804/1077/3021
f 1456/994/3022 4807/3904/3022 2740/3894/3022 312/995/3022
f 4807/3904/3023 4810/3905/3023 2739/3899/3023 2740/3894/3023
f 4810/3905/3024 4813/1073/3024 2738/1076/3024 2739/3899/3024
f 311/991/3025 2737/3906/3025 4805/3907/3025 1454/3908/3025
f 1454/3908/3026 4805/3907/3026 4806/3909/3026 1455/3910/3026
f 1455/3910/3027 4806/3909/3027 4807/3904/3027 1456/994/3027
f 2737/3906/3028 2736/3911/3028 4808/3912/3028 4805/3907/3028
f 4805/3907/3029 4808/3912/3029 4809/3913/3029 4806/3909/3029
f 4806/3909/3030 4809/3913/3030 4810/3905/3030 4807/3904/3030
f 2736/3911/3031 2735/1072/3031 4811/3914/3031 4808/3912/3031
f 4808/3912/3032 4811/3914/3032 4812/3915/3032 4809/3913/3032
f 4809/3913/3033 4812/3915/3033 4813/1073/3033 4810/3905/3033
f 2735/1072/3034 331/1071/3034 1517/3664/3034 4811/3914/3034
f 4811/3914/3035 1517/3664/3035 1518/3666/3035 4812/3915/3035
f 4812/3915/3036 1518/3666/3036 1519/1074/3036 4813/1073/3036
f 1453/990/3037 4816/3916/3037 2737/3906/3037 311/991/3037
f 4816/3916/3038 4819/3917/3038 2736/3911/3038 2737/3906/3038
f 4819/3917/3039 4822/1069/3039 2735/1072/3039 2736/3911/3039
f 310/987/3040 2734/3918/3040 4814/3919/3040 1451/3920/3040
f 1451/3920/3041 4814/3919/3041 4815/3921/3041 1452/3922/3041
f 1452/3922/3042 4815/3921/3042 4816/3916/3042 1453/990/3042
f 2734/3918/3043 2733/3923/3043 4817/3924/3043 4814/3919/3043
f 4814/3919/3044 4817/3924/3044 4818/3925/3044 4815/3921/3044
f 4815/3921/3045 4818/3925/3045 4819/3917/3045 4816/3916/3045
f 2733/3923/3046 2732/1068/3046 4820/3926/3046 4817/3924/3046
f 4817/3924/3047 4820/3926/3047 4821/3927/3047 4818/3925/3047
f 4818/3925/3048 4821/3927/3048 4822/1069/3048 4819/3917/3048
f 2732/1068/3049 330/1067/3049 1514/3676/3049 4820/3926/3049
f 4820/3926/3050 1514/3676/3050 1515/3678/3050 4821/3927/3050
f 4821/3927/3051 1515/3678/3051 1516/1070/3051 4822/1069/3051
f 1450/986/3052 4825/3928/3052 2734/3918/3052 310/987/3052
f 4825/3928/3053 4828/3929/3053 2733/3923/3053 2734/3918/3053
f 4828/3929/3054 4831/1065/3054 2732/1068/3054 2733/3923/3054
f 309/983/3055 2731/3930/3055 4823/3931/3055 1448/3932/3055
f 1448/3932/3056 4823/3931/3056 4824/3933/3056 1449/3934/3056
f 1449/3934/3057 4824/3933/3057 4825/3928/3057 1450/986/3057
f 2731/3930/3058 2730/3935/3058 4826/3936/3058 4823/3931/3058
f 4823/3931/3059 4826/3936/3059 4827/3937/3059 4824/3933/3059
f 4824/3933/3060 4827/3937/3060 4828/3929/3060 4825/3928/3060
f 2730/3935/3061 2729/1064/3061 4829/3938/3061 4826/3936/3061
f 4826/3936/3062 4829/3938/3062 4830/3939/3062 4827/3937/3062
f 4827/3937/3063 4830/3939/3063 4831/1065/3063 4828/3929/3063
f 2729/1064/3064 329/1063/3064 1511/3688/3064 4829/3938/3064
f 4829/3938/3065 1511/3688/3065 1512/3690/3065 4830/3939/3065
f 4830/3939/3066 1512/3690/3066 1513/1066/3066 4831/1065/3066
f 1447/982/3067 4834/3940/3067 2731/3930/3067 309/983/3067
f 4834/3940/3068 4837/3941/3068 2730/3935/3068 2731/3930/3068
f 4837/3941/3069 4840/1061/3069 2729/1064/3069 2730/3935/3069
f 308/979/3070 2728/3942/3070 4832/3943/3070 1445/3944/3070
f 1445/3944/3071 4832/3943/3071 4833/3945/3071 1446/3946/3071
f 1446/3946/3072 4833/3945/3072 4834/3940/3072 1447/982/3072
f 2728/3942/3073 2727/3947/3073 4835/3948/3073 4832/3943/3073
f 4832/3943/3074 4835/3948/3074 4836/3949/3074 4833/3945/3074
f 4833/3945/3075 4836/3949/3075 4837/3941/3075 4834/3940/3075
f 2727/3947/3076 2726/1060/3076 4838/3950/3076 4835/3948/3076
f 4835/3948/3077 4838/3950/3077 4839/3951/3077 4836/3949/3077
f 4836/3949/3078 4839/3951/3078 4840/1061/3078 4837/3941/3078
f 2726/1060/3079 328/1059/3079 1508/3700/3079 4838/3950/3079
f 4838/3950/3080 1508/3700/3080 1509/3702/3080 4839/3951/3080
f 4839/3951/3081 1509/3702/3081 1510/1062/3081 4840/1061/3081
f 1444/978/3082 4843/3952/3082 2728/3942/3082 308/979/3082
f 4843/3952/3083 4846/3953/3083 2727/3947/3083 2728/3942/3083
f 4846/3953/3084 4849/1057/3084 2726/1060/3084 2727/3947/3084
f 307/975/3085 2725/3954/3085 4841/3955/3085 1442/3956/3085
f 1442/3956/3086 4841/3955/3086 4842/3957/3086 1443/3958/3086
f 1443/3958/3087 4842/3957/3087 4843/3952/3087 1444/978/3087
f 2725/3954/3088 2724/3959/3088 4844/3960/3088 4841/3955/3088
f 4841/3955/3089 4844/3960/3089 4845/3961/3089 4842/3957/3089
f 4842/3957/3090 4845/3961/3090 4846/3953/3090 4843/3952/3090
f 2724/3959/3091 2723/1056/3091 4847/3962/3091 4844/3960/3091
f 4844/3960/3092 4847/3962/3092 4848/3963/3092 4845/3961/3092
f 4845/3961/3093 4848/3963/3093 4849/1057/3093 4846/3953/3093
f 2723/1056/3094 327/1055/3094 1505/3712/3094 4847/3962/3094
f 4847/3962/3095 1505/3712/3095 1506/3714/3095 4848/3963/3095
f 4848/3963/3096 1506/3714/3096 1507/1058/3096 4849/1057/3096
f 1441/974/3097 4852/3964/3097 2725/3954/3097 307/975/3097
f 4852/3964/3098 4855/3965/3098 2724/3959/3098 2725/3954/3098
f 4855/3965/3099 4858/1053/3099 2723/1056/3099 2724/3959/3099
f 306/971/3100 2722/3966/3100 4850/3967/3100 1439/3968/3100
f 1439/3968/3101 4850/3967/3101 4851/3969/3101 1440/3970/3101
f 1440/3970/3102 4851/3969/3102 4852/3964/3102 1441/974/3102
f 2722/3966/3103 2721/3971/3103 4853/3972/3103 4850/3967/3103
f 4850/3967/3104 4853/3972/3104 4854/3973/3104 4851/3969/3104
f 4851/3969/3105 4854/3973/3105 4855/3965/3105 4852/3964/3105
f 2721/3971/3106 2720/1052/3106 4856/3974/3106 4853/3972/3106
f 4853/3972/3107 4856/3974/3107 4857/3975/3107 4854/3973/3107
f 4854/3973/3108 4857/3975/3108 4858/1053/3108 4855/3965/3108
f 2720/1052/3109 326/1051/3109 1502/3724/3109 4856/3974/3109
f 4856/3974/3110 1502/3724/3110 1503/3726/3110 4857/3975/3110
f 4857/3975/3111 1503/3726/3111 1504/1054/3111 4858/1053/3111
f 1438/970/3112 4861/3976/3112 2722/3966/3112 306/971/3112
f 4861/3976/3113 4864/3977/3113 2721/3971/3113 2722/3966/3113
f 4864/3977/3114 4867/1049/3114 2720/1052/3114 2721/3971/3114
f 305/967/3115 2719/3978/3115 4859/3979/3115 1436/3980/3115
f 1436/3980/3116 4859/3979/3116 4860/3981/3116 1437/3982/3116
f 1437/3982/3117 4860/3981/3117 4861/3976/3117 1438/970/3117
f 2719/3978/3118 2718/3983/3118 4862/3984/3118 4859/3979/3118
f 4859/3979/3119 4862/3984/3119 4863/3985/3119 4860/3981/3119
f 4860/3981/3120 4863/3985/3120 4864/3977/3120 4861/3976/3120
f 2718/3983/3121 2717/1048/3121 4865/3986/3121 4862/3984/3121
f 4862/3984/3122 4865/3986/3122 4866/3987/3122 4863/3985/3122
f 4863/3985/3123 4866/3987/3123 4867/1049/3123 4864/3977/3123
f 2717/1048/3124 325/1047/3124 1499/3736/3124 4865/3986/3124
f 4865/3986/3125 1499/3736/3125 1500/3738/3125 4866/3987/3125
f 4866/3987/3126 1500/3738/3126 1501/1050/3126 4867/1049/3126
f 1435/966/3127 4870/3988/3127 2719/3978/3127 305/967/3127
f 4870/3988/3128 4873/3989/3128 2718/3983/3128 2719/3978/3128
f 4873/3989/3129 4876/1045/3129 2717/1048/3129 2718/3983/3129
f 36/3990/3130 593/3991/3130 4868/3992/3130 1433/3993/3130
f 1433/3993/3131 4868/3992/3131 4869/3994/3131 1434/3995/3131
f 1434/3995/3132 4869/3994/3132 4870/3988/3132 1435/966/3132
f 593/3991/3133 594/3996/3133 4871/3997/3133 4868/3992/3133
f 4868/3992/3134 4871/3997/3134 4872/3998/3134 4869/3994/3134
f 4869/3994/3135 4872/3998/3135 4873/3989/3135 4870/3988/3135
f 594/3996/3136 595/3999/3136 4874/4000/3136 4871/3997/3136
f 4871/3997/3137 4874/4000/3137 4875/4001/3137 4872/3998/3137
f 4872/3998/3138 4875/4001/3138 4876/1045/3138 4873/3989/3138
f 595/3999/3139 37/3746/3139 1496/3749/3139 4874/4000/3139
f 4874/4000/3140 1496/3749/3140 1497/3751/3140 4875/4001/3140
f 4875/4001/3141 1497/3751/3141 1498/1046/3141 4876/1045/3141
f 1429/962/3142 4879/4002/3142 2716/4003/3142 304/963/3142
f 4879/4002/3143 4882/4004/3143 2715/4005/3143 2716/4003/3143
f 4882/4004/3144 4885/1041/3144 2714/1044/3144 2715/4005/3144
f 303/959/3145 2713/4006/3145 4877/4007/3145 1427/4008/3145
f 1427/4008/3146 4877/4007/3146 4878/4009/3146 1428/4010/3146
f 1428/4010/3147 4878/4009/3147 4879/4002/3147 1429/962/3147
f 2713/4006/3148 2712/4011/3148 4880/4012/3148 4877/4007/3148
f 4877/4007/3149 4880/4012/3149 4881/4013/3149 4878/4009/3149
f 4878/4009/3150 4881/4013/3150 4882/4004/3150 4879/4002/3150
f 2712/4011/3151 2711/1040/3151 4883/4014/3151 4880/4012/3151
f 4880/4012/3152 4883/4014/3152 4884/4015/3152 4881/4013/3152
f 4881/4013/3153 4884/4015/3153 4885/1041/3153 4882/4004/3153
f 2711/1040/3154 323/1039/3154 1490/3764/3154 4883/4014/3154
f 4883/4014/3155 1490/3764/3155 1491/3766/3155 4884/4015/3155
f 4884/4015/3156 1491/3766/3156 1492/1042/3156 4885/1041/3156
f 1426/958/3157 4888/4016/3157 2713/4006/3157 303/959/3157
f 4888/4016/3158 4891/4017/3158 2712/4011/3158 2713/4006/3158
f 4891/4017/3159 4894/1037/3159 2711/1040/3159 2712/4011/3159
f 302/955/3160 2710/4018/3160 4886/4019/3160 1424/4020/3160
f 1424/4020/3161 4886/4019/3161 4887/4021/3161 1425/4022/3161
f 1425/4022/3162 4887/4021/3162 4888/4016/3162 1426/958/3162
f 2710/4018/3163 2709/4023/3163 4889/4024/3163 4886/4019/3163
f 4886/4019/3164 4889/4024/3164 4890/4025/3164 4887/4021/3164
f 4887/4021/3165 4890/4025/3165 4891/4017/3165 4888/4016/3165
f 2709/4023/3166 2708/1036/3166 4892/4026/3166 4889/4024/3166
f 4889/4024/3167 4892/4026/3167 4893/4027/3167 4890/4025/3167
f 4890/4025/3168 4893/4027/3168 4894/1037/3168 4891/4017/3168
f 2708/1036/3169 322/1035/3169 1487/3776/3169 4892/4026/3169
f 4892/4026/3170 1487/3776/3170 1488/3778/3170 4893/4027/3170
f 4893/4027/3171 1488/3778/3171 1489/1038/3171 4894/1037/3171
f 1423/954/3172 4897/4028/3172 2710/4018/3172 302/955/3172
f 4897/4028/3173 4900/4029/3173 2709/4023/3173 2710/4018/3173
f 4900/4029/3174 4903/1033/3174 2708/1036/3174 2709/4023/3174
f 301/951/3175 2707/4030/3175 4895/4031/3175 1421/4032/3175
f 1421/4032/3176 4895/4031/3176 4896/4033/3176 1422/4034/3176
f 1422/4034/3177 4896/4033/3177 4897/4028/3177 1423/954/3177
f 2707/4030/3178 2706/4035/3178 4898/4036/3178 4895/4031/3178
f 4895/4031/3179 4898/4036/3179 4899/4037/3179 4896/4033/3179
f 4896/4033/3180 4899/4037/3180 4900/4029/3180 4897/4028/3180
f 2706/4035/3181 2705/1032/3181 4901/4038/3181 4898/4036/3181
f 4898/4036/3182 4901/4038/3182 4902/4039/3182 4899/4037/3182
f 4899/4037/3183 4902/4039/3183 4903/1033/3183 4900/4029/3183
f 2705/1032/3184 321/1031/3184 1484/3788/3184 4901/4038/3184
f 4901/4038/3185 1484/3788/3185 1485/3790/3185 4902/4039/3185
f 4902/4039/3186 1485/3790/3186 1486/1034/3186 4903/1033/3186
f 1420/950/3187 4906/4040/3187 2707/4030/3187 301/951/3187
f 4906/4040/3188 4909/4041/3188 2706/4035/3188 2707/4030/3188
f 4909/4041/3189 4912/1029/3189 2705/1032/3189 2706/4035/3189
f 300/947/3190 2704/4042/3190 4904/4043/3190 1418/4044/3190
f 1418/4044/3191 4904/4043/3191 4905/4045/3191 1419/4046/3191
f 1419/4046/3192 4905/4045/3192 4906/4040/3192 1420/950/3192
f 2704/4042/3193 2703/4047/3193 4907/4048/3193 4904/4043/3193
f 4904/4043/3194 4907/4048/3194 4908/4049/3194 4905/4045/3194
f 4905/4045/3195 4908/4049/3195 4909/4041/3195 4906/4040/3195
f 2703/4047/3196 2702/1028/3196 4910/4050/3196 4907/4048/3196
f 4907/4048/3197 4910/4050/3197 4911/4051/3197 4908/4049/3197
f 4908/4049/3198 4911/4051/3198 4912/1029/3198 4909/4041/3198
f 2702/1028/3199 320/1027/3199 1481/3800/3199 4910/4050/3199
f 4910/4050/3200 1481/3800/3200 1482/3802/3200 4911/4051/3200
f 4911/4051/3201 1482/3802/3201 1483/1030/3201 4912/1029/3201
f 1417/946/3202 4915/4052/3202 2704/4042/3202 300/947/3202
f 4915/4052/3203 4918/4053/3203 2703/4047/3203 2704/4042/3203
f 4918/4053/3204 4921/1025/3204 2702/1028/3204 2703/4047/3204
f 299/943/3205 2701/4054/3205 4913/4055/3205 1415/4056/3205
f 1415/4056/3206 4913/4055/3206 4914/4057/3206 1416/4058/3206
f 1416/4058/3207 4914/4057/3207 4915/4052/3207 1417/946/3207
f 2701/4054/3208 2700/4059/3208 4916/4060/3208 4913/4055/3208
f 4913/4055/3209 4916/4060/3209 4917/4061/3209 4914/4057/3209
f 4914/4057/3210 4917/4061/3210 4918/4053/3210 4915/4052/3210
f 2700/4059/3211 2699/1024/3211 4919/4062/3211 4916/4060/3211
f 4916/4060/3212 4919/4062/3212 4920/4063/3212 4917/4061/3212
f 4917/4061/3213 4920/4063/3213 4921/1025/3213 4918/4053/3213
f 2699/1024/3214 319/1023/3214 1478/3812/3214 4919/4062/3214
f 4919/4062/3215 1478/3812/3215 1479/3814/3215 4920/4063/3215
f 4920/4063/3216 1479/3814/3216 1480/1026/3216 4921/1025/3216
f 1414/942/3217 4924/4064/3217 2701/4054/3217 299/943/3217
f 4924/4064/3218 4927/4065/3218 2700/4059/3218 2701/4054/3218
f 4927/4065/3219 4930/1021/3219 2699/1024/3219 2700/4059/3219
f 298/939/3220 2698/4066/3220 4922/4067/3220 1412/4068/3220
f 1412/4068/3221 4922/4067/3221 4923/4069/3221 1413/4070/3221
f 1413/4070/3222 4923/4069/3222 4924/4064/3222 1414/942/3222
f 2698/4066/3223 2697/4071/3223 4925/4072/3223 4922/4067/3223
f 4922/4067/3224 4925/4072/3224 4926/4073/3224 4923/4069/3224
f 4923/4069/3225 4926/4073/3225 4927/4065/3225 4924/4064/3225
f 2697/4071/3226 2696/1020/3226 4928/4074/3226 4925/4072/3226
f 4925/4072/3227 4928/4074/3227 4929/4075/3227 4926/4073/3227
f 4926/4073/3228 4929/4075/3228 4930/1021/3228 4927/4065/3228
f 2696/1020/3229 318/1019/3229 1475/3824/3229 4928/4074/3229
f 4928/4074/3230 1475/3824/3230 1476/3826/3230 4929/4075/3230
f 4929/4075/3231 1476/3826/3231 1477/1022/3231 4930/1021/3231
f 1411/938/3232 4933/4076/3232 2698/4066/3232 298/939/3232
f 4933/4076/3233 4936/4077/3233 2697/4071/3233 2698/4066/3233
f 4936/4077/3234 4939/1017/3234 2696/1020/3234 2697/4071/3234
f 297/935/3235 2695/4078/3235 4931/4079/3235 1409/4080/3235
f 1409/4080/3236 4931/4079/3236 4932/4081/3236 1410/4082/3236
f 1410/4082/3237 4932/4081/3237 4933/4076/3237 1411/938/3237
f 2695/4078/3238 2694/4083/3238 4934/4084/3238 4931/4079/3238
f 4931/4079/3239 4934/4084/3239 4935/4085/3239 4932/4081/3239
f 4932/4081/3240 4935/4085/3240 4936/4077/3240 4933/4076/3240
f 2694/4083/3241 2693/1016/3241 4937/4086/3241 4934/4084/3241
f 4934/4084/3242 4937/4086/3242 4938/4087/3242 4935/4085/3242
f 4935/4085/3243 4938/4087/3243 4939/1017/3243 4936/4077/3243
f 2693/1016/3244 317/1015/3244 1472/3836/3244 4937/4086/3244
f 4937/4086/3245 1472/3836/3245 1473/3838/3245 4938/4087/3245
f 4938/4087/3246 1473/3838/3246 1474/1018/3246 4939/1017/3246
f 1408/934/3247 4942/4088/3247 2695/4078/3247 297/935/3247
f 4942/4088/3248 4945/4089/3248 2694/4083/3248 2695/4078/3248
f 4945/4089/3249 4948/1013/3249 2693/1016/3249 2694/4083/3249
f 296/931/3250 2692/4090/3250 4940/4091/3250 1406/4092/3250
f 1406/4092/3251 4940/4091/3251 4941/4093/3251 1407/4094/3251
f 1407/4094/3252 4941/4093/3252 4942/4088/3252 1408/934/3252
f 2692/4090/3253 2691/4095/3253 4943/4096/3253 4940/4091/3253
f 4940/4091/3254 4943/4096/3254 4944/4097/3254 4941/4093/3254
f 4941/4093/3255 4944/4097/3255 4945/4089/3255 4942/4088/3255
f 2691/4095/3256 2690/1012/3256 4946/4098/3256 4943/4096/3256
f 4943/4096/3257 4946/4098/3257 4947/4099/3257 4944/4097/3257
f 4944/4097/3258 4947/4099/3258 4948/1013/3258 4945/4089/3258
f 2690/1012/3259 316/1011/3259 1469/3848/3259 4946/4098/3259
f 4946/4098/3260 1469/3848/3260 1470/3850/3260 4947/4099/3260
f 4947/4099/3261 1470/3850/3261 1471/1014/3261 4948/1013/3261
f 1405/930/3262 4951/4100/3262 2692/4090/3262 296/931/3262
f 4951/4100/3263 4954/4101/3263 2691/4095/3263 2692/4090/3263
f 4954/4101/3264 4957/1009/3264 2690/1012/3264 2691/4095/3264
f 295/927/3265 2689/4102/3265 4949/4103/3265 1403/4104/3265
f 1403/4104/3266 4949/4103/3266 4950/4105/3266 1404/4106/3266
f 1404/4106/3267 4950/4105/3267 4951/4100/3267 1405/930/3267
f 2689/4102/3268 2688/4107/3268 4952/4108/3268 4949/4103/3268
f 4949/4103/3269 4952/4108/3269 4953/4109/3269 4950/4105/3269
f 4950/4105/3270 4953/4109/3270 4954/4101/3270 4951/4100/3270
f 2688/4107/3271 2687/1008/3271 4955/4110/3271 4952/4108/3271
f 4952/4108/3272 4955/4110/3272 4956/4111/3272 4953/4109/3272
f 4953/4109/3273 4956/4111/3273 4957/1009/3273 4954/4101/3273
f 2687/1008/3274 315/1007/3274 1466/3860/3274 4955/4110/3274
f 4955/4110/3275 1466/3860/3275 1467/3862/3275 4956/4111/3275
f 4956/4111/3276 1467/3862/3276 1468/1010/3276 4957/1009/3276
f 1402/926/3277 4960/4112/3277 2689/4102/3277 295/927/3277
f 4960/4112/3278 4963/4113/3278 2688/4107/3278 2689/4102/3278
f 4963/4113/3279 4966/1005/3279 2687/1008/3279 2688/4107/3279
f 294/923/3280 2686/4114/3280 4958/4115/3280 1400/4116/3280
f 1400/4116/3281 4958/4115/3281 4959/4117/3281 1401/4118/3281
f 1401/4118/3282 4959/4117/3282 4960/4112/3282 1402/926/3282
f 2686/4114/3283 2685/4119/3283 4961/4120/3283 4958/4115/3283
f 4958/4115/3284 4961/4120/3284 4962/4121/3284 4959/4117/3284
f 4959/4117/3285 4962/4121/3285 4963/4113/3285 4960/4112/3285
f 2685/4119/3286 2684/1004/3286 4964/4122/3286 4961/4120/3286
f 4961/4120/3287 4964/4122/3287 4965/4123/3287 4962/4121/3287
f 4962/4121/3288 4965/4123/3288 4966/1005/3288 4963/4113/3288
f 2684/1004/3289 314/1003/3289 1463/3872/3289 4964/4122/3289
f 4964/4122/3290 1463/3872/3290 1464/3874/3290 4965/4123/3290
f 4965/4123/3291 1464/3874/3291 1465/1006/3291 4966/1005/3291
f 1399/922/3292 4969/4124/3292 2686/4114/3292 294/923/3292
f 4969/4124/3293 4972/4125/3293 2685/4119/3293 2686/4114/3293
f 4972/4125/3294 4975/1001/3294 2684/1004/3294 2685/4119/3294
f 293/919/3295 2683/4126/3295 4967/4127/3295 1397/4128/3295
f 1397/4128/3296 4967/4127/3296 4968/4129/3296 1398/4130/3296
f 1398/4130/3297 4968/4129/3297 4969/4124/3297 1399/922/3297
f 2683/4126/3298 2682/4131/3298 4970/4132/3298 4967/4127/3298
f 4967/4127/3299 4970/4132/3299 4971/4133/3299 4968/4129/3299
f 4968/4129/3300 4971/4133/3300 4972/4125/3300 4969/4124/3300
f 2682/4131/3301 2681/1000/3301 4973/4134/3301 4970/4132/3301
f 4970/4132/3302 4973/4134/3302 4974/4135/3302 4971/4133/3302
f 4971/4133/3303 4974/4135/3303 4975/1001/3303 4972/4125/3303
f 2681/1000/3304 313/999/3304 1460/3884/3304 4973/4134/3304
f 4973/4134/3305 1460/3884/3305 1461/3886/3305 4974/4135/3305
f 4974/4135/3306 1461/3886/3306 1462/1002/3306 4975/1001/3306
f 1396/918/3307 4978/4136/3307 2683/4126/3307 293/919/3307
f 4978/4136/3308 4981/4137/3308 2682/4131/3308 2683/4126/3308
f 4981/4137/3309 4984/997/3309 2681/1000/3309 2682/4131/3309
f 292/915/3310 2680/4138/3310 4976/4139/3310 1394/4140/3310
f 1394/4140/3311 4976/4139/3311 4977/4141/3311 1395/4142/3311
f 1395/4142/3312 4977/4141/3312 4978/4136/3312 1396/918/3312
f 2680/4138/3313 2679/4143/3313 4979/4144/3313 4976/4139/3313
f 4976/4139/3314 4979/4144/3314 4980/4145/3314 4977/4141/3314
f 4977/4141/3315 4980/4145/3315 4981/4137/3315 4978/4136/3315
f 2679/4143/3316 2678/996/3316 4982/4146/3316 4979/4144/3316
f 4979/4144/3317 4982/4146/3317 4983/4147/3317 4980/4145/3317
f 4980/4145/3318 4983/4147/3318 4984/997/3318 4981/4137/3318
f 2678/996/3319 312/995/3319 1457/3896/3319 4982/4146/3319
f 4982/4146/3320 1457/3896/3320 1458/3898/3320 4983/4147/3320
f 4983/4147/3321 1458/3898/3321 1459/998/3321 4984/997/3321
f 1393/914/3322 4987/4148/3322 2680/4138/3322 292/915/3322
f 4987/4148/3323 4990/4149/3323 2679/4143/3323 2680/4138/3323
f 4990/4149/3324 4993/993/3324 2678/996/3324 2679/4143/3324
f 291/911/3325 2677/4150/3325 4985/4151/3325 1391/4152/3325
f 1391/4152/3326 4985/4151/3326 4986/4153/3326 1392/4154/3326
f 1392/4154/3327 4986/4153/3327 4987/4148/3327 1393/914/3327
f 2677/4150/3328 2676/4155/3328 4988/4156/3328 4985/4151/3328
f 4985/4151/3329 4988/4156/3329 4989/4157/3329 4986/4153/3329
f 4986/4153/3330 4989/4157/3330 4990/4149/3330 4987/4148/3330
f 2676/4155/3331 2675/992/3331 4991/4158/3331 4988/4156/3331
f 4988/4156/3332 4991/4158/3332 4992/4159/3332 4989/4157/3332
f 4989/4157/3333 4992/4159/3333 4993/993/3333 4990/4149/3333
f 2675/992/3334 311/991/3334 1454/3908/3334 4991/4158/3334
f 4991/4158/3335 1454/3908/3335 1455/3910/3335 4992/4159/3335
f 4992/4159/3336 1455/3910/3336 1456/994/3336 4993/993/3336
f 1390/910/3337 4996/4160/3337 2677/4150/3337 291/911/3337
f 4996/4160/3338 4999/4161/3338 2676/4155/3338 2677/4150/3338
f 4999/4161/3339 5002/989/3339 2675/992/3339 2676/4155/3339
f 290/907/3340 2674/4162/3340 4994/4163/3340 1388/4164/3340
f 1388/4164/3341 4994/4163/3341 4995/4165/3341 1389/4166/3341
f 1389/4166/3342 4995/4165/3342 4996/4160/3342 1390/910/3342
f 2674/4162/3343 2673/4167/3343 4997/4168/3343 4994/4163/3343
f 4994/4163/3344 4997/4168/3344 4998/4169/3344 4995/4165/3344
f 4995/4165/3345 4998/4169/3345 4999/4161/3345 4996/4160/3345
f 2673/4167/3346 2672/988/3346 5000/4170/3346 4997/4168/3346
f 4997/4168/3347 5000/4170/3347 5001/4171/3347 4998/4169/3347
f 4998/4169/3348 5001/4171/3348 5002/989/3348 4999/4161/3348
f 2672/988/3349 310/987/3349 1451/3920/3349 5000/4170/3349
f 5000/4170/3350 1451/3920/3350 1452/3922/3350 5001/4171/3350
f 5001/4171/3351 1452/3922/3351 1453/990/3351 5002/989/3351
f 1387/906/3352 5005/4172/3352 2674/4162/3352 290/907/3352
f 5005/4172/3353 5008/4173/3353 2673/4167/3353 2674/4162/3353
f 5008/4173/3354 5011/985/3354 2672/988/3354 2673/4167/3354
f 289/903/3355 2671/4174/3355 5003/4175/3355 1385/4176/3355
f 1385/4176/3356 5003/4175/3356 5004/4177/3356 1386/4178/3356
f 1386/4178/3357 5004/4177/3357 5005/4172/3357 1387/906/3357
f 2671/4174/3358 2670/4179/3358 5006/4180/3358 5003/4175/3358
f 5003/4175/3359 5006/4180/3359 5007/4181/3359 5004/4177/3359
f 5004/4177/3360 5007/4181/3360 5008/4173/3360 5005/4172/3360
f 2670/4179/3361 2669/984/3361 5009/4182/3361 5006/4180/3361
f 5006/4180/3362 5009/4182/3362 5010/4183/3362 5007/4181/3362
f 5007/4181/3363 5010/4183/3363 5011/985/3363 5008/4173/3363
f 2669/984/3364 309/983/3364 1448/3932/3364 5009/4182/3364
f 5009/4182/3365 1448/3932/3365 1449/3934/3365 5010/4183/3365
f 5010/4183/3366 1449/3934/3366 1450/986/3366 5011/985/3366
f 1384/902/3367 5014/4184/3367 2671/4174/3367 289/903/3367
f 5014/4184/3368 5017/4185/3368 2670/4179/3368 2671/4174/3368
f 5017/4185/3369 5020/981/3369 2669/984/3369 2670/4179/3369
f 288/899/3370 2668/4186/3370 5012/4187/3370 1382/4188/3370
f 1382/4188/3371 5012/4187/3371 5013/4189/3371 1383/4190/3371
f 1383/4190/3372 5013/4189/3372 5014/4184/3372 1384/902/3372
f 2668/4186/3373 2667/4191/3373 5015/4192/3373 5012/4187/3373
f 5012/4187/3374 5015/4192/3374 5016/4193/3374 5013/4189/3374
f 5013/4189/3375 5016/4193/3375 5017/4185/3375 5014/4184/3375
f 2667/4191/3376 2666/980/3376 5018/4194/3376 5015/4192/3376
f 5015/4192/3377 5018/4194/3377 5019/4195/3377 5016/4193/3377
f 5016/4193/3378 5019/4195/3378 5020/981/3378 5017/4185/3378
f 2666/980/3379 308/979/3379 1445/3944/3379 5018/4194/3379
f 5018/4194/3380 1445/3944/3380 1446/3946/3380 5019/4195/3380
f 5019/4195/3381 1446/3946/3381 1447/982/3381 5020/981/3381
f 1381/898/3382 5023/4196/3382 2668/4186/3382 288/899/3382
f 5023/4196/3383 5026/4197/3383 2667/4191/3383 2668/4186/3383
f 5026/4197/3384 5029/977/3384 2666/980/3384 2667/4191/3384
f 287/895/3385 2665/4198/3385 5021/4199/3385 1379/4200/3385
f 1379/4200/3386 5021/4199/3386 5022/4201/3386 1380/4202/3386
f 1380/4202/3387 5022/4201/3387 5023/4196/3387 1381/898/3387
f 2665/4198/3388 2664/4203/3388 5024/4204/3388 5021/4199/3388
f 5021/4199/3389 5024/4204/3389 5025/4205/3389 5022/4201/3389
f 5022/4201/3390 5025/4205/3390 5026/4197/3390 5023/4196/3390
f 2664/4203/3391 2663/976/3391 5027/4206/3391 5024/4204/3391
f 5024/4204/3392 5027/4206/3392 5028/4207/3392 5025/4205/3392
f 5025/4205/3393 5028/4207/3393 5029/977/3393 5026/4197/3393
f 2663/976/3394 307/975/3394 1442/3956/3394 5027/4206/3394
f 5027/4206/3395 1442/3956/3395 1443/3958/3395 5028/4207/3395
f 5028/4207/3396 1443/3958/3396 1444/978/3396 5029/977/3396
f 1378/894/3397 5032/4208/3397 2665/4198/3397 287/895/3397
f 5032/4208/3398 5035/4209/3398 2664/4203/3398 2665/4198/3398
f 5035/4209/3399 5038/973/3399 2663/976/3399 2664/4203/3399
f 286/891/3400 2662/4210/3400 5030/4211/3400 1376/4212/3400
f 1376/4212/3401 5030/4211/3401 5031/4213/3401 1377/4214/3401
f 1377/4214/3402 5031/4213/3402 5032/4208/3402 1378/894/3402
f 2662/4210/3403 2661/4215/3403 5033/4216/3403 5030/4211/3403
f 5030/4211/3404 5033/4216/3404 5034/4217/3404 5031/4213/3404
f 5031/4213/3405 5034/4217/3405 5035/4209/3405 5032/4208/3405
f 2661/4215/3406 2660/972/3406 5036/4218/3406 5033/4216/3406
f 5033/4216/3407 5036/4218/3407 5037/4219/3407 5034/4217/3407
f 5034/4217/3408 5037/4219/3408 5038/973/3408 5035/4209/3408
f 2660/972/3409 306/971/3409 1439/3968/3409 5036/4218/3409
f 5036/4218/3410 1439/3968/3410 1440/3970/3410 5037/4219/3410
f 5037/4219/3411 1440/3970/3411 1441/974/3411 5038/973/3411
f 1375/890/3412 5041/4220/3412 2662/4210/3412 286/891/3412
f 5041/4220/3413 5044/4221/3413 2661/4215/3413 2662/4210/3413
f 5044/4221/3414 5047/969/3414 2660/972/3414 2661/4215/3414
f 285/887/3415 2659/4222/3415 5039/4223/3415 1373/4224/3415
f 1373/4224/3416 5039/4223/3416 5040/4225/3416 1374/4226/3416
f 1374/4226/3417 5040/4225/3417 5041/4220/3417 1375/890/3417
f 2659/4222/3418 2658/4227/3418 5042/4228/3418 5039/4223/3418
f 5039/4223/3419 5042/4228/3419 5043/4229/3419 5040/4225/3419
f 5040/4225/3420 5043/4229/3420 5044/4221/3420 5041/4220/3420
f 2658/4227/3421 2657/968/3421 5045/4230/3421 5042/4228/3421
f 5042/4228/3422 5045/4230/3422 5046/4231/3422 5043/4229/3422
f 5043/4229/3423 5046/4231/3423 5047/969/3423 5044/4221/3423
f 2657/968/3424 305/967/3424 1436/3980/3424 5045/4230/3424
f 5045/4230/3425 1436/3980/3425 1437/3982/3425 5046/4231/3425
f 5046/4231/3426 1437/3982/3426 1438/970/3426 5047/969/3426
f 1372/886/3427 5050/4232/3427 2659/4222/3427 285/887/3427
f 5050/4232/3428 5053/4233/3428 2658/4227/3428 2659/4222/3428
f 5053/4233/3429 5056/965/3429 2657/968/3429 2658/4227/3429
f 35/4234/3430 590/4235/3430 5048/4236/3430 1370/4237/3430
f 1370/4237/3431 5048/4236/3431 5049/4238/3431 1371/4239/3431
f 1371/4239/3432 5049/4238/3432 5050/4232/3432 1372/886/3432
f 590/4235/3433 591/4240/3433 5051/4241/3433 5048/4236/3433
f 5048/4236/3434 5051/4241/3434 5052/4242/3434 5049/4238/3434
f 5049/4238/3435 5052/4242/3435 5053/4233/3435 5050/4232/3435
f 591/4240/3436 592/4243/3436 5054/4244/3436 5051/4241/3436
f 5051/4241/3437 5054/4244/3437 5055/4245/3437 5052/4242/3437
f 5052/4242/3438 5055/4245/3438 5056/965/3438 5053/4233/3438
f 592/4243/3439 36/3990/3439 1433/3993/3439 5054/4244/3439
f 5054/4244/3440 1433/3993/3440 1434/3995/3440 5055/4245/3440
f 5055/4245/3441 1434/3995/3441 1435/966/3441 5056/965/3441
f 1366/882/3442 5059/4246/3442 2656/4247/3442 284/883/3442
f 5059/4246/3443 5062/4248/3443 2655/4249/3443 2656/4247/3443
f 5062/4248/3444 5065/961/3444 2654/964/3444 2655/4249/3444
f 283/879/3445 2653/4250/3445 5057/4251/3445 1364/4252/3445
f 1364/4252/3446 5057/4251/3446 5058/4253/3446 1365/4254/3446
f 1365/4254/3447 5058/4253/3447 5059/4246/3447 1366/882/3447
f 2653/4250/3448 2652/4255/3448 5060/4256/3448 5057/4251/3448
f 5057/4251/3449 5060/4256/3449 5061/4257/3449 5058/4253/3449
f 5058/4253/3450 5061/4257/3450 5062/4248/3450 5059/4246/3450
f 2652/4255/3451 2651/960/3451 5063/4258/3451 5060/4256/3451
f 5060/4256/3452 5063/4258/3452 5064/4259/3452 5061/4257/3452
f 5061/4257/3453 5064/4259/3453 5065/961/3453 5062/4248/3453
f 2651/960/3454 303/959/3454 1427/4008/3454 5063/4258/3454
f 5063/4258/3455 1427/4008/3455 1428/4010/3455 5064/4259/3455
f 5064/4259/3456 1428/4010/3456 1429/962/3456 5065/961/3456
f 1363/878/3457 5068/4260/3457 2653/4250/3457 283/879/3457
f 5068/4260/3458 5071/4261/3458 2652/4255/3458 2653/4250/3458
f 5071/4261/3459 5074/957/3459 2651/960/3459 2652/4255/3459
f 282/875/3460 2650/4262/3460 5066/4263/3460 1361/4264/3460
f 1361/4264/3461 5066/4263/3461 5067/4265/3461 1362/4266/3461
f 1362/4266/3462 5067/4265/3462 5068/4260/3462 1363/878/3462
f 2650/4262/3463 2649/4267/3463 5069/4268/3463 5066/4263/3463
f 5066/4263/3464 5069/4268/3464 5070/4269/3464 5067/4265/3464
f 5067/4265/3465 5070/4269/3465 5071/4261/3465 5068/4260/3465
f 2649/4267/3466 2648/956/3466 5072/4270/3466 5069/4268/3466
f 5069/4268/3467 5072/4270/3467 5073/4271/3467 5070/4269/3467
f 5070/4269/3468 5073/4271/3468 5074/957/3468 5071/4261/3468
f 2648/956/3469 302/955/3469 1424/4020/3469 5072/4270/3469
f 5072/4270/3470 1424/4020/3470 1425/4022/3470 5073/4271/3470
f 5073/4271/3471 1425/4022/3471 1426/958/3471 5074/957/3471
f 1360/874/3472 5077/4272/3472 2650/4262/3472 282/875/3472
f 5077/4272/3473 5080/4273/3473 2649/4267/3473 2650/4262/3473
f 5080/4273/3474 5083/953/3474 2648/956/3474 2649/4267/3474
f 281/871/3475 2647/4274/3475 5075/4275/3475 1358/4276/3475
f 1358/4276/3476 5075/4275/3476 5076/4277/3476 1359/4278/3476
f 1359/4278/3477 5076/4277/3477 5077/4272/3477 1360/874/3477
f 2647/4274/3478 2646/4279/3478 5078/4280/3478 5075/4275/3478
f 5075/4275/3479 5078/4280/3479 5079/4281/3479 5076/4277/3479
f 5076/4277/3480 5079/4281/3480 5080/4273/3480 5077/4272/3480
f 2646/4279/3481 2645/952/3481 5081/4282/3481 5078/4280/3481
f 5078/4280/3482 5081/4282/3482 5082/4283/3482 5079/4281/3482
f 5079/4281/3483 5082/4283/3483 5083/953/3483 5080/4273/3483
f 2645/952/3484 301/951/3484 1421/4032/3484 5081/4282/3484
f 5081/4282/3485 1421/4032/3485 1422/4034/3485 5082/4283/3485
f 5082/4283/3486 1422/4034/3486 1423/954/3486 5083/953/3486
f 1357/870/3487 5086/4284/3487 2647/4274/3487 281/871/3487
f 5086/4284/3488 5089/4285/3488 2646/4279/3488 2647/4274/3488
f 5089/4285/3489 5092/949/3489 2645/952/3489 2646/4279/3489
f 280/867/3490 2644/4286/3490 5084/4287/3490 1355/4288/3490
f 1355/4288/3491 5084/4287/3491 5085/4289/3491 1356/4290/3491
f 1356/4290/3492 5085/4289/3492 5086/4284/3492 1357/870/3492
f 2644/4286/3493 2643/4291/3493 5087/4292/3493 5084/4287/3493
f 5084/4287/3494 5087/4292/3494 5088/4293/3494 5085/4289/3494
f 5085/4289/3495 5088/4293/3495 5089/4285/3495 5086/4284/3495
f 2643/4291/3496 2642/948/3496 5090/4294/3496 5087/4292/3496
f 5087/4292/3497 5090/4294/3497 5091/4295/3497 5088/4293/3497
f 5088/4293/3498 5091/4295/3498 5092/949/3498 5089/4285/3498
f 2642/948/3499 300/947/3499 1418/4044/3499 5090/4294/3499
f 5090/4294/3500 1418/4044/3500 1419/4046/3500 5091/4295/3500
f 5091/4295/3501 1419/4046/3501 1420/950/3501 5092/949/3501
f 1354/866/3502 5095/4296/3502 2644/4286/3502 280/867/3502
f 5095/4296/3503 5098/4297/3503 2643/4291/3503 2644/4286/3503
f 5098/4297/3504 5101/945/3504 2642/948/3504 2643/4291/3504
f 279/863/3505 2641/4298/3505 5093/4299/3505 1352/4300/3505
f 1352/4300/3506 5093/4299/3506 5094/4301/3506 1353/4302/3506
f 1353/4302/3507 5094/4301/3507 5095/4296/3507 1354/866/3507
f 2641/4298/3508 2640/4303/3508 5096/4304/3508 5093/4299/3508
f 5093/4299/3509 5096/4304/3509 5097/4305/3509 5094/4301/3509
f 5094/4301/3510 5097/4305/3510 5098/4297/3510 5095/4296/3510
f 2640/4303/3511 2639/944/3511 5099/4306/3511 5096/4304/3511
f 5096/4304/3512 5099/4306/3512 5100/4307/3512 5097/4305/3512
f 5097/4305/3513 5100/4307/3513 5101/945/3513 5098/4297/3513
f 2639/944/3514 299/943/3514 1415/4056/3514 5099/4306/3514
f 5099/4306/3515 1415/4056/3515 1416/4058/3515 5100/4307/3515
f 5100/4307/3516 1416/4058/3516 1417/946/3516 5101/945/3516
f 1351/862/3517 5104/4308/3517 2641/4298/3517 279/863/3517
f 5104/4308/3518 5107/4309/3518 2640/4303/3518 2641/4298/3518
f 5107/4309/3519 5110/941/3519 2639/944/3519 2640/4303/3519
f 278/859/3520 2638/4310/3520 5102/4311/3520 1349/4312/3520
f 1349/4312/3521 5102/4311/3521 5103/4313/3521 1350/4314/3521
f 1350/4314/3522 5103/4313/3522 5104/4308/3522 1351/862/3522
f 2638/4310/3523 2637/4315/3523 5105/4316/3523 5102/4311/3523
f 5102/4311/3524 5105/4316/3524 5106/4317/3524 5103/4313/3524
f 5103/4313/3525 5106/4317/3525 5107/4309/3525 5104/4308/3525
f 2637/4315/3526 2636/940/3526 5108/4318/3526 5105/4316/3526
f 5105/4316/3527 5108/4318/3527 5109/4319/3527 5106/4317/3527
f 5106/4317/3528 5109/4319/3528 5110/941/3528 5107/4309/3528
f 2636/940/3529 298/939/3529 1412/4068/3529 5108/4318/3529
f 5108/4318/3530 1412/4068/3530 1413/4070/3530 5109/4319/3530
f 5109/4319/3531 1413/4070/3531 1414/942/3531 5110/941/3531
f 1348/858/3532 5113/4320/3532 2638/4310/3532 278/859/3532
f 5113/4320/3533 5116/4321/3533 2637/4315/3533 2638/4310/3533
f 5116/4321/3534 5119/937/3534 2636/940/3534 2637/4315/3534
f 277/855/3535 2635/4322/3535 5111/4323/3535 1346/4324/3535
f 1346/4324/3536 5111/4323/3536 5112/4325/3536 1347/4326/3536
f 1347/4326/3537 5112/4325/3537 5113/4320/3537 1348/858/3537
f 2635/4322/3538 2634/4327/3538 5114/4328/3538 5111/4323/3538
f 5111/4323/3539 5114/4328/3539 5115/4329/3539 5112/4325/3539
f 5112/4325/3540 5115/4329/3540 5116/4321/3540 5113/4320/3540
f 2634/4327/3541 2633/936/3541 5117/4330/3541 5114/4328/3541
f 5114/4328/3542 5117/4330/3542 5118/4331/3542 5115/4329/3542
f 5115/4329/3543 5118/4331/3543 5119/937/3543 5116/4321/3543
f 2633/936/3544 297/935/3544 1409/4080/3544 5117/4330/3544
f 5117/4330/3545 1409/4080/3545 1410/4082/3545 5118/4331/3545
f 5118/4331/3546 1410/4082/3546 1411/938/3546 5119/937/3546
f 1345/854/3547 5122/4332/3547 2635/4322/3547 277/855/3547
f 5122/4332/3548 5125/4333/3548 2634/4327/3548 2635/4322/3548
f 5125/4333/3549 5128/933/3549 2633/936/3549 2634/4327/3549
f 276/851/3550 2632/4334/3550 5120/4335/3550 1343/4336/3550
f 1343/4336/3551 5120/4335/3551 5121/4337/3551 1344/4338/3551
f 1344/4338/3552 5121/4337/3552 5122/4332/3552 1345/854/3552
f 2632/4334/3553 2631/4339/3553 5123/4340/3553 5120/4335/3553
f 5120/4335/3554 5123/4340/3554 5124/4341/3554 5121/4337/3554
f 5121/4337/3555 5124/4341/3555 5125/4333/3555 5122/4332/3555
f 2631/4339/3556 2630/932/3556 5126/4342/3556 5123/4340/3556
f 5123/4340/3557 5126/4342/3557 5127/4343/3557 5124/4341/3557
f 5124/4341/3558 5127/4343/3558 5128/933/3558 5125/4333/3558
f 2630/932/3559 296/931/3559 1406/4092/3559 5126/4342/3559
f 5126/4342/3560 1406/4092/3560 1407/4094/3560 5127/4343/3560
f 5127/4343/3561 1407/4094/3561 1408/934/3561 5128/933/3561
f 1342/850/3562 5131/4344/3562 2632/4334/3562 276/851/3562
f 5131/4344/3563 5134/4345/3563 2631/4339/3563 2632/4334/3563
f 5134/4345/3564 5137/929/3564 2630/932/3564 2631/4339/3564
f 275/847/3565 2629/4346/3565 5129/4347/3565 1340/4348/3565
f 1340/4348/3566 5129/4347/3566 5130/4349/3566 1341/4350/3566
f 1341/4350/3567 5130/4349/3567 5131/4344/3567 1342/850/3567
f 2629/4346/3568 2628/4351/3568 5132/4352/3568 5129/4347/3568
f 5129/4347/3569 5132/4352/3569 5133/4353/3569 5130/4349/3569
f 5130/4349/3570 5133/4353/3570 5134/4345/3570 5131/4344/3570
f 2628/4351/3571 2627/928/3571 5135/4354/3571 5132/4352/3571
f 5132/4352/3572 5135/4354/3572 5136/4355/3572 5133/4353/3572
f 5133/4353/3573 5136/4355/3573 5137/929/3573 5134/4345/3573
f 2627/928/3574 295/927/3574 1403/4104/3574 5135/4354/3574
f 5135/4354/3575 1403/4104/3575 1404/4106/3575 5136/4355/3575
f 5136/4355/3576 1404/4106/3576 1405/930/3576 5137/929/3576
f 1339/846/3577 5140/4356/3577 2629/4346/3577 275/847/3577
f 5140/4356/3578 5143/4357/3578 2628/4351/3578 2629/4346/3578
f 5143/4357/3579 5146/925/3579 2627/928/3579 2628/4351/3579
f 274/843/3580 2626/4358/3580 5138/4359/3580 1337/4360/3580
f 1337/4360/3581 5138/4359/3581 5139/4361/3581 1338/4362/3581
f 1338/4362/3582 5139/4361/3582 5140/4356/3582 1339/846/3582
f 2626/4358/3583 2625/4363/3583 5141/4364/3583 5138/4359/3583
f 5138/4359/3584 5141/4364/3584 5142/4365/3584 5139/4361/3584
f 5139/4361/3585 5142/4365/3585 5143/4357/3585 5140/4356/3585
f 2625/4363/3586 2624/924/3586 5144/4366/3586 5141/4364/3586
f 5141/4364/3587 5144/4366/3587 5145/4367/3587 5142/4365/3587
f 5142/4365/3588 5145/4367/3588 5146/925/3588 5143/4357/3588
f 2624/924/3589 294/923/3589 1400/4116/3589 5144/4366/3589
f 5144/4366/3590 1400/4116/3590 1401/4118/3590 5145/4367/3590
f 5145/4367/3591 1401/4118/3591 1402/926/3591 5146/925/3591
f 1336/842/3592 5149/4368/3592 2626/4358/3592 274/843/3592
f 5149/4368/3593 5152/4369/3593 2625/4363/3593 2626/4358/3593
f 5152/4369/3594 5155/921/3594 2624/924/3594 2625/4363/3594
f 273/839/3595 2623/4370/3595 5147/4371/3595 1334/4372/3595
f 1334/4372/3596 5147/4371/3596 5148/4373/3596 1335/4374/3596
f 1335/4374/3597 5148/4373/3597 5149/4368/3597 1336/842/3597
f 2623/4370/3598 2622/4375/3598 5150/4376/3598 5147/4371/3598
f 5147/4371/3599 5150/4376/3599 5151/4377/3599 5148/4373/3599
f 5148/4373/3600 5151/4377/3600 5152/4369/3600 5149/4368/3600
f 2622/4375/3601 2621/920/3601 5153/4378/3601 5150/4376/3601
f 5150/4376/3602 5153/4378/3602 5154/4379/3602 5151/4377/3602
f 5151/4377/3603 5154/4379/3603 5155/921/3603 5152/4369/3603
f 2621/920/3604 293/919/3604 1397/4128/3604 5153/4378/3604
f 5153/4378/3605 1397/4128/3605 1398/4130/3605 5154/4379/3605
f 5154/4379/3606 1398/4130/3606 1399/922/3606 5155/921/3606
f 1333/838/3607 5158/4380/3607 2623/4370/3607 273/839/3607
f 5158/4380/3608 5161/4381/3608 2622/4375/3608 2623/4370/3608
f 5161/4381/3609 5164/917/3609 2621/920/3609 2622/4375/3609
f 272/835/3610 2620/4382/3610 5156/4383/3610 1331/4384/3610
f 1331/4384/3611 5156/4383/3611 5157/4385/3611 1332/4386/3611
f 1332/4386/3612 5157/4385/3612 5158/4380/3612 1333/838/3612
f 2620/4382/3613 2619/4387/3613 5159/4388/3613 5156/4383/3613
f 5156/4383/3614 5159/4388/3614 5160/4389/3614 5157/4385/3614
f 5157/4385/3615 5160/4389/3615 5161/4381/3615 5158/4380/3615
f 2619/4387/3616 2618/916/3616 5162/4390/3616 5159/4388/3616
f 5159/4388/3617 5162/4390/3617 5163/4391/3617 5160/4389/3617
f 5160/4389/3618 5163/4391/3618 5164/917/3618 5161/4381/3618
f 2618/916/3619 292/915/3619 1394/4140/3619 5162/4390/3619
f 5162/4390/3620 1394/4140/3620 1395/4142/3620 5163/4391/3620
f 5163/4391/3621 1395/4142/3621 1396/918/3621 5164/917/3621
f 1330/834/3622 5167/4392/3622 2620/4382/3622 272/835/3622
f 5167/4392/3623 5170/4393/3623 2619/4387/3623 2620/4382/3623
f 5170/4393/3624 5173/913/3624 2618/916/3624 2619/4387/3624
f 271/831/3625 2617/4394/3625 5165/4395/3625 1328/4396/3625
f 1328/4396/3626 5165/4395/3626 5166/4397/3626 1329/4398/3626
f 1329/4398/3627 5166/4397/3627 5167/4392/3627 1330/834/3627
f 2617/4394/3628 2616/4399/3628 5168/4400/3628 5165/4395/3628
f 5165/4395/3629 5168/4400/3629 5169/4401/3629 5166/4397/3629
f 5166/4397/3630 5169/4401/3630 5170/4393/3630 5167/4392/3630
f 2616/4399/3631 2615/912/3631 5171/4402/3631 5168/4400/3631
f 5168/4400/3632 5171/4402/3632 5172/4403/3632 5169/4401/3632
f 5169/4401/3633 5172/4403/3633 5173/913/3633 5170/4393/3633
f 2615/912/3634 291/911/3634 1391/4152/3634 5171/4402/3634
f 5171/4402/3635 1391/4152/3635 1392/4154/3635 5172/4403/3635
f 5172/4403/3636 1392/4154/3636 1393/914/3636 5173/913/3636
f 1327/830/3637 5176/4404/3637 2617/4394/3637 271/831/3637
f 5176/4404/3638 5179/4405/3638 2616/4399/3638 2617/4394/3638
f 5179/4405/3639 5182/909/3639 2615/912/3639 2616/4399/3639
f 270/827/3640 2614/4406/3640 5174/4407/3640 1325/4408/3640
f 1325/4408/3641 5174/4407/3641 5175/4409/3641 1326/4410/3641
f 1326/4410/3642 5175/4409/3642 5176/4404/3642 1327/830/3642
f 2614/4406/3643 2613/4411/3643 5177/4412/3643 5174/4407/3643
f 5174/4407/3644 5177/4412/3644 5178/4413/3644 5175/4409/3644
f 5175/4409/3645 5178/4413/3645 5179/4405/3645 5176/4404/3645
f 2613/4411/3646 2612/908/3646 5180/4414/3646 5177/4412/3646
f 5177/4412/3647 5180/4414/3647 5181/4415/3647 5178/4413/3647
f 5178/4413/3648 5181/4415/3648 5182/909/3648 5179/4405/3648
f 2612/908/3649 290/907/3649 1388/4164/3649 5180/4414/3649
f 5180/4414/3650 1388/4164/3650 1389/4166/3650 5181/4415/3650
f 5181/4415/3651 1389/4166/3651 1390/910/3651 5182/909/3651
f 1324/826/3652 5185/4416/3652 2614/4406/3652 270/827/3652
f 5185/4416/3653 5188/4417/3653 2613/4411/3653 2614/4406/3653
f 5188/4417/3654 5191/905/3654 2612/908/3654 2613/4411/3654
f 269/823/3655 2611/4418/3655 5183/4419/3655 1322/4420/3655
f 1322/4420/3656 5183/4419/3656 5184/4421/3656 1323/4422/3656
f 1323/4422/3657 5184/4421/3657 5185/4416/3657 1324/826/3657
f 2611/4418/3658 2610/4423/3658 5186/4424/3658 5183/4419/3658
f 5183/4419/3659 5186/4424/3659 5187/4425/3659 5184/4421/3659
f 5184/4421/3660 5187/4425/3660 5188/4417/3660 5185/4416/3660
f 2610/4423/3661 2609/904/3661 5189/4426/3661 5186/4424/3661
f 5186/4424/3662 5189/4426/3662 5190/4427/3662 5187/4425/3662
f 5187/4425/3663 5190/4427/3663 5191/905/3663 5188/4417/3663
f 2609/904/3664 289/903/3664 1385/4176/3664 5189/4426/3664
f 5189/4426/3665 1385/4176/3665 1386/4178/3665 5190/4427/3665
f 5190/4427/3666 1386/4178/3666 1387/906/3666 5191/905/3666
f 1321/822/3667 5194/4428/3667 2611/4418/3667 269/823/3667
f 5194/4428/3668 5197/4429/3668 2610/4423/3668 2611/4418/3668
f 5197/4429/3669 5200/901/3669 2609/904/3669 2610/4423/3669
f 268/819/3670 2608/4430/3670 5192/4431/3670 1319/4432/3670
f 1319/4432/3671 5192/4431/3671 5193/4433/3671 1320/4434/3671
f 1320/4434/3672 5193/4433/3672 5194/4428/3672 1321/822/3672
f 2608/4430/3673 2607/4435/3673 5195/4436/3673 5192/4431/3673
f 5192/4431/3674 5195/4436/3674 5196/4437/3674 5193/4433/3674
f 5193/4433/3675 5196/4437/3675 5197/4429/3675 5194/4428/3675
f 2607/4435/3676 2606/900/3676 5198/4438/3676 5195/4436/3676
f 5195/4436/3677 5198/4438/3677 5199/4439/3677 5196/4437/3677
f 5196/4437/3678 5199/4439/3678 5200/901/3678 5197/4429/3678
f 2606/900/3679 288/899/3679 1382/4188/3679 5198/4438/3679
f 5198/4438/3680 1382/4188/3680 1383/4190/3680 5199/4439/3680
f 5199/4439/3681 1383/4190/3681 1384/902/3681 5200/901/3681
f 1318/818/3682 5203/4440/3682 2608/4430/3682 268/819/3682
f 5203/4440/3683 5206/4441/3683 2607/4435/3683 2608/4430/3683
f 5206/4441/3684 5209/897/3684 2606/900/3684 2607/4435/3684
f 267/815/3685 2605/4442/3685 5201/4443/3685 1316/4444/3685
f 1316/4444/3686 5201/4443/3686 5202/4445/3686 1317/4446/3686
f 1317/4446/3687 5202/4445/3687 5203/4440/3687 1318/818/3687
f 2605/4442/3688 2604/4447/3688 5204/4448/3688 5201/4443/3688
f 5201/4443/3689 5204/4448/3689 5205/4449/3689 5202/4445/3689
f 5202/4445/3690 5205/4449/3690 5206/4441/3690 5203/4440/3690
f 2604/4447/3691 2603/896/3691 5207/4450/3691 5204/4448/3691
f 5204/4448/3692 5207/4450/3692 5208/4451/3692 5205/4449/3692
f 5205/4449/3693 5208/4451/3693 5209/897/3693 5206/4441/3693
f 2603/896/3694 287/895/3694 1379/4200/3694 5207/4450/3694
f 5207/4450/3695 1379/4200/3695 1380/4202/3695 5208/4451/3695
f 5208/4451/3696 1380/4202/3696 1381/898/3696 5209/897/3696
f 1315/814/3697 5212/4452/3697 2605/4442/3697 267/815/3697
f 5212/4452/3698 5215/4453/3698 2604/4447/3698 2605/4442/3698
f 5215/4453/3699 5218/893/3699 2603/896/3699 2604/4447/3699
f 266/811/3700 2602/4454/3700 5210/4455/3700 1313/4456/3700
f 1313/4456/3701 5210/4455/3701 5211/4457/3701 1314/4458/3701
f 1314/4458/3702 5211/4457/3702 5212/4452/3702 1315/814/3702
f 2602/4454/3703 2601/4459/3703 5213/4460/3703 5210/4455/3703
f 5210/4455/3704 5213/4460/3704 5214/4461/3704 5211/4457/3704
f 5211/4457/3705 5214/4461/3705 5215/4453/3705 5212/4452/3705
f 2601/4459/3706 2600/892/3706 5216/4462/3706 5213/4460/3706
f 5213/4460/3707 5216/4462/3707 5217/4463/3707 5214/4461/3707
f 5214/4461/3708 5217/4463/3708 5218/893/3708 5215/4453/3708
f 2600/892/3709 286/891/3709 1376/4212/3709 5216/4462/3709
f 5216/4462/3710 1376/4212/3710 1377/4214/3710 5217/4463/3710
f 5217/4463/3711 1377/4214/3711 1378/894/3711 5218/893/3711
f 1312/810/3712 5221/4464/3712 2602/4454/3712 266/811/3712
f 5221/4464/3713 5224/4465/3713 2601/4459/3713 2602/4454/3713
f 5224/4465/3714 5227/889/3714 2600/892/3714 2601/4459/3714
f 265/807/3715 2599/4466/3715 5219/4467/3715 1310/4468/3715
f 1310/4468/3716 5219/4467/3716 5220/4469/3716 1311/4470/3716
f 1311/4470/3717 5220/4469/3717 5221/4464/3717 1312/810/3717
f 2599/4466/3718 2598/4471/3718 5222/4472/3718 5219/4467/3718
f 5219/4467/3719 5222/4472/3719 5223/4473/3719 5220/4469/3719
f 5220/4469/3720 5223/4473/3720 5224/4465/3720 5221/4464/3720
f 2598/4471/3721 2597/888/3721 5225/4474/3721 5222/4472/3721
f 5222/4472/3722 5225/4474/3722 5226/4475/3722 5223/4473/3722
f 5223/4473/3723 5226/4475/3723 5227/889/3723 5224/4465/3723
f 2597/888/3724 285/887/3724 1373/4224/3724 5225/4474/3724
f 5225/4474/3725 1373/4224/3725 1374/4226/3725 5226/4475/3725
f 5226/4475/3726 1374/4226/3726 1375/890/3726 5227/889/3726
f 1309/806/3727 5230/4476/3727 2599/4466/3727 265/807/3727
f 5230/4476/3728 5233/4477/3728 2598/4471/3728 2599/4466/3728
f 5233/4477/3729 5236/885/3729 2597/888/3729 2598/4471/3729
f 34/4478/3730 587/4479/3730 5228/4480/3730 1307/4481/3730
f 1307/4481/3731 5228/4480/3731 5229/4482/3731 1308/4483/3731
f 1308/4483/3732 5229/4482/3732 5230/4476/3732 1309/806/3732
f 587/4479/3733 588/4484/3733 5231/4485/3733 5228/4480/3733
f 5228/4480/3734 5231/4485/3734 5232/4486/3734 5229/4482/3734
f 5229/4482/3735 5232/4486/3735 5233/4477/3735 5230/4476/3735
f 588/4484/3736 589/4487/3736 5234/4488/3736 5231/4485/3736
f 5231/4485/3737 5234/4488/3737 5235/4489/3737 5232/4486/3737
f 5232/4486/3738 5235/4489/3738 5236/885/3738 5233/4477/3738
f 589/4487/3739 35/4234/3739 1370/4237/3739 5234/4488/3739
f 5234/4488/3740 1370/4237/3740 1371/4239/3740 5235/4489/3740
f 5235/4489/3741 1371/4239/3741 1372/886/3741 5236/885/3741
f 1303/802/3742 5239/4490/3742 2596/4491/3742 264/803/3742
f 5239/4490/3743 5242/4492/3743 2595/4493/3743 2596/4491/3743
f 5242/4492/3744 5245/881/3744 2594/884/3744 2595/4493/3744
f 263/799/3745 2593/4494/3745 5237/4495/3745 1301/4496/3745
f 1301/4496/3746 5237/4495/3746 5238/4497/3746 1302/4498/3746
f 1302/4498/3747 5238/4497/3747 5239/4490/3747 1303/802/3747
f 2593/4494/3748 2592/4499/3748 5240/4500/3748 5237/4495/3748
f 5237/4495/3749 5240/4500/3749 5241/4501/3749 5238/4497/3749
f 5238/4497/3750 5241/4501/3750 5242/4492/3750 5239/4490/3750
f 2592/4499/3751 2591/880/3751 5243/4502/3751 5240/4500/3751
f 5240/4500/3752 5243/4502/3752 5244/4503/3752 5241/4501/3752
f 5241/4501/3753 5244/4503/3753 5245/881/3753 5242/4492/3753
f 2591/880/3754 283/879/3754 1364/4252/3754 5243/4502/3754
f 5243/4502/3755 1364/4252/3755 1365/4254/3755 5244/4503/3755
f 5244/4503/3756 1365/4254/3756 1366/882/3756 5245/881/3756
f 1300/798/3757 5248/4504/3757 2593/4494/3757 263/799/3757
f 5248/4504/3758 5251/4505/3758 2592/4499/3758 2593/4494/3758
f 5251/4505/3759 5254/877/3759 2591/880/3759 2592/4499/3759
f 262/795/3760 2590/4506/3760 5246/4507/3760 1298/4508/3760
f 1298/4508/3761 5246/4507/3761 5247/4509/3761 1299/4510/3761
f 1299/4510/3762 5247/4509/3762 5248/4504/3762 1300/798/3762
f 2590/4506/3763 2589/4511/3763 5249/4512/3763 5246/4507/3763
f 5246/4507/3764 5249/4512/3764 5250/4513/3764 5247/4509/3764
f 5247/4509/3765 5250/4513/3765 5251/4505/3765 5248/4504/3765
f 2589/4511/3766 2588/876/3766 5252/4514/3766 5249/4512/3766
f 5249/4512/3767 5252/4514/3767 5253/4515/3767 5250/4513/3767
f 5250/4513/3768 5253/4515/3768 5254/877/3768 5251/4505/3768
f 2588/876/3769 282/875/3769 1361/4264/3769 5252/4514/3769
f 5252/4514/3770 1361/4264/3770 1362/4266/3770 5253/4515/3770
f 5253/4515/3771 1362/4266/3771 1363/878/3771 5254/877/3771
f 1297/794/3772 5257/4516/3772 2590/4506/3772 262/795/3772
f 5257/4516/3773 5260/4517/3773 2589/4511/3773 2590/4506/3773
f 5260/4517/3774 5263/873/3774 2588/876/3774 2589/4511/3774
f 261/791/3775 2587/4518/3775 5255/4519/3775 1295/4520/3775
f 1295/4520/3776 5255/4519/3776 5256/4521/3776 1296/4522/3776
f 1296/4522/3777 5256/4521/3777 5257/4516/3777 1297/794/3777
f 2587/4518/3778 2586/4523/3778 5258/4524/3778 5255/4519/3778
f 5255/4519/3779 5258/4524/3779 5259/4525/3779 5256/4521/3779
f 5256/4521/3780 5259/4525/3780 5260/4517/3780 5257/4516/3780
f 2586/4523/3781 2585/872/3781 5261/4526/3781 5258/4524/3781
f 5258/4524/3782 5261/4526/3782 5262/4527/3782 5259/4525/3782
f 5259/4525/3783 5262/4527/3783 5263/873/3783 5260/4517/3783
f 2585/872/3784 281/871/3784 1358/4276/3784 5261/4526/3784
f 5261/4526/3785 1358/4276/3785 1359/4278/3785 5262/4527/3785
f 5262/4527/3786 1359/4278/3786 1360/874/3786 5263/873/3786
f 1294/790/3787 5266/4528/3787 2587/4518/3787 261/791/3787
f 5266/4528/3788 5269/4529/3788 2586/4523/3788 2587/4518/3788
f 5269/4529/3789 5272/869/3789 2585/872/3789 2586/4523/3789
f 260/787/3790 2584/4530/3790 5264/4531/3790 1292/4532/3790
f 1292/4532/3791 5264/4531/3791 5265/4533/3791 1293/4534/3791
f 1293/4534/3792 5265/4533/3792 5266/4528/3792 1294/790/3792
f 2584/4530/3793 2583/4535/3793 5267/4536/3793 5264/4531/3793
f 5264/4531/3794 5267/4536/3794 5268/4537/3794 5265/4533/3794
f 5265/4533/3795 5268/4537/3795 5269/4529/3795 5266/4528/3795
f 2583/4535/3796 2582/868/3796 5270/4538/3796 5267/4536/3796
f 5267/4536/3797 5270/4538/3797 5271/4539/3797 5268/4537/3797
f 5268/4537/3798 5271/4539/3798 5272/869/3798 5269/4529/3798
f 2582/868/3799 280/867/3799 1355/4288/3799 5270/4538/3799
f 5270/4538/3800 1355/4288/3800 1356/4290/3800 5271/4539/3800
f 5271/4539/3801 1356/4290/3801 1357/870/3801 5272/869/3801
f 1291/786/3802 5275/4540/3802 2584/4530/3802 260/787/3802
f 5275/4540/3803 5278/4541/3803 2583/4535/3803 2584/4530/3803
f 5278/4541/3804 5281/865/3804 2582/868/3804 2583/4535/3804
f 259/783/3805 2581/4542/3805 5273/4543/3805 1289/4544/3805
f 1289/4544/3806 5273/4543/3806 5274/4545/3806 1290/4546/3806
f 1290/4546/3807 5274/4545/3807 5275/4540/3807 1291/786/3807
f 2581/4542/3808 2580/4547/3808 5276/4548/3808 5273/4543/3808
f 5273/4543/3809 5276/4548/3809 5277/4549/3809 5274/4545/3809
f 5274/4545/3810 5277/4549/3810 5278/4541/3810 5275/4540/3810
f 2580/4547/3811 2579/864/3811 5279/4550/3811 5276/4548/3811
f 5276/4548/3812 5279/4550/3812 5280/4551/3812 5277/4549/3812
f 5277/4549/3813 5280/4551/3813 5281/865/3813 5278/4541/3813
f 2579/864/3814 279/863/3814 1352/4300/3814 5279/4550/3814
f 5279/4550/3815 1352/4300/3815 1353/4302/3815 5280/4551/3815
f 5280/4551/3816 1353/4302/3816 1354/866/3816 5281/865/3816
f 1288/782/3817 5284/4552/3817 2581/4542/3817 259/783/3817
f 5284/4552/3818 5287/4553/3818 2580/4547/3818 2581/4542/3818
f 5287/4553/3819 5290/861/3819 2579/864/3819 2580/4547/3819
f 258/779/3820 2578/4554/3820 5282/4555/3820 1286/4556/3820
f 1286/4556/3821 5282/4555/3821 5283/4557/3821 1287/4558/3821
f 1287/4558/3822 5283/4557/3822 5284/4552/3822 1288/782/3822
f 2578/4554/3823 2577/4559/3823 5285/4560/3823 5282/4555/3823
f 5282/4555/3824 5285/4560/3824 5286/4561/3824 5283/4557/3824
f 5283/4557/3825 5286/4561/3825 5287/4553/3825 5284/4552/3825
f 2577/4559/3826 2576/860/3826 5288/4562/3826 5285/4560/3826
f 5285/4560/3827 5288/4562/3827 5289/4563/3827 5286/4561/3827
f 5286/4561/3828 5289/4563/3828 5290/861/3828 5287/4553/3828
f 2576/860/3829 278/859/3829 1349/4312/3829 5288/4562/3829
f 5288/4562/3830 1349/4312/3830 1350/4314/3830 5289/4563/3830
f 5289/4563/3831 1350/4314/3831 1351/862/3831 5290/861/3831
f 1285/778/3832 5293/4564/3832 2578/4554/3832 258/779/3832
f 5293/4564/3833 5296/4565/3833 2577/4559/3833 2578/4554/3833
f 5296/4565/3834 5299/857/3834 2576/860/3834 2577/4559/3834
f 257/775/3835 2575/4566/3835 5291/4567/3835 1283/4568/3835
f 1283/4568/3836 5291/4567/3836 5292/4569/3836 1284/4570/3836
f 1284/4570/3837 5292/4569/3837 5293/4564/3837 1285/778/3837
f 2575/4566/3838 2574/4571/3838 5294/4572/3838 5291/4567/3838
f 5291/4567/3839 5294/4572/3839 5295/4573/3839 5292/4569/3839
f 5292/4569/3840 5295/4573/3840 5296/4565/3840 5293/4564/3840
f 2574/4571/3841 2573/856/3841 5297/4574/3841 5294/4572/3841
f 5294/4572/3842 5297/4574/3842 5298/4575/3842 5295/4573/3842
f 5295/4573/3843 5298/4575/3843 5299/857/3843 5296/4565/3843
f 2573/856/3844 277/855/3844 1346/4324/3844 5297/4574/3844
f 5297/4574/3845 1346/4324/3845 1347/4326/3845 5298/4575/3845
f 5298/4575/3846 1347/4326/3846 1348/858/3846 5299/857/3846
f 1282/774/3847 5302/4576/3847 2575/4566/3847 257/775/3847
f 5302/4576/3848 5305/4577/3848 2574/4571/3848 2575/4566/3848
f 5305/4577/3849 5308/853/3849 2573/856/3849 2574/4571/3849
f 256/771/3850 2572/4578/3850 5300/4579/3850 1280/4580/3850
f 1280/4580/3851 5300/4579/3851 5301/4581/3851 1281/4582/3851
f 1281/4582/3852 5301/4581/3852 5302/4576/3852 1282/774/3852
f 2572/4578/3853 2571/4583/3853 5303/4584/3853 5300/4579/3853
f 5300/4579/3854 5303/4584/3854 5304/4585/3854 5301/4581/3854
f 5301/4581/3855 5304/4585/3855 5305/4577/3855 5302/4576/3855
f 2571/4583/3856 2570/852/3856 5306/4586/3856 5303/4584/3856
f 5303/4584/3857 5306/4586/3857 5307/4587/3857 5304/4585/3857
f 5304/4585/3858 5307/4587/3858 5308/853/3858 5305/4577/3858
f 2570/852/3859 276/851/3859 1343/4336/3859 5306/4586/3859
f 5306/4586/3860 1343/4336/3860 1344/4338/3860 5307/4587/3860
f 5307/4587/3861 1344/4338/3861 1345/854/3861 5308/853/3861
f 1279/770/3862 5311/4588/3862 2572/4578/3862 256/771/3862
f 5311/4588/3863 5314/4589/3863 2571/4583/3863 2572/4578/3863
f 5314/4589/3864 5317/849/3864 2570/852/3864 2571/4583/3864
f 255/767/3865 2569/4590/3865 5309/4591/3865 1277/4592/3865
f 1277/4592/3866 5309/4591/3866 5310/4593/3866 1278/4594/3866
f 1278/4594/3867 5310/4593/3867 5311/4588/3867 1279/770/3867
f 2569/4590/3868 2568/4595/3868 5312/4596/3868 5309/4591/3868
f 5309/4591/3869 5312/4596/3869 5313/4597/3869 5310/4593/3869
f 5310/4593/3870 5313/4597/3870 5314/4589/3870 5311/4588/3870
f 2568/4595/3871 2567/848/3871 5315/4598/3871 5312/4596/3871
f 5312/4596/3872 5315/4598/3872 5316/4599/3872 5313/4597/3872
f 5313/4597/3873 5316/4599/3873 5317/849/3873 5314/4589/3873
f 2567/848/3874 275/847/3874 1340/4348/3874 5315/4598/3874
f 5315/4598/3875 1340/4348/3875 1341/4350/3875 5316/4599/3875
f 5316/4599/3876 1341/4350/3876 1342/850/3876 5317/849/3876
f 1276/766/3877 5320/4600/3877 2569/4590/3877 255/767/3877
f 5320/4600/3878 5323/4601/3878 2568/4595/3878 2569/4590/3878
f 5323/4601/3879 5326/845/3879 2567/848/3879 2568/4595/3879
f 254/763/3880 2566/4602/3880 5318/4603/3880 1274/4604/3880
f 1274/4604/3881 5318/4603/3881 5319/4605/3881 1275/4606/3881
f 1275/4606/3882 5319/4605/3882 5320/4600/3882 1276/766/3882
f 2566/4602/3883 2565/4607/3883 5321/4608/3883 5318/4603/3883
f 5318/4603/3884 5321/4608/3884 5322/4609/3884 5319/4605/3884
f 5319/4605/3885 5322/4609/3885 5323/4601/3885 5320/4600/3885
f 2565/4607/3886 2564/844/3886 5324/4610/3886 5321/4608/3886
f 5321/4608/3887 5324/4610/3887 5325/4611/3887 5322/4609/3887
f 5322/4609/3888 5325/4611/3888 5326/845/3888 5323/4601/3888
f 2564/844/3889 274/843/3889 1337/4360/3889 5324/4610/3889
f 5324/4610/3890 1337/4360/3890 1338/4362/3890 5325/4611/3890
f 5325/4611/3891 1338/4362/3891 1339/846/3891 5326/845/3891
f 1273/762/3892 5329/4612/3892 2566/4602/3892 254/763/3892
f 5329/4612/3893 5332/4613/3893 2565/4607/3893 2566/4602/3893
f 5332/4613/3894 5335/841/3894 2564/844/3894 2565/4607/3894
f 253/759/3895 2563/4614/3895 5327/4615/3895 1271/4616/3895
f 1271/4616/3896 5327/4615/3896 5328/4617/3896 1272/4618/3896
f 1272/4618/3897 5328/4617/3897 5329/4612/3897 1273/762/3897
f 2563/4614/3898 2562/4619/3898 5330/4620/3898 5327/4615/3898
f 5327/4615/3899 5330/4620/3899 5331/4621/3899 5328/4617/3899
f 5328/4617/3900 5331/4621/3900 5332/4613/3900 5329/4612/3900
f 2562/4619/3901 2561/840/3901 5333/4622/3901 5330/4620/3901
f 5330/4620/3902 5333/4622/3902 5334/4623/3902 5331/4621/3902
f 5331/4621/3903 5334/4623/3903 5335/841/3903 5332/4613/3903
f 2561/840/3904 273/839/3904 1334/4372/3904 5333/4622/3904
f 5333/4622/3905 1334/4372/3905 1335/4374/3905 5334/4623/3905
f 5334/4623/3906 1335/4374/3906 1336/842/3906 5335/841/3906
f 1270/758/3907 5338/4624/3907 2563/4614/3907 253/759/3907
f 5338/4624/3908 5341/4625/3908 2562/4619/3908 2563/4614/3908
f 5341/4625/3909 5344/837/3909 2561/840/3909 2562/4619/3909
f 252/755/3910 2560/4626/3910 5336/4627/3910 1268/4628/3910
f 1268/4628/3911 5336/4627/3911 5337/4629/3911 1269/4630/3911
f 1269/4630/3912 5337/4629/3912 5338/4624/3912 1270/758/3912
f 2560/4626/3913 2559/4631/3913 5339/4632/3913 5336/4627/3913
f 5336/4627/3914 5339/4632/3914 5340/4633/3914 5337/4629/3914
f 5337/4629/3915 5340/4633/3915 5341/4625/3915 5338/4624/3915
f 2559/4631/3916 2558/836/3916 5342/4634/3916 5339/4632/3916
f 5339/4632/3917 5342/4634/3917 5343/4635/3917 5340/4633/3917
f 5340/4633/3918 5343/4635/3918 5344/837/3918 5341/4625/3918
f 2558/836/3919 272/835/3919 1331/4384/3919 5342/4634/3919
f 5342/4634/3920 1331/4384/3920 1332/4386/3920 5343/4635/3920
f 5343/4635/3921 1332/4386/3921 1333/838/3921 5344/837/3921
f 1267/754/3922 5347/4636/3922 2560/4626/3922 252/755/3922
f 5347/4636/3923 5350/4637/3923 2559/4631/3923 2560/4626/3923
f 5350/4637/3924 5353/833/3924 2558/836/3924 2559/4631/3924
f 251/751/3925 2557/4638/3925 5345/4639/3925 1265/4640/3925
f 1265/4640/3926 5345/4639/3926 5346/4641/3926 1266/4642/3926
f 1266/4642/3927 5346/4641/3927 5347/4636/3927 1267/754/3927
f 2557/4638/3928 2556/4643/3928 5348/4644/3928 5345/4639/3928
f 5345/4639/3929 5348/4644/3929 5349/4645/3929 5346/4641/3929
f 5346/4641/3930 5349/4645/3930 5350/4637/3930 5347/4636/3930
f 2556/4643/3931 2555/832/3931 5351/4646/3931 5348/4644/3931
f 5348/4644/3932 5351/4646/3932 5352/4647/3932 5349/4645/3932
f 5349/4645/3933 5352/4647/3933 5353/833/3933 5350/4637/3933
f 2555/832/3934 271/831/3934 1328/4396/3934 5351/4646/3934
f 5351/4646/3935 1328/4396/3935 1329/4398/3935 5352/4647/3935
f 5352/4647/3936 1329/4398/3936 1330/834/3936 5353/833/3936
f 1264/750/3937 5356/4648/3937 2557/4638/3937 251/751/3937
f 5356/4648/3938 5359/4649/3938 2556/4643/3938 2557/4638/3938
f 5359/4649/3939 5362/829/3939 2555/832/3939 2556/4643/3939
f 250/747/3940 2554/4650/3940 5354/4651/3940 1262/4652/3940
f 1262/4652/3941 5354/4651/3941 5355/4653/3941 1263/4654/3941
f 1263/4654/3942 5355/4653/3942 5356/4648/3942 1264/750/3942
f 2554/4650/3943 2553/4655/3943 5357/4656/3943 5354/4651/3943
f 5354/4651/3944 5357/4656/3944 5358/4657/3944 5355/4653/3944
f 5355/4653/3945 5358/4657/3945 5359/4649/3945 5356/4648/3945
f 2553/4655/3946 2552/828/3946 5360/4658/3946 5357/4656/3946
f 5357/4656/3947 5360/4658/3947 5361/4659/3947 5358/4657/3947
f 5358/4657/3948 5361/4659/3948 5362/829/3948 5359/4649/3948
f 2552/828/3949 270/827/3949 1325/4408/3949 5360/4658/3949
f 5360/4658/3950 1325/4408/3950 1326/4410/3950 5361/4659/3950
f 5361/4659/3951 1326/4410/3951 1327/830/3951 5362/829/3951
f 1261/746/3952 5365/4660/3952 2554/4650/3952 250/747/3952
f 5365/4660/3953 5368/4661/3953 2553/4655/3953 2554/4650/3953
f 5368/4661/3954 5371/825/3954 2552/828/3954 2553/4655/3954
f 249/743/3955 2551/4662/3955 5363/4663/3955 1259/4664/3955
f 1259/4664/3956 5363/4663/3956 5364/4665/3956 1260/4666/3956
f 1260/4666/3957 5364/4665/3957 5365/4660/3957 1261/746/3957
f 2551/4662/3958 2550/4667/3958 5366/4668/3958 5363/4663/3958
f 5363/4663/3959 5366/4668/3959 5367/4669/3959 5364/4665/3959
f 5364/4665/3960 5367/4669/3960 5368/4661/3960 5365/4660/3960
f 2550/4667/3961 2549/824/3961 5369/4670/3961 5366/4668/3961
f 5366/4668/3962 5369/4670/3962 5370/4671/3962 5367/4669/3962
f 5367/4669/3963 5370/4671/3963 5371/825/3963 5368/4661/3963
f 2549/824/3964 269/823/3964 1322/4420/3964 5369/4670/3964
f 5369/4670/3965 1322/4420/3965 1323/4422/3965 5370/4671/3965
f 5370/4671/3966 1323/4422/3966 1324/826/3966 5371/825/3966
f 1258/742/3967 5374/4672/3967 2551/4662/3967 249/743/3967
f 5374/4672/3968 5377/4673/3968 2550/4667/3968 2551/4662/3968
f 5377/4673/3969 5380/821/3969 2549/824/3969 2550/4667/3969
f 248/739/3970 2548/4674/3970 5372/4675/3970 1256/4676/3970
f 1256/4676/3971 5372/4675/3971 5373/4677/3971 1257/4678/3971
f 1257/4678/3972 5373/4677/3972 5374/4672/3972 1258/742/3972
f 2548/4674/3973 2547/4679/3973 5375/4680/3973 5372/4675/3973
f 5372/4675/3974 5375/4680/3974 5376/4681/3974 5373/4677/3974
f 5373/4677/3975 5376/4681/3975 5377/4673/3975 5374/4672/3975
f 2547/4679/3976 2546/820/3976 5378/4682/3976 5375/4680/3976
f 5375/4680/3977 5378/4682/3977 5379/4683/3977 5376/4681/3977
f 5376/4681/3978 5379/4683/3978 5380/821/3978 5377/4673/3978
f 2546/820/3979 268/819/3979 1319/4432/3979 5378/4682/3979
f 5378/4682/3980 1319/4432/3980 1320/4434/3980 5379/4683/3980
f 5379/4683/3981 1320/4434/3981 1321/822/3981 5380/821/3981
f 1255/738/3982 5383/4684/3982 2548/4674/3982 248/739/3982
f 5383/4684/3983 5386/4685/3983 2547/4679/3983 2548/4674/3983
f 5386/4685/3984 5389/817/3984 2546/820/3984 2547/4679/3984
f 247/735/3985 2545/4686/3985 5381/4687/3985 1253/4688/3985
f 1253/4688/3986 5381/4687/3986 5382/4689/3986 1254/4690/3986
f 1254/4690/3987 5382/4689/3987 5383/4684/3987 1255/738/3987
f 2545/4686/3988 2544/4691/3988 5384/4692/3988 5381/4687/3988
f 5381/4687/3989 5384/4692/3989 5385/4693/3989 5382/4689/3989
f 5382/4689/3990 5385/4693/3990 5386/4685/3990 5383/4684/3990
f 2544/4691/3991 2543/816/3991 5387/4694/3991 5384/4692/3991
f 5384/4692/3992 5387/4694/3992 5388/4695/3992 5385/4693/3992
f 5385/4693/3993 5388/4695/3993 5389/817/3993 5386/4685/3993
f 2543/816/3994 267/815/3994 1316/4444/3994 5387/4694/3994
f 5387/4694/3995 1316/4444/3995 1317/4446/3995 5388/4695/3995
f 5388/4695/3996 1317/4446/3996 1318/818/3996 5389/817/3996
f 1252/734/3997 5392/4696/3997 2545/4686/3997 247/735/3997
f 5392/4696/3998 5395/4697/3998 2544/4691/3998 2545/4686/3998
f 5395/4697/3999 5398/813/3999 2543/816/3999 2544/4691/3999
f 246/731/4000 2542/4698/4000 5390/4699/4000 1250/4700/4000
f 1250/4700/4001 5390/4699/4001 5391/4701/4001 1251/4702/4001
f 1251/4702/4002 5391/4701/4002 5392/4696/4002 1252/734/4002
f 2542/4698/4003 2541/4703/4003 5393/4704/4003 5390/4699/4003
f 5390/4699/4004 5393/4704/4004 5394/4705/4004 5391/4701/4004
f 5391/4701/4005 5394/4705/4005 5395/4697/4005 5392/4696/4005
f 2541/4703/4006 2540/812/4006 5396/4706/4006 5393/4704/4006
f 5393/4704/4007 5396/4706/4007 5397/4707/4007 5394/4705/4007
f 5394/4705/4008 5397/4707/4008 5398/813/4008 5395/4697/4008
f 2540/812/4009 266/811/4009 1313/4456/4009 5396/4706/4009
f 5396/4706/4010 1313/4456/4010 1314/4458/4010 5397/4707/4010
f 5397/4707/4011 1314/4458/4011 1315/814/4011 5398/813/4011
f 1249/730/4012 5401/4708/4012 2542/4698/4012 246/731/4012
f 5401/4708/4013 5404/4709/4013 2541/4703/4013 2542/4698/4013
f 5404/4709/4014 5407/809/4014 2540/812/4014 2541/4703/4014
f 245/727/4015 2539/4710/4015 5399/4711/4015 1247/4712/4015
f 1247/4712/4016 5399/4711/4016 5400/4713/4016 1248/4714/4016
f 1248/4714/4017 5400/4713/4017 5401/4708/4017 1249/730/4017
f 2539/4710/4018 2538/4715/4018 5402/4716/4018 5399/4711/4018
f 5399/4711/4019 5402/4716/4019 5403/4717/4019 5400/4713/4019
f 5400/4713/4020 5403/4717/4020 5404/4709/4020 5401/4708/4020
f 2538/4715/4021 2537/808/4021 5405/4718/4021 5402/4716/4021
f 5402/4716/4022 5405/4718/4022 5406/4719/4022 5403/4717/4022
f 5403/4717/4023 5406/4719/4023 5407/809/4023 5404/4709/4023
f 2537/808/4024 265/807/4024 1310/4468/4024 5405/4718/4024
f 5405/4718/4025 1310/4468/4025 1311/4470/4025 5406/4719/4025
f 5406/4719/4026 1311/4470/4026 1312/810/4026 5407/809/4026
f 1246/726/4027 5410/4720/4027 2539/4710/4027 245/727/4027
f 5410/4720/4028 5413/4721/4028 2538/4715/4028 2539/4710/4028
f 5413/4721/4029 5416/805/4029 2537/808/4029 2538/4715/4029
f 33/4722/4030 584/4723/4030 5408/4724/4030 1244/4725/4030
f 1244/4725/4031 5408/4724/4031 5409/4726/4031 1245/4727/4031
f 1245/4727/4032 5409/4726/4032 5410/4720/4032 1246/726/4032
f 584/4723/4033 585/4728/4033 5411/4729/4033 5408/4724/4033
f 5408/4724/4034 5411/4729/4034 5412/4730/4034 5409/4726/4034
f 5409/4726/4035 5412/4730/4035 5413/4721/4035 5410/4720/4035
f 585/4728/4036 586/4731/4036 5414/4732/4036 5411/4729/4036
f 5411/4729/4037 5414/4732/4037 5415/4733/4037 5412/4730/4037
f 5412/4730/4038 5415/4733/4038 5416/805/4038 5413/4721/4038
f 586/4731/4039 34/4478/4039 1307/4481/4039 5414/4732/4039
f 5414/4732/4040 1307/4481/4040 1308/4483/4040 5415/4733/4040
f 5415/4733/4041 1308/4483/4041 1309/806/4041 5416/805/4041
f 1240/722/4042 5419/4734/4042 2536/4735/4042 244/723/4042
f 5419/4734/4043 5422/4736/4043 2535/4737/4043 2536/4735/4043
f 5422/4736/4044 5425/801/4044 2534/804/4044 2535/4737/4044
f 243/719/4045 2533/4738/4045 5417/4739/4045 1238/4740/4045
f 1238/4740/4046 5417/4739/4046 5418/4741/4046 1239/4742/4046
f 1239/4742/4047 5418/4741/4047 5419/4734/4047 1240/722/4047
f 2533/4738/4048 2532/4743/4048 5420/4744/4048 5417/4739/4048
f 5417/4739/4049 5420/4744/4049 5421/4745/4049 5418/4741/4049
f 5418/4741/4050 5421/4745/4050 5422/4736/4050 5419/4734/4050
f 2532/4743/4051 2531/800/4051 5423/4746/4051 5420/4744/4051
f 5420/4744/4052 5423/4746/4052 5424/4747/4052 5421/4745/4052
f 5421/4745/4053 5424/4747/4053 5425/801/4053 5422/4736/4053
f 2531/800/4054 263/799/4054 1301/4496/4054 5423/4746/4054
f 5423/4746/4055 1301/4496/4055 1302/4498/4055 5424/4747/4055
f 5424/4747/4056 1302/4498/4056 1303/802/4056 5425/801/4056
f 1237/718/4057 5428/4748/4057 2533/4738/4057 243/719/4057
f 5428/4748/4058 5431/4749/4058 2532/4743/4058 2533/4738/4058
f 5431/4749/4059 5434/797/4059 2531/800/4059 2532/4743/4059
f 242/715/4060 2530/4750/4060 5426/4751/4060 1235/4752/4060
f 1235/4752/4061 5426/4751/4061 5427/4753/4061 1236/4754/4061
f 1236/4754/4062 5427/4753/4062 5428/4748/4062 1237/718/4062
f 2530/4750/4063 2529/4755/4063 5429/4756/4063 5426/4751/4063
f 5426/4751/4064 5429/4756/4064 5430/4757/4064 5427/4753/4064
f 5427/4753/4065 5430/4757/4065 5431/4749/4065 5428/4748/4065
f 2529/4755/4066 2528/796/4066 5432/4758/4066 5429/4756/4066
f 5429/4756/4067 5432/4758/4067 5433/4759/4067 5430/4757/4067
f 5430/4757/4068 5433/4759/4068 5434/797/4068 5431/4749/4068
f 2528/796/4069 262/795/4069 1298/4508/4069 5432/4758/4069
f 5432/4758/4070 1298/4508/4070 1299/4510/4070 5433/4759/4070
f 5433/4759/4071 1299/4510/4071 1300/798/4071 5434/797/4071
f 1234/714/4072 5437/4760/4072 2530/4750/4072 242/715/4072
f 5437/4760/4073 5440/4761/4073 2529/4755/4073 2530/4750/4073
f 5440/4761/4074 5443/793/4074 2528/796/4074 2529/4755/4074
f 241/711/4075 2527/4762/4075 5435/4763/4075 1232/4764/4075
f 1232/4764/4076 5435/4763/4076 5436/4765/4076 1233/4766/4076
f 1233/4766/4077 5436/4765/4077 5437/4760/4077 1234/714/4077
f 2527/4762/4078 2526/4767/4078 5438/4768/4078 5435/4763/4078
f 5435/4763/4079 5438/4768/4079 5439/4769/4079 5436/4765/4079
f 5436/4765/4080 5439/4769/4080 5440/4761/4080 5437/4760/4080
f 2526/4767/4081 2525/792/4081 5441/4770/4081 5438/4768/4081
f 5438/4768/4082 5441/4770/4082 5442/4771/4082 5439/4769/4082
f 5439/4769/4083 5442/4771/4083 5443/793/4083 5440/4761/4083
f 2525/792/4084 261/791/4084 1295/4520/4084 5441/4770/4084
f 5441/4770/4085 1295/4520/4085 1296/4522/4085 5442/4771/4085
f 5442/4771/4086 1296/4522/4086 1297/794/4086 5443/793/4086
f 1231/710/4087 5446/4772/4087 2527/4762/4087 241/711/4087
f 5446/4772/4088 5449/4773/4088 2526/4767/4088 2527/4762/4088
f 5449/4773/4089 5452/789/4089 2525/792/4089 2526/4767/4089
f 240/707/4090 2524/4774/4090 5444/4775/4090 1229/4776/4090
f 1229/4776/4091 5444/4775/4091 5445/4777/4091 1230/4778/4091
f 1230/4778/4092 5445/4777/4092 5446/4772/4092 1231/710/4092
f 2524/4774/4093 2523/4779/4093 5447/4780/4093 5444/4775/4093
f 5444/4775/4094 5447/4780/4094 5448/4781/4094 5445/4777/4094
f 5445/4777/4095 5448/4781/4095 5449/4773/4095 5446/4772/4095
f 2523/4779/4096 2522/788/4096 5450/4782/4096 5447/4780/4096
f 5447/4780/4097 5450/4782/4097 5451/4783/4097 5448/4781/4097
f 5448/4781/4098 5451/4783/4098 5452/789/4098 5449/4773/4098
f 2522/788/4099 260/787/4099 1292/4532/4099 5450/4782/4099
f 5450/4782/4100 1292/4532/4100 1293/4534/4100 5451/4783/4100
f 5451/4783/4101 1293/4534/4101 1294/790/4101 5452/789/4101
f 1228/706/4102 5455/4784/4102 2524/4774/4102 240/707/4102
f 5455/4784/4103 5458/4785/4103 2523/4779/4103 2524/4774/4103
f 5458/4785/4104 5461/785/4104 2522/788/4104 2523/4779/4104
f 239/703/4105 2521/4786/4105 5453/4787/4105 1226/4788/4105
f 1226/4788/4106 5453/4787/4106 5454/4789/4106 1227/4790/4106
f 1227/4790/4107 5454/4789/4107 5455/4784/4107 1228/706/4107
f 2521/4786/4108 2520/4791/4108 5456/4792/4108 5453/4787/4108
f 5453/4787/4109 5456/4792/4109 5457/4793/4109 5454/4789/4109
f 5454/4789/4110 5457/4793/4110 5458/4785/4110 5455/4784/4110
f 2520/4791/4111 2519/784/4111 5459/4794/4111 5456/4792/4111
f 5456/4792/4112 5459/4794/4112 5460/4795/4112 5457/4793/4112
f 5457/4793/4113 5460/4795/4113 5461/785/4113 5458/4785/4113
f 2519/784/4114 259/783/4114 1289/4544/4114 5459/4794/4114
f 5459/4794/4115 1289/4544/4115 1290/4546/4115 5460/4795/4115
f 5460/4795/4116 1290/4546/4116 1291/786/4116 5461/785/4116
f 1225/702/4117 5464/4796/4117 2521/4786/4117 239/703/4117
f 5464/4796/4118 5467/4797/4118 2520/4791/4118 2521/4786/4118
f 5467/4797/4119 5470/781/4119 2519/784/4119 2520/4791/4119
f 238/699/4120 2518/4798/4120 5462/4799/4120 1223/4800/4120
f 1223/4800/4121 5462/4799/4121 5463/4801/4121 1224/4802/4121
f 1224/4802/4122 5463/4801/4122 5464/4796/4122 1225/702/4122
f 2518/4798/4123 2517/4803/4123 5465/4804/4123 5462/4799/4123
f 5462/4799/4124 5465/4804/4124 5466/4805/4124 5463/4801/4124
f 5463/4801/4125 5466/4805/4125 5467/4797/4125 5464/4796/4125
f 2517/4803/4126 2516/780/4126 5468/4806/4126 5465/4804/4126
f 5465/4804/4127 5468/4806/4127 5469/4807/4127 5466/4805/4127
f 5466/4805/4128 5469/4807/4128 5470/781/4128 5467/4797/4128
f 2516/780/4129 258/779/4129 1286/4556/4129 5468/4806/4129
f 5468/4806/4130 1286/4556/4130 1287/4558/4130 5469/4807/4130
f 5469/4807/4131 1287/4558/4131 1288/782/4131 5470/781/4131
f 1222/698/4132 5473/4808/4132 2518/4798/4132 238/699/4132
f 5473/4808/4133 5476/4809/4133 2517/4803/4133 2518/4798/4133
f 5476/4809/4134 5479/777/4134 2516/780/4134 2517/4803/4134
f 237/695/4135 2515/4810/4135 5471/4811/4135 1220/4812/4135
f 1220/4812/4136 5471/4811/4136 5472/4813/4136 1221/4814/4136
f 1221/4814/4137 5472/4813/4137 5473/4808/4137 1222/698/4137
f 2515/4810/4138 2514/4815/4138 5474/4816/4138 5471/4811/4138
f 5471/4811/4139 5474/4816/4139 5475/4817/4139 5472/4813/4139
f 5472/4813/4140 5475/4817/4140 5476/4809/4140 5473/4808/4140
f 2514/4815/4141 2513/776/4141 5477/4818/4141 5474/4816/4141
f 5474/4816/4142 5477/4818/4142 5478/4819/4142 5475/4817/4142
f 5475/4817/4143 5478/4819/4143 5479/777/4143 5476/4809/4143
f 2513/776/4144 257/775/4144 1283/4568/4144 5477/4818/4144
f 5477/4818/4145 1283/4568/4145 1284/4570/4145 5478/4819/4145
f 5478/4819/4146 1284/4570/4146 1285/778/4146 5479/777/4146
f 1219/694/4147 5482/4820/4147 2515/4810/4147 237/695/4147
f 5482/4820/4148 5485/4821/4148 2514/4815/4148 2515/4810/4148
f 5485/4821/4149 5488/773/4149 2513/776/4149 2514/4815/4149
f 236/691/4150 2512/4822/4150 5480/4823/4150 1217/4824/4150
f 1217/4824/4151 5480/4823/4151 5481/4825/4151 1218/4826/4151
f 1218/4826/4152 5481/4825/4152 5482/4820/4152 1219/694/4152
f 2512/4822/4153 2511/4827/4153 5483/4828/4153 5480/4823/4153
f 5480/4823/4154 5483/4828/4154 5484/4829/4154 5481/4825/4154
f 5481/4825/4155 5484/4829/4155 5485/4821/4155 5482/4820/4155
f 2511/4827/4156 2510/772/4156 5486/4830/4156 5483/4828/4156
f 5483/4828/4157 5486/4830/4157 5487/4831/4157 5484/4829/4157
f 5484/4829/4158 5487/4831/4158 5488/773/4158 5485/4821/4158
f 2510/772/4159 256/771/4159 1280/4580/4159 5486/4830/4159
f 5486/4830/4160 1280/4580/4160 1281/4582/4160 5487/4831/4160
f 5487/4831/4161 1281/4582/4161 1282/774/4161 5488/773/4161
f 1216/690/4162 5491/4832/4162 2512/4822/4162 236/691/4162
f 5491/4832/4163 5494/4833/4163 2511/4827/4163 2512/4822/4163
f 5494/4833/4164 5497/769/4164 2510/772/4164 2511/4827/4164
f 235/687/4165 2509/4834/4165 5489/4835/4165 1214/4836/4165
f 1214/4836/4166 5489/4835/4166 5490/4837/4166 1215/4838/4166
f 1215/4838/4167 5490/4837/4167 5491/4832/4167 1216/690/4167
f 2509/4834/4168 2508/4839/4168 5492/4840/4168 5489/4835/4168
f 5489/4835/4169 5492/4840/4169 5493/4841/4169 5490/4837/4169
f 5490/4837/4170 5493/4841/4170 5494/4833/4170 5491/4832/4170
f 2508/4839/4171 2507/768/4171 5495/4842/4171 5492/4840/4171
f 5492/4840/4172 5495/4842/4172 5496/4843/4172 5493/4841/4172
f 5493/4841/4173 5496/4843/4173 5497/769/4173 5494/4833/4173
f 2507/768/4174 255/767/4174 1277/4592/4174 5495/4842/4174
f 5495/4842/4175 1277/4592/4175 1278/4594/4175 5496/4843/4175
f 5496/4843/4176 1278/4594/4176 1279/770/4176 5497/769/4176
f 1213/686/4177 5500/4844/4177 2509/4834/4177 235/687/4177
f 5500/4844/4178 5503/4845/4178 2508/4839/4178 2509/4834/4178
f 5503/4845/4179 5506/765/4179 2507/768/4179 2508/4839/4179
f 234/683/4180 2506/4846/4180 5498/4847/4180 1211/4848/4180
f 1211/4848/4181 5498/4847/4181 5499/4849/4181 1212/4850/4181
f 1212/4850/4182 5499/4849/4182 5500/4844/4182 1213/686/4182
f 2506/4846/4183 2505/4851/4183 5501/4852/4183 5498/4847/4183
f 5498/4847/4184 5501/4852/4184 5502/4853/4184 5499/4849/4184
f 5499/4849/4185 5502/4853/4185 5503/4845/4185 5500/4844/4185
f 2505/4851/4186 2504/764/4186 5504/4854/4186 5501/4852/4186
f 5501/4852/4187 5504/4854/4187 5505/4855/4187 5502/4853/4187
f 5502/4853/4188 5505/4855/4188 5506/765/4188 5503/4845/4188
f 2504/764/4189 254/763/4189 1274/4604/4189 5504/4854/4189
f 5504/4854/4190 1274/4604/4190 1275/4606/4190 5505/4855/4190
f 5505/4855/4191 1275/4606/4191 1276/766/4191 5506/765/4191
f 1210/682/4192 5509/4856/4192 2506/4846/4192 234/683/4192
f 5509/4856/4193 5512/4857/4193 2505/4851/4193 2506/4846/4193
f 5512/4857/4194 5515/761/4194 2504/764/4194 2505/4851/4194
f 233/679/4195 2503/4858/4195 5507/4859/4195 1208/4860/4195
f 1208/4860/4196 5507/4859/4196 5508/4861/4196 1209/4862/4196
f 1209/4862/4197 5508/4861/4197 5509/4856/4197 1210/682/4197
f 2503/4858/4198 2502/4863/4198 5510/4864/4198 5507/4859/4198
f 5507/4859/4199 5510/4864/4199 5511/4865/4199 5508/4861/4199
f 5508/4861/4200 5511/4865/4200 5512/4857/4200 5509/4856/4200
f 2502/4863/4201 2501/760/4201 5513/4866/4201 5510/4864/4201
f 5510/4864/4202 5513/4866/4202 5514/4867/4202 5511/4865/4202
f 5511/4865/4203 5514/4867/4203 5515/761/4203 5512/4857/4203
f 2501/760/4204 253/759/4204 1271/4616/4204 5513/4866/4204
f 5513/4866/4205 1271/4616/4205 1272/4618/4205 5514/4867/4205
f 5514/4867/4206 1272/4618/4206 1273/762/4206 5515/761/4206
f 1207/678/4207 5518/4868/4207 2503/4858/4207 233/679/4207
f 5518/4868/4208 5521/4869/4208 2502/4863/4208 2503/4858/4208
f 5521/4869/4209 5524/757/4209 2501/760/4209 2502/4863/4209
f 232/675/4210 2500/4870/4210 5516/4871/4210 1205/4872/4210
f 1205/4872/4211 5516/4871/4211 5517/4873/4211 1206/4874/4211
f 1206/4874/4212 5517/4873/4212 5518/4868/4212 1207/678/4212
f 2500/4870/4213 2499/4875/4213 5519/4876/4213 5516/4871/4213
f 5516/4871/4214 5519/4876/4214 5520/4877/4214 5517/4873/4214
f 5517/4873/4215 5520/4877/4215 5521/4869/4215 5518/4868/4215
f 2499/4875/4216 2498/756/4216 5522/4878/4216 5519/4876/4216
f 5519/4876/4217 5522/4878/4217 5523/4879/4217 5520/4877/4217
f 5520/4877/4218 5523/4879/4218 5524/757/4218 5521/4869/4218
f 2498/756/4219 252/755/4219 1268/4628/4219 5522/4878/4219
f 5522/4878/4220 1268/4628/4220 1269/4630/4220 5523/4879/4220
f 5523/4879/4221 1269/4630/4221 1270/758/4221 5524/757/4221
f 1204/674/4222 5527/4880/4222 2500/4870/4222 232/675/4222
f 5527/4880/4223 5530/4881/4223 2499/4875/4223 2500/4870/4223
f 5530/4881/4224 5533/753/4224 2498/756/4224 2499/4875/4224
f 231/671/4225 2497/4882/4225 5525/4883/4225 1202/4884/4225
f 1202/4884/4226 5525/4883/4226 5526/4885/4226 1203/4886/4226
f 1203/4886/4227 5526/4885/4227 5527/4880/4227 1204/674/4227
f 2497/4882/4228 2496/4887/4228 5528/4888/4228 5525/4883/4228
f 5525/4883/4229 5528/4888/4229 5529/4889/4229 5526/4885/4229
f 5526/4885/4230 5529/4889/4230 5530/4881/4230 5527/4880/4230
f 2496/4887/4231 2495/752/4231 5531/4890/4231 5528/4888/4231
f 5528/4888/4232 5531/4890/4232 5532/4891/4232 5529/4889/4232
f 5529/4889/4233 5532/4891/4233 5533/753/4233 5530/4881/4233
f 2495/752/4234 251/751/4234 1265/4640/4234 5531/4890/4234
f 5531/4890/4235 1265/4640/4235 1266/4642/4235 5532/4891/4235
f 5532/4891/4236 1266/4642/4236 1267/754/4236 5533/753/4236
f 1201/670/4237 5536/4892/4237 2497/4882/4237 231/671/4237
f 5536/4892/4238 5539/4893/4238 2496/4887/4238 2497/4882/4238
f 5539/4893/4239 5542/749/4239 2495/752/4239 2496/4887/4239
f 230/667/4240 2494/4894/4240 5534/4895/4240 1199/4896/4240
f 1199/4896/4241 5534/4895/4241 5535/4897/4241 1200/4898/4241
f 1200/4898/4242 5535/4897/4242 5536/4892/4242 1201/670/4242
f 2494/4894/4243 2493/4899/4243 5537/4900/4243 5534/4895/4243
f 5534/4895/4244 5537/4900/4244 5538/4901/4244 5535/4897/4244
f 5535/4897/4245 5538/4901/4245 5539/4893/4245 5536/4892/4245
f 2493/4899/4246 2492/748/4246 5540/4902/4246 5537/4900/4246
f 5537/4900/4247 5540/4902/4247 5541/4903/4247 5538/4901/4247
f 5538/4901/4248 5541/4903/4248 5542/749/4248 5539/4893/4248
f 2492/748/4249 250/747/4249 1262/4652/4249 5540/4902/4249
f 5540/4902/4250 1262/4652/4250 1263/4654/4250 5541/4903/4250
f 5541/4903/4251 1263/4654/4251 1264/750/4251 5542/749/4251
f 1198/666/4252 5545/4904/4252 2494/4894/4252 230/667/4252
f 5545/4904/4253 5548/4905/4253 2493/4899/4253 2494/4894/4253
f 5548/4905/4254 5551/745/4254 2492/748/4254 2493/4899/4254
f 229/663/4255 2491/4906/4255 5543/4907/4255 1196/4908/4255
f 1196/4908/4256 5543/4907/4256 5544/4909/4256 1197/4910/4256
f 1197/4910/4257 5544/4909/4257 5545/4904/4257 1198/666/4257
f 2491/4906/4258 2490/4911/4258 5546/4912/4258 5543/4907/4258
f 5543/4907/4259 5546/4912/4259 5547/4913/4259 5544/4909/4259
f 5544/4909/4260 5547/4913/4260 5548/4905/4260 5545/4904/4260
f 2490/4911/4261 2489/744/4261 5549/4914/4261 5546/4912/4261
f 5546/4912/4262 5549/4914/4262 5550/4915/4262 5547/4913/4262
f 5547/4913/4263 5550/4915/4263 5551/745/4263 5548/4905/4263
f 2489/744/4264 249/743/4264 1259/4664/4264 5549/4914/4264
f 5549/4914/4265 1259/4664/4265 1260/4666/4265 5550/4915/4265
f 5550/4915/4266 1260/4666/4266 1261/746/4266 5551/745/4266
f 1195/662/4267 5554/4916/4267 2491/4906/4267 229/663/4267
f 5554/4916/4268 5557/4917/4268 2490/4911/4268 2491/4906/4268
f 5557/4917/4269 5560/741/4269 2489/744/4269 2490/4911/4269
f 228/659/4270 2488/4918/4270 5552/4919/4270 1193/4920/4270
f 1193/4920/4271 5552/4919/4271 5553/4921/4271 1194/4922/4271
f 1194/4922/4272 5553/4921/4272 5554/4916/4272 1195/662/4272
f 2488/4918/4273 2487/4923/4273 5555/4924/4273 5552/4919/4273
f 5552/4919/4274 5555/4924/4274 5556/4925/4274 5553/4921/4274
f 5553/4921/4275 5556/4925/4275 5557/4917/4275 5554/4916/4275
f 2487/4923/4276 2486/740/4276 5558/4926/4276 5555/4924/4276
f 5555/4924/4277 5558/4926/4277 5559/4927/4277 5556/4925/4277
f 5556/4925/4278 5559/4927/4278 5560/741/4278 5557/4917/4278
f 2486/740/4279 248/739/4279 1256/4676/4279 5558/4926/4279
f 5558/4926/4280 1256/4676/4280 1257/4678/4280 5559/4927/4280
f 5559/4927/4281 1257/4678/4281 1258/742/4281 5560/741/4281
f 1192/658/4282 5563/4928/4282 2488/4918/4282 228/659/4282
f 5563/4928/4283 5566/4929/4283 2487/4923/4283 2488/4918/4283
f 5566/4929/4284 5569/737/4284 2486/740/4284 2487/4923/4284
f 227/655/4285 2485/4930/4285 5561/4931/4285 1190/4932/4285
f 1190/4932/4286 5561/4931/4286 5562/4933/4286 1191/4934/4286
f 1191/4934/4287 5562/4933/4287 5563/4928/4287 1192/658/4287
f 2485/4930/4288 2484/4935/4288 5564/4936/4288 5561/4931/4288
f 5561/4931/4289 5564/4936/4289 5565/4937/4289 5562/4933/4289
f 5562/4933/4290 5565/4937/4290 5566/4929/4290 5563/4928/4290
f 2484/4935/4291 2483/736/4291 5567/4938/4291 5564/4936/4291
f 5564/4936/4292 5567/4938/4292 5568/4939/4292 5565/4937/4292
f 5565/4937/4293 5568/4939/4293 5569/737/4293 5566/4929/4293
f 2483/736/4294 247/735/4294 1253/4688/4294 5567/4938/4294
f 5567/4938/4295 1253/4688/4295 1254/4690/4295 5568/4939/4295
f 5568/4939/4296 1254/4690/4296 1255/738/4296 5569/737/4296
f 1189/654/4297 5572/4940/4297 2485/4930/4297 227/655/4297
f 5572/4940/4298 5575/4941/4298 2484/4935/4298 2485/4930/4298
f 5575/4941/4299 5578/733/4299 2483/736/4299 2484/4935/4299
f 226/651/4300 2482/4942/4300 5570/4943/4300 1187/4944/4300
f 1187/4944/4301 5570/4943/4301 5571/4945/4301 1188/4946/4301
f 1188/4946/4302 5571/4945/4302 5572/4940/4302 1189/654/4302
f 2482/4942/4303 2481/4947/4303 5573/4948/4303 5570/4943/4303
f 5570/4943/4304 5573/4948/4304 5574/4949/4304 5571/4945/4304
f 5571/4945/4305 5574/4949/4305 5575/4941/4305 5572/4940/4305
f 2481/4947/4306 2480/732/4306 5576/4950/4306 5573/4948/4306
f 5573/4948/4307 5576/4950/4307 5577/4951/4307 5574/4949/4307
f 5574/4949/4308 5577/4951/4308 5578/733/4308 5575/4941/4308
f 2480/732/4309 246/731/4309 1250/4700/4309 5576/4950/4309
f 5576/4950/4310 1250/4700/4310 1251/4702/4310 5577/4951/4310
f 5577/4951/4311 1251/4702/4311 1252/734/4311 5578/733/4311
f 1186/650/4312 5581/4952/4312 2482/4942/4312 226/651/4312
f 5581/4952/4313 5584/4953/4313 2481/4947/4313 2482/4942/4313
f 5584/4953/4314 5587/729/4314 2480/732/4314 2481/4947/4314
f 225/647/4315 2479/4954/4315 5579/4955/4315 1184/4956/4315
f 1184/4956/4316 5579/4955/4316 5580/4957/4316 1185/4958/4316
f 1185/4958/4317 5580/4957/4317 5581/4952/4317 1186/650/4317
f 2479/4954/4318 2478/4959/4318 5582/4960/4318 5579/4955/4318
f 5579/4955/4319 5582/4960/4319 5583/4961/4319 5580/4957/4319
f 5580/4957/4320 5583/4961/4320 5584/4953/4320 5581/4952/4320
f 2478/4959/4321 2477/728/4321 5585/4962/4321 5582/4960/4321
f 5582/4960/4322 5585/4962/4322 5586/4963/4322 5583/4961/4322
f 5583/4961/4323 5586/4963/4323 5587/729/4323 5584/4953/4323
f 2477/728/4324 245/727/4324 1247/4712/4324 5585/4962/4324
f 5585/4962/4325 1247/4712/4325 1248/4714/4325 5586/4963/4325
f 5586/4963/4326 1248/4714/4326 1249/730/4326 5587/729/4326
f 1183/646/4327 5590/4964/4327 2479/4954/4327 225/647/4327
f 5590/4964/4328 5593/4965/4328 2478/4959/4328 2479/4954/4328
f 5593/4965/4329 5596/725/4329 2477/728/4329 2478/4959/4329
f 32/4966/4330 581/4967/4330 5588/4968/4330 1181/4969/4330
f 1181/4969/4331 5588/4968/4331 5589/4970/4331 1182/4971/4331
f 1182/4971/4332 5589/4970/4332 5590/4964/4332 1183/646/4332
f 581/4967/4333 582/4972/4333 5591/4973/4333 5588/4968/4333
f 5588/4968/4334 5591/4973/4334 5592/4974/4334 5589/4970/4334
f 5589/4970/4335 5592/4974/4335 5593/4965/4335 5590/4964/4335
f 582/4972/4336 583/4975/4336 5594/4976/4336 5591/4973/4336
f 5591/4973/4337 5594/4976/4337 5595/4977/4337 5592/4974/4337
f 5592/4974/4338 5595/4977/4338 5596/725/4338 5593/4965/4338
f 583/4975/4339 33/4722/4339 1244/4725/4339 5594/4976/4339
f 5594/4976/4340 1244/4725/4340 1245/4727/4340 5595/4977/4340
f 5595/4977/4341 1245/4727/4341 1246/726/4341 5596/725/4341
f 1177/642/4342 5599/4978/4342 2476/4979/4342 224/643/4342
f 5599/4978/4343 5602/4980/4343 2475/4981/4343 2476/4979/4343
f 5602/4980/4344 5605/721/4344 2474/724/4344 2475/4981/4344
f 223/639/4345 2473/4982/4345 5597/4983/4345 1175/4984/4345
f 1175/4984/4346 5597/4983/4346 5598/4985/4346 1176/4986/4346
f 1176/4986/4347 5598/4985/4347 5599/4978/4347 1177/642/4347
f 2473/4982/4348 2472/4987/4348 5600/4988/4348 5597/4983/4348
f 5597/4983/4349 5600/4988/4349 5601/4989/4349 5598/4985/4349
f 5598/4985/4350 5601/4989/4350 5602/4980/4350 5599/4978/4350
f 2472/4987/4351 2471/720/4351 5603/4990/4351 5600/4988/4351
f 5600/4988/4352 5603/4990/4352 5604/4991/4352 5601/4989/4352
f 5601/4989/4353 5604/4991/4353 5605/721/4353 5602/4980/4353
f 2471/720/4354 243/719/4354 1238/4740/4354 5603/4990/4354
f 5603/4990/4355 1238/4740/4355 1239/4742/4355 5604/4991/4355
f 5604/4991/4356 1239/4742/4356 1240/722/4356 5605/721/4356
f 1174/638/4357 5608/4992/4357 2473/4982/4357 223/639/4357
f 5608/4992/4358 5611/4993/4358 2472/4987/4358 2473/4982/4358
f 5611/4993/4359 5614/717/4359 2471/720/4359 2472/4987/4359
f 222/635/4360 2470/4994/4360 5606/4995/4360 1172/4996/4360
f 1172/4996/4361 5606/4995/4361 5607/4997/4361 1173/4998/4361
f 1173/4998/4362 5607/4997/4362 5608/4992/4362 1174/638/4362
f 2470/4994/4363 2469/4999/4363 5609/5000/4363 5606/4995/4363
f 5606/4995/4364 5609/5000/4364 5610/5001/4364 5607/4997/4364
f 5607/4997/4365 5610/5001/4365 5611/4993/4365 5608/4992/4365
f 2469/4999/4366 2468/716/4366 5612/5002/4366 5609/5000/4366
f 5609/5000/4367 5612/5002/4367 5613/5003/4367 5610/5001/4367
f 5610/5001/4368 5613/5003/4368 5614/717/4368 5611/4993/4368
f 2468/716/4369 242/715/4369 1235/4752/4369 5612/5002/4369
f 5612/5002/4370 1235/4752/4370 1236/4754/4370 5613/5003/4370
f 5613/5003/4371 1236/4754/4371 1237/718/4371 5614/717/4371
f 1171/634/4372 5617/5004/4372 2470/4994/4372 222/635/4372
f 5617/5004/4373 5620/5005/4373 2469/4999/4373 2470/4994/4373
f 5620/5005/4374 5623/713/4374 2468/716/4374 2469/4999/4374
f 221/631/4375 2467/5006/4375 5615/5007/4375 1169/5008/4375
f 1169/5008/4376 5615/5007/4376 5616/5009/4376 1170/5010/4376
f 1170/5010/4377 5616/5009/4377 5617/5004/4377 1171/634/4377
f 2467/5006/4378 2466/5011/4378 5618/5012/4378 5615/5007/4378
f 5615/5007/4379 5618/5012/4379 5619/5013/4379 5616/5009/4379
f 5616/5009/4380 5619/5013/4380 5620/5005/4380 5617/5004/4380
f 2466/5011/4381 2465/712/4381 5621/5014/4381 5618/5012/4381
f 5618/5012/4382 5621/5014/4382 5622/5015/4382 5619/5013/4382
f 5619/5013/4383 5622/5015/4383 5623/713/4383 5620/5005/4383
f 2465/712/4384 241/711/4384 1232/4764/4384 5621/5014/4384
f 5621/5014/4385 1232/4764/4385 1233/4766/4385 5622/5015/4385
f 5622/5015/4386 1233/4766/4386 1234/714/4386 5623/713/4386
f 1168/630/4387 5626/5016/4387 2467/5006/4387 221/631/4387
f 5626/5016/4388 5629/5017/4388 2466/5011/4388 2467/5006/4388
f 5629/5017/4389 5632/709/4389 2465/712/4389 2466/5011/4389
f 220/627/4390 2464/5018/4390 5624/5019/4390 1166/5020/4390
f 1166/5020/4391 5624/5019/4391 5625/5021/4391 1167/5022/4391
f 1167/5022/4392 5625/5021/4392 5626/5016/4392 1168/630/4392
f 2464/5018/4393 2463/5023/4393 5627/5024/4393 5624/5019/4393
f 5624/5019/4394 5627/5024/4394 5628/5025/4394 5625/5021/4394
f 5625/5021/4395 5628/5025/4395 5629/5017/4395 5626/5016/4395
f 2463/5023/4396 2462/708/4396 5630/5026/4396 5627/5024/4396
f 5627/5024/4397 5630/5026/4397 5631/5027/4397 5628/5025/4397
f 5628/5025/4398 5631/5027/4398 5632/709/4398 5629/5017/4398
f 2462/708/4399 240/707/4399 1229/4776/4399 5630/5026/4399
f 5630/5026/4400 1229/4776/4400 1230/4778/4400 5631/5027/4400
f 5631/5027/4401 1230/4778/4401 1231/710/4401 5632/709/4401
f 1165/626/4402 5635/5028/4402 2464/5018/4402 220/627/4402
f 5635/5028/4403 5638/5029/4403 2463/5023/4403 2464/5018/4403
f 5638/5029/4404 5641/705/4404 2462/708/4404 2463/5023/4404
f 219/623/4405 2461/5030/4405 5633/5031/4405 1163/5032/4405
f 1163/5032/4406 5633/5031/4406 5634/5033/4406 1164/5034/4406
f 1164/5034/4407 5634/5033/4407 5635/5028/4407 1165/626/4407
f 2461/5030/4408 2460/5035/4408 5636/5036/4408 5633/5031/4408
f 5633/5031/4409 5636/5036/4409 5637/5037/4409 5634/5033/4409
f 5634/5033/4410 5637/5037/4410 5638/5029/4410 5635/5028/4410
f 2460/5035/4411 2459/704/4411 5639/5038/4411 5636/5036/4411
f 5636/5036/4412 5639/5038/4412 5640/5039/4412 5637/5037/4412
f 5637/5037/4413 5640/5039/4413 5641/705/4413 5638/5029/4413
f 2459/704/4414 239/703/4414 1226/4788/4414 5639/5038/4414
f 5639/5038/4415 1226/4788/4415 1227/4790/4415 5640/5039/4415
f 5640/5039/4416 1227/4790/4416 1228/706/4416 5641/705/4416
f 1162/622/4417 5644/5040/4417 2461/5030/4417 219/623/4417
f 5644/5040/4418 5647/5041/4418 2460/5035/4418 2461/5030/4418
f 5647/5041/4419 5650/701/4419 2459/704/4419 2460/5035/4419
f 218/619/4420 2458/5042/4420 5642/5043/4420 1160/5044/4420
f 1160/5044/4421 5642/5043/4421 5643/5045/4421 1161/5046/4421
f 1161/5046/4422 5643/5045/4422 5644/5040/4422 1162/622/4422
f 2458/5042/4423 2457/5047/4423 5645/5048/4423 5642/5043/4423
f 5642/5043/4424 5645/5048/4424 5646/5049/4424 5643/5045/4424
f 5643/5045/4425 5646/5049/4425 5647/5041/4425 5644/5040/4425
f 2457/5047/4426 2456/700/4426 5648/5050/4426 5645/5048/4426
f 5645/5048/4427 5648/5050/4427 5649/5051/4427 5646/5049/4427
f 5646/5049/4428 5649/5051/4428 5650/701/4428 5647/5041/4428
f 2456/700/4429 238/699/4429 1223/4800/4429 5648/5050/4429
f 5648/5050/4430 1223/4800/4430 1224/4802/4430 5649/5051/4430
f 5649/5051/4431 1224/4802/4431 1225/702/4431 5650/701/4431
f 1159/618/4432 5653/5052/4432 2458/5042/4432 218/619/4432
f 5653/5052/4433 5656/5053/4433 2457/5047/4433 2458/5042/4433
f 5656/5053/4434 5659/697/4434 2456/700/4434 2457/5047/4434
f 217/615/4435 2455/5054/4435 5651/5055/4435 1157/5056/4435
f 1157/5056/4436 5651/5055/4436 5652/5057/4436 1158/5058/4436
f 1158/5058/4437 5652/5057/4437 5653/5052/4437 1159/618/4437
f 2455/5054/4438 2454/5059/4438 5654/5060/4438 5651/5055/4438
f 5651/5055/4439 5654/5060/4439 5655/5061/4439 5652/5057/4439
f 5652/5057/4440 5655/5061/4440 5656/5053/4440 5653/5052/4440
f 2454/5059/4441 2453/696/4441 5657/5062/4441 5654/5060/4441
f 5654/5060/4442 5657/5062/4442 5658/5063/4442 5655/5061/4442
f 5655/5061/4443 5658/5063/4443 5659/697/4443 5656/5053/4443
f 2453/696/4444 237/695/4444 1220/4812/4444 5657/5062/4444
f 5657/5062/4445 1220/4812/4445 1221/4814/4445 5658/5063/4445
f 5658/5063/4446 1221/4814/4446 1222/698/4446 5659/697/4446
f 1156/614/4447 5662/5064/4447 2455/5054/4447 217/615/4447
f 5662/5064/4448 5665/5065/4448 2454/5059/4448 2455/5054/4448
f 5665/5065/4449 5668/693/4449 2453/696/4449 2454/5059/4449
f 216/611/4450 2452/5066/4450 5660/5067/4450 1154/5068/4450
f 1154/5068/4451 5660/5067/4451 5661/5069/4451 1155/5070/4451
f 1155/5070/4452 5661/5069/4452 5662/5064/4452 1156/614/4452
f 2452/5066/4453 2451/5071/4453 5663/5072/4453 5660/5067/4453
f 5660/5067/4454 5663/5072/4454 5664/5073/4454 5661/5069/4454
f 5661/5069/4455 5664/5073/4455 5665/5065/4455 5662/5064/4455
f 2451/5071/4456 2450/692/4456 5666/5074/4456 5663/5072/4456
f 5663/5072/4457 5666/5074/4457 5667/5075/4457 5664/5073/4457
f 5664/5073/4458 5667/5075/4458 5668/693/4458 5665/5065/4458
f 2450/692/4459 236/691/4459 1217/4824/4459 5666/5074/4459
f 5666/5074/4460 1217/4824/4460 1218/4826/4460 5667/5075/4460
f 5667/5075/4461 1218/4826/4461 1219/694/4461 5668/693/4461
f 1153/610/4462 5671/5076/4462 2452/5066/4462 216/611/4462
f 5671/5076/4463 5674/5077/4463 2451/5071/4463 2452/5066/4463
f 5674/5077/4464 5677/689/4464 2450/692/4464 2451/5071/4464
f 215/607/4465 2449/5078/4465 5669/5079/4465 1151/5080/4465
f 1151/5080/4466 5669/5079/4466 5670/5081/4466 1152/5082/4466
f 1152/5082/4467 5670/5081/4467 5671/5076/4467 1153/610/4467
f 2449/5078/4468 2448/5083/4468 5672/5084/4468 5669/5079/4468
f 5669/5079/4469 5672/5084/4469 5673/5085/4469 5670/5081/4469
f 5670/5081/4470 5673/5085/4470 5674/5077/4470 5671/5076/4470
f 2448/5083/4471 2447/688/4471 5675/5086/4471 5672/5084/4471
f 5672/5084/4472 5675/5086/4472 5676/5087/4472 5673/5085/4472
f 5673/5085/4473 5676/5087/4473 5677/689/4473 5674/5077/4473
f 2447/688/4474 235/687/4474 1214/4836/4474 5675/5086/4474
f 5675/5086/4475 1214/4836/4475 1215/4838/4475 5676/5087/4475
f 5676/5087/4476 1215/4838/4476 1216/690/4476 5677/689/4476
f 1150/606/4477 5680/5088/4477 2449/5078/4477 215/607/4477
f 5680/5088/4478 5683/5089/4478 2448/5083/4478 2449/5078/4478
f 5683/5089/4479 5686/685/4479 2447/688/4479 2448/5083/4479
f 214/603/4480 2446/5090/4480 5678/5091/4480 1148/5092/4480
f 1148/5092/4481 5678/5091/4481 5679/5093/4481 1149/5094/4481
f 1149/5094/4482 5679/5093/4482 5680/5088/4482 1150/606/4482
f 2446/5090/4483 2445/5095/4483 5681/5096/4483 5678/5091/4483
f 5678/5091/4484 5681/5096/4484 5682/5097/4484 5679/5093/4484
f 5679/5093/4485 5682/5097/4485 5683/5089/4485 5680/5088/4485
f 2445/5095/4486 2444/684/4486 5684/5098/4486 5681/5096/4486
f 5681/5096/4487 5684/5098/4487 5685/5099/4487 5682/5097/4487
f 5682/5097/4488 5685/5099/4488 5686/685/4488 5683/5089/4488
f 2444/684/4489 234/683/4489 1211/4848/4489 5684/5098/4489
f 5684/5098/4490 1211/4848/4490 1212/4850/4490 5685/5099/4490
f 5685/5099/4491 1212/4850/4491 1213/686/4491 5686/685/4491
f 1147/602/4492 5689/5100/4492 2446/5090/4492 214/603/4492
f 5689/5100/4493 5692/5101/4493 2445/5095/4493 2446/5090/4493
f 5692/5101/4494 5695/681/4494 2444/684/4494 2445/5095/4494
f 213/599/4495 2443/5102/4495 5687/5103/4495 1145/5104/4495
f 1145/5104/4496 5687/5103/4496 5688/5105/4496 1146/5106/4496
f 1146/5106/4497 5688/5105/4497 5689/5100/4497 1147/602/4497
f 2443/5102/4498 2442/5107/4498 5690/5108/4498 5687/5103/4498
f 5687/5103/4499 5690/5108/4499 5691/5109/4499 5688/5105/4499
f 5688/5105/4500 5691/5109/4500 5692/5101/4500 5689/5100/4500
f 2442/5107/4501 2441/680/4501 5693/5110/4501 5690/5108/4501
f 5690/5108/4502 5693/5110/4502 5694/5111/4502 5691/5109/4502
f 5691/5109/4503 5694/5111/4503 5695/681/4503 5692/5101/4503
f 2441/680/4504 233/679/4504 1208/4860/4504 5693/5110/4504
f 5693/5110/4505 1208/4860/4505 1209/4862/4505 5694/5111/4505
f 5694/5111/4506 1209/4862/4506 1210/682/4506 5695/681/4506
f 1144/598/4507 5698/5112/4507 2443/5102/4507 213/599/4507
f 5698/5112/4508 5701/5113/4508 2442/5107/4508 2443/5102/4508
f 5701/5113/4509 5704/677/4509 2441/680/4509 2442/5107/4509
f 212/595/4510 2440/5114/4510 5696/5115/4510 1142/5116/4510
f 1142/5116/4511 5696/5115/4511 5697/5117/4511 1143/5118/4511
f 1143/5118/4512 5697/5117/4512 5698/5112/4512 1144/598/4512
f 2440/5114/4513 2439/5119/4513 5699/5120/4513 5696/5115/4513
f 5696/5115/4514 5699/5120/4514 5700/5121/4514 5697/5117/4514
f 5697/5117/4515 5700/5121/4515 5701/5113/4515 5698/5112/4515
f 2439/5119/4516 2438/676/4516 5702/5122/4516 5699/5120/4516
f 5699/5120/4517 5702/5122/4517 5703/5123/4517 5700/5121/4517
f 5700/5121/4518 5703/5123/4518 5704/677/4518 5701/5113/4518
f 2438/676/4519 232/675/4519 1205/4872/4519 5702/5122/4519
f 5702/5122/4520 1205/4872/4520 1206/4874/4520 5703/5123/4520
f 5703/5123/4521 1206/4874/4521 1207/678/4521 5704/677/4521
f 1141/594/4522 5707/5124/4522 2440/5114/4522 212/595/4522
f 5707/5124/4523 5710/5125/4523 2439/5119/4523 2440/5114/4523
f 5710/5125/4524 5713/673/4524 2438/676/4524 2439/5119/4524
f 211/591/4525 2437/5126/4525 5705/5127/4525 1139/5128/4525
f 1139/5128/4526 5705/5127/4526 5706/5129/4526 1140/5130/4526
f 1140/5130/4527 5706/5129/4527 5707/5124/4527 1141/594/4527
f 2437/5126/4528 2436/5131/4528 5708/5132/4528 5705/5127/4528
f 5705/5127/4529 5708/5132/4529 5709/5133/4529 5706/5129/4529
f 5706/5129/4530 5709/5133/4530 5710/5125/4530 5707/5124/4530
f 2436/5131/4531 2435/672/4531 5711/5134/4531 5708/5132/4531
f 5708/5132/4532 5711/5134/4532 5712/5135/4532 5709/5133/4532
f 5709/5133/4533 5712/5135/4533 5713/673/4533 5710/5125/4533
f 2435/672/4534 231/671/4534 1202/4884/4534 5711/5134/4534
f 5711/5134/4535 1202/4884/4535 1203/4886/4535 5712/5135/4535
f 5712/5135/4536 1203/4886/4536 1204/674/4536 5713/673/4536
f 1138/590/4537 5716/5136/4537 2437/5126/4537 211/591/4537
f 5716/5136/4538 5719/5137/4538 2436/5131/4538 2437/5126/4538
f 5719/5137/4539 5722/669/4539 2435/672/4539 2436/5131/4539
f 210/587/4540 2434/5138/4540 5714/5139/4540 1136/5140/4540
f 1136/5140/4541 5714/5139/4541 5715/5141/4541 1137/5142/4541
f 1137/5142/4542 5715/5141/4542 5716/5136/4542 1138/590/4542
f 2434/5138/4543 2433/5143/4543 5717/5144/4543 5714/5139/4543
f 5714/5139/4544 5717/5144/4544 5718/5145/4544 5715/5141/4544
f 5715/5141/4545 5718/5145/4545 5719/5137/4545 5716/5136/4545
f 2433/5143/4546 2432/668/4546 5720/5146/4546 5717/5144/4546
f 5717/5144/4547 5720/5146/4547 5721/5147/4547 5718/5145/4547
f 5718/5145/4548 5721/5147/4548 5722/669/4548 5719/5137/4548
f 2432/668/4549 230/667/4549 1199/4896/4549 5720/5146/4549
f 5720/5146/4550 1199/4896/4550 1200/4898/4550 5721/5147/4550
f 5721/5147/4551 1200/4898/4551 1201/670/4551 5722/669/4551
f 1135/586/4552 5725/5148/4552 2434/5138/4552 210/587/4552
f 5725/5148/4553 5728/5149/4553 2433/5143/4553 2434/5138/4553
f 5728/5149/4554 5731/665/4554 2432/668/4554 2433/5143/4554
f 209/583/4555 2431/5150/4555 5723/5151/4555 1133/5152/4555
f 1133/5152/4556 5723/5151/4556 5724/5153/4556 1134/5154/4556
f 1134/5154/4557 5724/5153/4557 5725/5148/4557 1135/586/4557
f 2431/5150/4558 2430/5155/4558 5726/5156/4558 5723/5151/4558
f 5723/5151/4559 5726/5156/4559 5727/5157/4559 5724/5153/4559
f 5724/5153/4560 5727/5157/4560 5728/5149/4560 5725/5148/4560
f 2430/5155/4561 2429/664/4561 5729/5158/4561 5726/5156/4561
f 5726/5156/4562 5729/5158/4562 5730/5159/4562 5727/5157/4562
f 5727/5157/4563 5730/5159/4563 5731/665/4563 5728/5149/4563
f 2429/664/4564 229/663/4564 1196/4908/4564 5729/5158/4564
f 5729/5158/4565 1196/4908/4565 1197/4910/4565 5730/5159/4565
f 5730/5159/4566 1197/4910/4566 1198/666/4566 5731/665/4566
f 1132/582/4567 5734/5160/4567 2431/5150/4567 209/583/4567
f 5734/5160/4568 5737/5161/4568 2430/5155/4568 2431/5150/4568
f 5737/5161/4569 5740/661/4569 2429/664/4569 2430/5155/4569
f 208/579/4570 2428/5162/4570 5732/5163/4570 1130/5164/4570
f 1130/5164/4571 5732/5163/4571 5733/5165/4571 1131/5166/4571
f 1131/5166/4572 5733/5165/4572 5734/5160/4572 1132/582/4572
f 2428/5162/4573 2427/5167/4573 5735/5168/4573 5732/5163/4573
f 5732/5163/4574 5735/5168/4574 5736/5169/4574 5733/5165/4574
f 5733/5165/4575 5736/5169/4575 5737/5161/4575 5734/5160/4575
f 2427/5167/4576 2426/660/4576 5738/5170/4576 5735/5168/4576
f 5735/5168/4577 5738/5170/4577 5739/5171/4577 5736/5169/4577
f 5736/5169/4578 5739/5171/4578 5740/661/4578 5737/5161/4578
f 2426/660/4579 228/659/4579 1193/4920/4579 5738/5170/4579
f 5738/5170/4580 1193/4920/4580 1194/4922/4580 5739/5171/4580
f 5739/5171/4581 1194/4922/4581 1195/662/4581 5740/661/4581
f 1129/578/4582 5743/5172/4582 2428/5162/4582 208/579/4582
f 5743/5172/4583 5746/5173/4583 2427/5167/4583 2428/5162/4583
f 5746/5173/4584 5749/657/4584 2426/660/4584 2427/5167/4584
f 207/575/4585 2425/5174/4585 5741/5175/4585 1127/5176/4585
f 1127/5176/4586 5741/5175/4586 5742/5177/4586 1128/5178/4586
f 1128/5178/4587 5742/5177/4587 5743/5172/4587 1129/578/4587
f 2425/5174/4588 2424/5179/4588 5744/5180/4588 5741/5175/4588
f 5741/5175/4589 5744/5180/4589 5745/5181/4589 5742/5177/4589
f 5742/5177/4590 5745/5181/4590 5746/5173/4590 5743/5172/4590
f 2424/5179/4591 2423/656/4591 5747/5182/4591 5744/5180/4591
f 5744/5180/4592 5747/5182/4592 5748/5183/4592 5745/5181/4592
f 5745/5181/4593 5748/5183/4593 5749/657/4593 5746/5173/4593
f 2423/656/4594 227/655/4594 1190/4932/4594 5747/5182/4594
f 5747/5182/4595 1190/4932/4595 1191/4934/4595 5748/5183/4595
f 5748/5183/4596 1191/4934/4596 1192/658/4596 5749/657/4596
f 1126/574/4597 5752/5184/4597 2425/5174/4597 207/575/4597
f 5752/5184/4598 5755/5185/4598 2424/5179/4598 2425/5174/4598
f 5755/5185/4599 5758/653/4599 2423/656/4599 2424/5179/4599
f 206/571/4600 2422/5186/4600 5750/5187/4600 1124/5188/4600
f 1124/5188/4601 5750/5187/4601 5751/5189/4601 1125/5190/4601
f 1125/5190/4602 5751/5189/4602 5752/5184/4602 1126/574/4602
f 2422/5186/4603 2421/5191/4603 5753/5192/4603 5750/5187/4603
f 5750/5187/4604 5753/5192/4604 5754/5193/4604 5751/5189/4604
f 5751/5189/4605 5754/5193/4605 5755/5185/4605 5752/5184/4605
f 2421/5191/4606 2420/652/4606 5756/5194/4606 5753/5192/4606
f 5753/5192/4607 5756/5194/4607 5757/5195/4607 5754/5193/4607
f 5754/5193/4608 5757/5195/4608 5758/653/4608 5755/5185/4608
f 2420/652/4609 226/651/4609 1187/4944/4609 5756/5194/4609
f 5756/5194/4610 1187/4944/4610 1188/4946/4610 5757/5195/4610
f 5757/5195/4611 1188/4946/4611 1189/654/4611 5758/653/4611
f 1123/570/4612 5761/5196/4612 2422/5186/4612 206/571/4612
f 5761/5196/4613 5764/5197/4613 2421/5191/4613 2422/5186/4613
f 5764/5197/4614 5767/649/4614 2420/652/4614 2421/5191/4614
f 205/567/4615 2419/5198/4615 5759/5199/4615 1121/5200/4615
f 1121/5200/4616 5759/5199/4616 5760/5201/4616 1122/5202/4616
f 1122/5202/4617 5760/5201/4617 5761/5196/4617 1123/570/4617
f 2419/5198/4618 2418/5203/4618 5762/5204/4618 5759/5199/4618
f 5759/5199/4619 5762/5204/4619 5763/5205/4619 5760/5201/4619
f 5760/5201/4620 5763/5205/4620 5764/5197/4620 5761/5196/4620
f 2418/5203/4621 2417/648/4621 5765/5206/4621 5762/5204/4621
f 5762/5204/4622 5765/5206/4622 5766/5207/4622 5763/5205/4622
f 5763/5205/4623 5766/5207/4623 5767/649/4623 5764/5197/4623
f 2417/648/4624 225/647/4624 1184/4956/4624 5765/5206/4624
f 5765/5206/4625 1184/4956/4625 1185/4958/4625 5766/5207/4625
f 5766/5207/4626 1185/4958/4626 1186/650/4626 5767/649/4626
f 1120/566/4627 5770/5208/4627 2419/5198/4627 205/567/4627
f 5770/5208/4628 5773/5209/4628 2418/5203/4628 2419/5198/4628
f 5773/5209/4629 5776/645/4629 2417/648/4629 2418/5203/4629
f 31/5210/4630 578/5211/4630 5768/5212/4630 1118/5213/4630
f 1118/5213/4631 5768/5212/4631 5769/5214/4631 1119/5215/4631
f 1119/5215/4632 5769/5214/4632 5770/5208/4632 1120/566/4632
f 578/5211/4633 579/5216/4633 5771/5217/4633 5768/5212/4633
f 5768/5212/4634 5771/5217/4634 5772/5218/4634 5769/5214/4634
f 5769/5214/4635 5772/5218/4635 5773/5209/4635 5770/5208/4635
f 579/5216/4636 580/5219/4636 5774/5220/4636 5771/5217/4636
f 5771/5217/4637 5774/5220/4637 5775/5221/4637 5772/5218/4637
f 5772/5218/4638 5775/5221/4638 5776/645/4638 5773/5209/4638
f 580/5219/4639 32/4966/4639 1181/4969/4639 5774/5220/4639
f 5774/5220/4640 1181/4969/4640 1182/4971/4640 5775/5221/4640
f 5775/5221/4641 1182/4971/4641 1183/646/4641 5776/645/4641
f 1114/562/4642 5779/5222/4642 2416/5223/4642 204/563/4642
f 5779/5222/4643 5782/5224/4643 2415/5225/4643 2416/5223/4643
f 5782/5224/4644 5785/641/4644 2414/644/4644 2415/5225/4644
f 203/559/4645 2413/5226/4645 5777/5227/4645 1112/5228/4645
f 1112/5228/4646 5777/5227/4646 5778/5229/4646 1113/5230/4646
f 1113/5230/4647 5778/5229/4647 5779/5222/4647 1114/562/4647
f 2413/5226/4648 2412/5231/4648 5780/5232/4648 5777/5227/4648
f 5777/5227/4649 5780/5232/4649 5781/5233/4649 5778/5229/4649
f 5778/5229/4650 5781/5233/4650 5782/5224/4650 5779/5222/4650
f 2412/5231/4651 2411/640/4651 5783/5234/4651 5780/5232/4651
f 5780/5232/4652 5783/5234/4652 5784/5235/4652 5781/5233/4652
f 5781/5233/4653 5784/5235/4653 5785/641/4653 5782/5224/4653
f 2411/640/4654 223/639/4654 1175/4984/4654 5783/5234/4654
f 5783/5234/4655 1175/4984/4655 1176/4986/4655 5784/5235/4655
f 5784/5235/4656 1176/4986/4656 1177/642/4656 5785/641/4656
f 1111/558/4657 5788/5236/4657 2413/5226/4657 203/559/4657
f 5788/5236/4658 5791/5237/4658 2412/5231/4658 2413/5226/4658
f 5791/5237/4659 5794/637/4659 2411/640/4659 2412/5231/4659
f 202/555/4660 2410/5238/4660 5786/5239/4660 1109/5240/4660
f 1109/5240/4661 5786/5239/4661 5787/5241/4661 1110/5242/4661
f 1110/5242/4662 5787/5241/4662 5788/5236/4662 1111/558/4662
f 2410/5238/4663 2409/5243/4663 5789/5244/4663 5786/5239/4663
f 5786/5239/4664 5789/5244/4664 5790/5245/4664 5787/5241/4664
f 5787/5241/4665 5790/5245/4665 5791/5237/4665 5788/5236/4665
f 2409/5243/4666 2408/636/4666 5792/5246/4666 5789/5244/4666
f 5789/5244/4667 5792/5246/4667 5793/5247/4667 5790/5245/4667
f 5790/5245/4668 5793/5247/4668 5794/637/4668 5791/5237/4668
f 2408/636/4669 222/635/4669 1172/4996/4669 5792/5246/4669
f 5792/5246/4670 1172/4996/4670 1173/4998/4670 5793/5247/4670
f 5793/5247/4671 1173/4998/4671 1174/638/4671 5794/637/4671
f 1108/554/4672 5797/5248/4672 2410/5238/4672 202/555/4672
f 5797/5248/4673 5800/5249/4673 2409/5243/4673 2410/5238/4673
f 5800/5249/4674 5803/633/4674 2408/636/4674 2409/5243/4674
f 201/551/4675 2407/5250/4675 5795/5251/4675 1106/5252/4675
f 1106/5252/4676 5795/5251/4676 5796/5253/4676 1107/5254/4676
f 1107/5254/4677 5796/5253/4677 5797/5248/4677 1108/554/4677
f 2407/5250/4678 2406/5255/4678 5798/5256/4678 5795/5251/4678
f 5795/5251/4679 5798/5256/4679 5799/5257/4679 5796/5253/4679
f 5796/5253/4680 5799/5257/4680 5800/5249/4680 5797/5248/4680
f 2406/5255/4681 2405/632/4681 5801/5258/4681 5798/5256/4681
f 5798/5256/4682 5801/5258/4682 5802/5259/4682 5799/5257/4682
f 5799/5257/4683 5802/5259/4683 5803/633/4683 5800/5249/4683
f 2405/632/4684 221/631/4684 1169/5008/4684 5801/5258/4684
f 5801/5258/4685 1169/5008/4685 1170/5010/4685 5802/5259/4685
f 5802/5259/4686 1170/5010/4686 1171/634/4686 5803/633/4686
f 1105/550/4687 5806/5260/4687 2407/5250/4687 201/551/4687
f 5806/5260/4688 5809/5261/4688 2406/5255/4688 2407/5250/4688
f 5809/5261/4689 5812/629/4689 2405/632/4689 2406/5255/4689
f 200/547/4690 2404/5262/4690 5804/5263/4690 1103/5264/4690
f 1103/5264/4691 5804/5263/4691 5805/5265/4691 1104/5266/4691
f 1104/5266/4692 5805/5265/4692 5806/5260/4692 1105/550/4692
f 2404/5262/4693 2403/5267/4693 5807/5268/4693 5804/5263/4693
f 5804/5263/4694 5807/5268/4694 5808/5269/4694 5805/5265/4694
f 5805/5265/4695 5808/5269/4695 5809/5261/4695 5806/5260/4695
f 2403/5267/4696 2402/628/4696 5810/5270/4696 5807/5268/4696
f 5807/5268/4697 5810/5270/4697 5811/5271/4697 5808/5269/4697
f 5808/5269/4698 5811/5271/4698 5812/629/4698 5809/5261/4698
f 2402/628/4699 220/627/4699 1166/5020/4699 5810/5270/4699
f 5810/5270/4700 1166/5020/4700 1167/5022/4700 5811/5271/4700
f 5811/5271/4701 1167/5022/4701 1168/630/4701 5812/629/4701
f 1102/546/4702 5815/5272/4702 2404/5262/4702 200/547/4702
f 5815/5272/4703 5818/5273/4703 2403/5267/4703 2404/5262/4703
f 5818/5273/4704 5821/625/4704 2402/628/4704 2403/5267/4704
f 199/543/4705 2401/5274/4705 5813/5275/4705 1100/5276/4705
f 1100/5276/4706 5813/5275/4706 5814/5277/4706 1101/5278/4706
f 1101/5278/4707 5814/5277/4707 5815/5272/4707 1102/546/4707
f 2401/5274/4708 2400/5279/4708 5816/5280/4708 5813/5275/4708
f 5813/5275/4709 5816/5280/4709 5817/5281/4709 5814/5277/4709
f 5814/5277/4710 5817/5281/4710 5818/5273/4710 5815/5272/4710
f 2400/5279/4711 2399/624/4711 5819/5282/4711 5816/5280/4711
f 5816/5280/4712 5819/5282/4712 5820/5283/4712 5817/5281/4712
f 5817/5281/4713 5820/5283/4713 5821/625/4713 5818/5273/4713
f 2399/624/4714 219/623/4714 1163/5032/4714 5819/5282/4714
f 5819/5282/4715 1163/5032/4715 1164/5034/4715 5820/5283/4715
f 5820/5283/4716 1164/5034/4716 1165/626/4716 5821/625/4716
f 1099/542/4717 5824/5284/4717 2401/5274/4717 199/543/4717
f 5824/5284/4718 5827/5285/4718 2400/5279/4718 2401/5274/4718
f 5827/5285/4719 5830/621/4719 2399/624/4719 2400/5279/4719
f 198/539/4720 2398/5286/4720 5822/5287/4720 1097/5288/4720
f 1097/5288/4721 5822/5287/4721 5823/5289/4721 1098/5290/4721
f 1098/5290/4722 5823/5289/4722 5824/5284/4722 1099/542/4722
f 2398/5286/4723 2397/5291/4723 5825/5292/4723 5822/5287/4723
f 5822/5287/4724 5825/5292/4724 5826/5293/4724 5823/5289/4724
f 5823/5289/4725 5826/5293/4725 5827/5285/4725 5824/5284/4725
f 2397/5291/4726 2396/620/4726 5828/5294/4726 5825/5292/4726
f 5825/5292/4727 5828/5294/4727 5829/5295/4727 5826/5293/4727
f 5826/5293/4728 5829/5295/4728 5830/621/4728 5827/5285/4728
f 2396/620/4729 218/619/4729 1160/5044/4729 5828/5294/4729
f 5828/5294/4730 1160/5044/4730 1161/5046/4730 5829/5295/4730
f 5829/5295/4731 1161/5046/4731 1162/622/4731 5830/621/4731
f 1096/538/4732 5833/5296/4732 2398/5286/4732 198/539/4732
f 5833/5296/4733 5836/5297/4733 2397/5291/4733 2398/5286/4733
f 5836/5297/4734 5839/617/4734 2396/620/4734 2397/5291/4734
f 197/535/4735 2395/5298/4735 5831/5299/4735 1094/5300/4735
f 1094/5300/4736 5831/5299/4736 5832/5301/4736 1095/5302/4736
f 1095/5302/4737 5832/5301/4737 5833/5296/4737 1096/538/4737
f 2395/5298/4738 2394/5303/4738 5834/5304/4738 5831/5299/4738
f 5831/5299/4739 5834/5304/4739 5835/5305/4739 5832/5301/4739
f 5832/5301/4740 5835/5305/4740 5836/5297/4740 5833/5296/4740
f 2394/5303/4741 2393/616/4741 5837/5306/4741 5834/5304/4741
f 5834/5304/4742 5837/5306/4742 5838/5307/4742 5835/5305/4742
f 5835/5305/4743 5838/5307/4743 5839/617/4743 5836/5297/4743
f 2393/616/4744 217/615/4744 1157/5056/4744 5837/5306/4744
f 5837/5306/4745 1157/5056/4745 1158/5058/4745 5838/5307/4745
f 5838/5307/4746 1158/5058/4746 1159/618/4746 5839/617/4746
f 1093/534/4747 5842/5308/4747 2395/5298/4747 197/535/4747
f 5842/5308/4748 5845/5309/4748 2394/5303/4748 2395/5298/4748
f 5845/5309/4749 5848/613/4749 2393/616/4749 2394/5303/4749
f 196/531/4750 2392/5310/4750 5840/5311/4750 1091/5312/4750
f 1091/5312/4751 5840/5311/4751 5841/5313/4751 1092/5314/4751
f 1092/5314/4752 5841/5313/4752 5842/5308/4752 1093/534/4752
f 2392/5310/4753 2391/5315/4753 5843/5316/4753 5840/5311/4753
f 5840/5311/4754 5843/5316/4754 5844/5317/4754 5841/5313/4754
f 5841/5313/4755 5844/5317/4755 5845/5309/4755 5842/5308/4755
f 2391/5315/4756 2390/612/4756 5846/5318/4756 5843/5316/4756
f 5843/5316/4757 5846/5318/4757 5847/5319/4757 5844/5317/4757
f 5844/5317/4758 5847/5319/4758 5848/613/4758 5845/5309/4758
f 2390/612/4759 216/611/4759 1154/5068/4759 5846/5318/4759
f 5846/5318/4760 1154/5068/4760 1155/5070/4760 5847/5319/4760
f 5847/5319/4761 1155/5070/4761 1156/614/4761 5848/613/4761
f 1090/530/4762 5851/5320/4762 2392/5310/4762 196/531/4762
f 5851/5320/4763 5854/5321/4763 2391/5315/4763 2392/5310/4763
f 5854/5321/4764 5857/609/4764 2390/612/4764 2391/5315/4764
f 195/527/4765 2389/5322/4765 5849/5323/4765 1088/5324/4765
f 1088/5324/4766 5849/5323/4766 5850/5325/4766 1089/5326/4766
f 1089/5326/4767 5850/5325/4767 5851/5320/4767 1090/530/4767
f 2389/5322/4768 2388/5327/4768 5852/5328/4768 5849/5323/4768
f 5849/5323/4769 5852/5328/4769 5853/5329/4769 5850/5325/4769
f 5850/5325/4770 5853/5329/4770 5854/5321/4770 5851/5320/4770
f 2388/5327/4771 2387/608/4771 5855/5330/4771 5852/5328/4771
f 5852/5328/4772 5855/5330/4772 5856/5331/4772 5853/5329/4772
f 5853/5329/4773 5856/5331/4773 5857/609/4773 5854/5321/4773
f 2387/608/4774 215/607/4774 1151/5080/4774 5855/5330/4774
f 5855/5330/4775 1151/5080/4775 1152/5082/4775 5856/5331/4775
f 5856/5331/4776 1152/5082/4776 1153/610/4776 5857/609/4776
f 1087/526/4777 5860/5332/4777 2389/5322/4777 195/527/4777
f 5860/5332/4778 5863/5333/4778 2388/5327/4778 2389/5322/4778
f 5863/5333/4779 5866/605/4779 2387/608/4779 2388/5327/4779
f 194/523/4780 2386/5334/4780 5858/5335/4780 1085/5336/4780
f 1085/5336/4781 5858/5335/4781 5859/5337/4781 1086/5338/4781
f 1086/5338/4782 5859/5337/4782 5860/5332/4782 1087/526/4782
f 2386/5334/4783 2385/5339/4783 5861/5340/4783 5858/5335/4783
f 5858/5335/4784 5861/5340/4784 5862/5341/4784 5859/5337/4784
f 5859/5337/4785 5862/5341/4785 5863/5333/4785 5860/5332/4785
f 2385/5339/4786 2384/604/4786 5864/5342/4786 5861/5340/4786
f 5861/5340/4787 5864/5342/4787 5865/5343/4787 5862/5341/4787
f 5862/5341/4788 5865/5343/4788 5866/605/4788 5863/5333/4788
f 2384/604/4789 214/603/4789 1148/5092/4789 5864/5342/4789
f 5864/5342/4790 1148/5092/4790 1149/5094/4790 5865/5343/4790
f 5865/5343/4791 1149/5094/4791 1150/606/4791 5866/605/4791
f 1084/522/4792 5869/5344/4792 2386/5334/4792 194/523/4792
f 5869/5344/4793 5872/5345/4793 2385/5339/4793 2386/5334/4793
f 5872/5345/4794 5875/601/4794 2384/604/4794 2385/5339/4794
f 193/519/4795 2383/5346/4795 5867/5347/4795 1082/5348/4795
f 1082/5348/4796 5867/5347/4796 5868/5349/4796 1083/5350/4796
f 1083/5350/4797 5868/5349/4797 5869/5344/4797 1084/522/4797
f 2383/5346/4798 2382/5351/4798 5870/5352/4798 5867/5347/4798
f 5867/5347/4799 5870/5352/4799 5871/5353/4799 5868/5349/4799
f 5868/5349/4800 5871/5353/4800 5872/5345/4800 5869/5344/4800
f 2382/5351/4801 2381/600/4801 5873/5354/4801 5870/5352/4801
f 5870/5352/4802 5873/5354/4802 5874/5355/4802 5871/5353/4802
f 5871/5353/4803 5874/5355/4803 5875/601/4803 5872/5345/4803
f 2381/600/4804 213/599/4804 1145/5104/4804 5873/5354/4804
f 5873/5354/4805 1145/5104/4805 1146/5106/4805 5874/5355/4805
f 5874/5355/4806 1146/5106/4806 1147/602/4806 5875/601/4806
f 1081/518/4807 5878/5356/4807 2383/5346/4807 193/519/4807
f 5878/5356/4808 5881/5357/4808 2382/5351/4808 2383/5346/4808
f 5881/5357/4809 5884/597/4809 2381/600/4809 2382/5351/4809
f 192/515/4810 2380/5358/4810 5876/5359/4810 1079/5360/4810
f 1079/5360/4811 5876/5359/4811 5877/5361/4811 1080/5362/4811
f 1080/5362/4812 5877/5361/4812 5878/5356/4812 1081/518/4812
f 2380/5358/4813 2379/5363/4813 5879/5364/4813 5876/5359/4813
f 5876/5359/4814 5879/5364/4814 5880/5365/4814 5877/5361/4814
f 5877/5361/4815 5880/5365/4815 5881/5357/4815 5878/5356/4815
f 2379/5363/4816 2378/596/4816 5882/5366/4816 5879/5364/4816
f 5879/5364/4817 5882/5366/4817 5883/5367/4817 5880/5365/4817
f 5880/5365/4818 5883/5367/4818 5884/597/4818 5881/5357/4818
f 2378/596/4819 212/595/4819 1142/5116/4819 5882/5366/4819
f 5882/5366/4820 1142/5116/4820 1143/5118/4820 5883/5367/4820
f 5883/5367/4821 1143/5118/4821 1144/598/4821 5884/597/4821
f 1078/514/4822 5887/5368/4822 2380/5358/4822 192/515/4822
f 5887/5368/4823 5890/5369/4823 2379/5363/4823 2380/5358/4823
f 5890/5369/4824 5893/593/4824 2378/596/4824 2379/5363/4824
f 191/511/4825 2377/5370/4825 5885/5371/4825 1076/5372/4825
f 1076/5372/4826 5885/5371/4826 5886/5373/4826 1077/5374/4826
f 1077/5374/4827 5886/5373/4827 5887/5368/4827 1078/514/4827
f 2377/5370/4828 2376/5375/4828 5888/5376/4828 5885/5371/4828
f 5885/5371/4829 5888/5376/4829 5889/5377/4829 5886/5373/4829
f 5886/5373/4830 5889/5377/4830 5890/5369/4830 5887/5368/4830
f 2376/5375/4831 2375/592/4831 5891/5378/4831 5888/5376/4831
f 5888/5376/4832 5891/5378/4832 5892/5379/4832 5889/5377/4832
f 5889/5377/4833 5892/5379/4833 5893/593/4833 5890/5369/4833
f 2375/592/4834 211/591/4834 1139/5128/4834 5891/5378/4834
f 5891/5378/4835 1139/5128/4835 1140/5130/4835 5892/5379/4835
f 5892/5379/4836 1140/5130/4836 1141/594/4836 5893/593/4836
f 1075/510/4837 5896/5380/4837 2377/5370/4837 191/511/4837
f 5896/5380/4838 5899/5381/4838 2376/5375/4838 2377/5370/4838
f 5899/5381/4839 5902/589/4839 2375/592/4839 2376/5375/4839
f 190/507/4840 2374/5382/4840 5894/5383/4840 1073/5384/4840
f 1073/5384/4841 5894/5383/4841 5895/5385/4841 1074/5386/4841
f 1074/5386/4842 5895/5385/4842 5896/5380/4842 1075/510/4842
f 2374/5382/4843 2373/5387/4843 5897/5388/4843 5894/5383/4843
f 5894/5383/4844 5897/5388/4844 5898/5389/4844 5895/5385/4844
f 5895/5385/4845 5898/5389/4845 5899/5381/4845 5896/5380/4845
f 2373/5387/4846 2372/588/4846 5900/5390/4846 5897/5388/4846
f 5897/5388/4847 5900/5390/4847 5901/5391/4847 5898/5389/4847
f 5898/5389/4848 5901/5391/4848 5902/589/4848 5899/5381/4848
f 2372/588/4849 210/587/4849 1136/5140/4849 5900/5390/4849
f 5900/5390/4850 1136/5140/4850 1137/5142/4850 5901/5391/4850
f 5901/5391/4851 1137/5142/4851 1138/590/4851 5902/589/4851
f 1072/506/4852 5905/5392/4852 2374/5382/4852 190/507/4852
f 5905/5392/4853 5908/5393/4853 2373/5387/4853 2374/5382/4853
f 5908/5393/4854 5911/585/4854 2372/588/4854 2373/5387/4854
f 189/503/4855 2371/5394/4855 5903/5395/4855 1070/5396/4855
f 1070/5396/4856 5903/5395/4856 5904/5397/4856 1071/5398/4856
f 1071/5398/4857 5904/5397/4857 5905/5392/4857 1072/506/4857
f 2371/5394/4858 2370/5399/4858 5906/5400/4858 5903/5395/4858
f 5903/5395/4859 5906/5400/4859 5907/5401/4859 5904/5397/4859
f 5904/5397/4860 5907/5401/4860 5908/5393/4860 5905/5392/4860
f 2370/5399/4861 2369/584/4861 5909/5402/4861 5906/5400/4861
f 5906/5400/4862 5909/5402/4862 5910/5403/4862 5907/5401/4862
f 5907/5401/4863 5910/5403/4863 5911/585/4863 5908/5393/4863
f 2369/584/4864 209/583/4864 1133/5152/4864 5909/5402/4864
f 5909/5402/4865 1133/5152/4865 1134/5154/4865 5910/5403/4865
f 5910/5403/4866 1134/5154/4866 1135/586/4866 5911/585/4866
f 1069/502/4867 5914/5404/4867 2371/5394/4867 189/503/4867
f 5914/5404/4868 5917/5405/4868 2370/5399/4868 2371/5394/4868
f 5917/5405/4869 5920/581/4869 2369/584/4869 2370/5399/4869
f 188/499/4870 2368/5406/4870 5912/5407/4870 1067/5408/4870
f 1067/5408/4871 5912/5407/4871 5913/5409/4871 1068/5410/4871
f 1068/5410/4872 5913/5409/4872 5914/5404/4872 1069/502/4872
f 2368/5406/4873 2367/5411/4873 5915/5412/4873 5912/5407/4873
f 5912/5407/4874 5915/5412/4874 5916/5413/4874 5913/5409/4874
f 5913/5409/4875 5916/5413/4875 5917/5405/4875 5914/5404/4875
f 2367/5411/4876 2366/580/4876 5918/5414/4876 5915/5412/4876
f 5915/5412/4877 5918/5414/4877 5919/5415/4877 5916/5413/4877
f 5916/5413/4878 5919/5415/4878 5920/581/4878 5917/5405/4878
f 2366/580/4879 208/579/4879 1130/5164/4879 5918/5414/4879
f 5918/5414/4880 1130/5164/4880 1131/5166/4880 5919/5415/4880
f 5919/5415/4881 1131/5166/4881 1132/582/4881 5920/581/4881
f 1066/498/4882 5923/5416/4882 2368/5406/4882 188/499/4882
f 5923/5416/4883 5926/5417/4883 2367/5411/4883 2368/5406/4883
f 5926/5417/4884 5929/577/4884 2366/580/4884 2367/5411/4884
f 187/495/4885 2365/5418/4885 5921/5419/4885 1064/5420/4885
f 1064/5420/4886 5921/5419/4886 5922/5421/4886 1065/5422/4886
f 1065/5422/4887 5922/5421/4887 5923/5416/4887 1066/498/4887
f 2365/5418/4888 2364/5423/4888 5924/5424/4888 5921/5419/4888
f 5921/5419/4889 5924/5424/4889 5925/5425/4889 5922/5421/4889
f 5922/5421/4890 5925/5425/4890 5926/5417/4890 5923/5416/4890
f 2364/5423/4891 2363/576/4891 5927/5426/4891 5924/5424/4891
f 5924/5424/4892 5927/5426/4892 5928/5427/4892 5925/5425/4892
f 5925/5425/4893 5928/5427/4893 5929/577/4893 5926/5417/4893
f 2363/576/4894 207/575/4894 1127/5176/4894 5927/5426/4894
f 5927/5426/4895 1127/5176/4895 1128/5178/4895 5928/5427/4895
f 5928/5427/4896 1128/5178/4896 1129/578/4896 5929/577/4896
f 1063/494/4897 5932/5428/4897 2365/5418/4897 187/495/4897
f 5932/5428/4898 5935/5429/4898 2364/5423/4898 2365/5418/4898
f 5935/5429/4899 5938/573/4899 2363/576/4899 2364/5423/4899
f 186/491/4900 2362/5430/4900 5930/5431/4900 1061/5432/4900
f 1061/5432/4901 5930/5431/4901 5931/5433/4901 1062/5434/4901
f 1062/5434/4902 5931/5433/4902 5932/5428/4902 1063/494/4902
f 2362/5430/4903 2361/5435/4903 5933/5436/4903 5930/5431/4903
f 5930/5431/4904 5933/5436/4904 5934/5437/4904 5931/5433/4904
f 5931/5433/4905 5934/5437/4905 5935/5429/4905 5932/5428/4905
f 2361/5435/4906 2360/572/4906 5936/5438/4906 5933/5436/4906
f 5933/5436/4907 5936/5438/4907 5937/5439/4907 5934/5437/4907
f 5934/5437/4908 5937/5439/4908 5938/573/4908 5935/5429/4908
f 2360/572/4909 206/571/4909 1124/5188/4909 5936/5438/4909
f 5936/5438/4910 1124/5188/4910 1125/5190/4910 5937/5439/4910
f 5937/5439/4911 1125/5190/4911 1126/574/4911 5938/573/4911
f 1060/490/4912 5941/5440/4912 2362/5430/4912 186/491/4912
f 5941/5440/4913 5944/5441/4913 2361/5435/4913 2362/5430/4913
f 5944/5441/4914 5947/569/4914 2360/572/4914 2361/5435/4914
f 185/487/4915 2359/5442/4915 5939/5443/4915 1058/5444/4915
f 1058/5444/4916 5939/5443/4916 5940/5445/4916 1059/5446/4916
f 1059/5446/4917 5940/5445/4917 5941/5440/4917 1060/490/4917
f 2359/5442/4918 2358/5447/4918 5942/5448/4918 5939/5443/4918
f 5939/5443/4919 5942/5448/4919 5943/5449/4919 5940/5445/4919
f 5940/5445/4920 5943/5449/4920 5944/5441/4920 5941/5440/4920
f 2358/5447/4921 2357/568/4921 5945/5450/4921 5942/5448/4921
f 5942/5448/4922 5945/5450/4922 5946/5451/4922 5943/5449/4922
f 5943/5449/4923 5946/5451/4923 5947/569/4923 5944/5441/4923
f 2357/568/4924 205/567/4924 1121/5200/4924 5945/5450/4924
f 5945/5450/4925 1121/5200/4925 1122/5202/4925 5946/5451/4925
f 5946/5451/4926 1122/5202/4926 1123/570/4926 5947/569/4926
f 1057/486/4927 5950/5452/4927 2359/5442/4927 185/487/4927
f 5950/5452/4928 5953/5453/4928 2358/5447/4928 2359/5442/4928
f 5953/5453/4929 5956/565/4929 2357/568/4929 2358/5447/4929
f 30/5454/4930 575/5455/4930 5948/5456/4930 1055/5457/4930
f 1055/5457/4931 5948/5456/4931 5949/5458/4931 1056/5459/4931
f 1056/5459/4932 5949/5458/4932 5950/5452/4932 1057/486/4932
f 575/5455/4933 576/5460/4933 5951/5461/4933 5948/5456/4933
f 5948/5456/4934 5951/5461/4934 5952/5462/4934 5949/5458/4934
f 5949/5458/4935 5952/5462/4935 5953/5453/4935 5950/5452/4935
f 576/5460/4936 577/5463/4936 5954/5464/4936 5951/5461/4936
f 5951/5461/4937 5954/5464/4937 5955/5465/4937 5952/5462/4937
f 5952/5462/4938 5955/5465/4938 5956/565/4938 5953/5453/4938
f 577/5463/4939 31/5210/4939 1118/5213/4939 5954/5464/4939
f 5954/5464/4940 1118/5213/4940 1119/5215/4940 5955/5465/4940
f 5955/5465/4941 1119/5215/4941 1120/566/4941 5956/565/4941
f 1051/482/4942 5959/5466/4942 2356/5467/4942 184/483/4942
f 5959/5466/4943 5962/5468/4943 2355/5469/4943 2356/5467/4943
f 5962/5468/4944 5965/561/4944 2354/564/4944 2355/5469/4944
f 183/479/4945 2353/5470/4945 5957/5471/4945 1049/5472/4945
f 1049/5472/4946 5957/5471/4946 5958/5473/4946 1050/5474/4946
f 1050/5474/4947 5958/5473/4947 5959/5466/4947 1051/482/4947
f 2353/5470/4948 2352/5475/4948 5960/5476/4948 5957/5471/4948
f 5957/5471/4949 5960/5476/4949 5961/5477/4949 5958/5473/4949
f 5958/5473/4950 5961/5477/4950 5962/5468/4950 5959/5466/4950
f 2352/5475/4951 2351/560/4951 5963/5478/4951 5960/5476/4951
f 5960/5476/4952 5963/5478/4952 5964/5479/4952 5961/5477/4952
f 5961/5477/4953 5964/5479/4953 5965/561/4953 5962/5468/4953
f 2351/560/4954 203/559/4954 1112/5228/4954 5963/5478/4954
f 5963/5478/4955 1112/5228/4955 1113/5230/4955 5964/5479/4955
f 5964/5479/4956 1113/5230/4956 1114/562/4956 5965/561/4956
f 1048/478/4957 5968/5480/4957 2353/5470/4957 183/479/4957
f 5968/5480/4958 5971/5481/4958 2352/5475/4958 2353/5470/4958
f 5971/5481/4959 5974/557/4959 2351/560/4959 2352/5475/4959
f 182/475/4960 2350/5482/4960 5966/5483/4960 1046/5484/4960
f 1046/5484/4961 5966/5483/4961 5967/5485/4961 1047/5486/4961
f 1047/5486/4962 5967/5485/4962 5968/5480/4962 1048/478/4962
f 2350/5482/4963 2349/5487/4963 5969/5488/4963 5966/5483/4963
f 5966/5483/4964 5969/5488/4964 5970/5489/4964 5967/5485/4964
f 5967/5485/4965 5970/5489/4965 5971/5481/4965 5968/5480/4965
f 2349/5487/4966 2348/556/4966 5972/5490/4966 5969/5488/4966
f 5969/5488/4967 5972/5490/4967 5973/5491/4967 5970/5489/4967
f 5970/5489/4968 5973/5491/4968 5974/557/4968 5971/5481/4968
f 2348/556/4969 202/555/4969 1109/5240/4969 5972/5490/4969
f 5972/5490/4970 1109/5240/4970 1110/5242/4970 5973/5491/4970
f 5973/5491/4971 1110/5242/4971 1111/558/4971 5974/557/4971
f 1045/474/4972 5977/5492/4972 2350/5482/4972 182/475/4972
f 5977/5492/4973 5980/5493/4973 2349/5487/4973 2350/5482/4973
f 5980/5493/4974 5983/553/4974 2348/556/4974 2349/5487/4974
f 181/471/4975 2347/5494/4975 5975/5495/4975 1043/5496/4975
f 1043/5496/4976 5975/5495/4976 5976/5497/4976 1044/5498/4976
f 1044/5498/4977 5976/5497/4977 5977/5492/4977 1045/474/4977
f 2347/5494/4978 2346/5499/4978 5978/5500/4978 5975/5495/4978
f 5975/5495/4979 5978/5500/4979 5979/5501/4979 5976/5497/4979
f 5976/5497/4980 5979/5501/4980 5980/5493/4980 5977/5492/4980
f 2346/5499/4981 2345/552/4981 5981/5502/4981 5978/5500/4981
f 5978/5500/4982 5981/5502/4982 5982/5503/4982 5979/5501/4982
f 5979/5501/4983 5982/5503/4983 5983/553/4983 5980/5493/4983
f 2345/552/4984 201/551/4984 1106/5252/4984 5981/5502/4984
f 5981/5502/4985 1106/5252/4985 1107/5254/4985 5982/5503/4985
f 5982/5503/4986 1107/5254/4986 1108/554/4986 5983/553/4986
f 1042/470/4987 5986/5504/4987 2347/5494/4987 181/471/4987
f 5986/5504/4988 5989/5505/4988 2346/5499/4988 2347/5494/4988
f 5989/5505/4989 5992/549/4989 2345/552/4989 2346/5499/4989
f 180/467/4990 2344/5506/4990 5984/5507/4990 1040/5508/4990
f 1040/5508/4991 5984/5507/4991 5985/5509/4991 1041/5510/4991
f 1041/5510/4992 5985/5509/4992 5986/5504/4992 1042/470/4992
f 2344/5506/4993 2343/5511/4993 5987/5512/4993 5984/5507/4993
f 5984/5507/4994 5987/5512/4994 5988/5513/4994 5985/5509/4994
f 5985/5509/4995 5988/5513/4995 5989/5505/4995 5986/5504/4995
f 2343/5511/4996 2342/548/4996 5990/5514/4996 5987/5512/4996
f 5987/5512/4997 5990/5514/4997 5991/5515/4997 5988/5513/4997
f 5988/5513/4998 5991/5515/4998 5992/549/4998 5989/5505/4998
f 2342/548/4999 200/547/4999 1103/5264/4999 5990/5514/4999
f 5990/5514/5000 1103/5264/5000 1104/5266/5000 5991/5515/5000
f 5991/5515/5001 1104/5266/5001 1105/550/5001 5992/549/5001
f 1039/466/5002 5995/5516/5002 2344/5506/5002 180/467/5002
f 5995/5516/5003 5998/5517/5003 2343/5511/5003 2344/5506/5003
f 5998/5517/5004 6001/545/5004 2342/548/5004 2343/5511/5004
f 179/463/5005 2341/5518/5005 5993/5519/5005 1037/5520/5005
f 1037/5520/5006 5993/5519/5006 5994/5521/5006 1038/5522/5006
f 1038/5522/5007 5994/5521/5007 5995/5516/5007 1039/466/5007
f 2341/5518/5008 2340/5523/5008 5996/5524/5008 5993/5519/5008
f 5993/5519/5009 5996/5524/5009 5997/5525/5009 5994/5521/5009
f 5994/5521/5010 5997/5525/5010 5998/5517/5010 5995/5516/5010
f 2340/5523/5011 2339/544/5011 5999/5526/5011 5996/5524/5011
f 5996/5524/5012 5999/5526/5012 6000/5527/5012 5997/5525/5012
f 5997/5525/5013 6000/5527/5013 6001/545/5013 5998/5517/5013
f 2339/544/5014 199/543/5014 1100/5276/5014 5999/5526/5014
f 5999/5526/5015 1100/5276/5015 1101/5278/5015 6000/5527/5015
f 6000/5527/5016 1101/5278/5016 1102/546/5016 6001/545/5016
f 1036/462/5017 6004/5528/5017 2341/5518/5017 179/463/5017
f 6004/5528/5018 6007/5529/5018 2340/5523/5018 2341/5518/5018
f 6007/5529/5019 6010/541/5019 2339/544/5019 2340/5523/5019
f 178/459/5020 2338/5530/5020 6002/5531/5020 1034/5532/5020
f 1034/5532/5021 6002/5531/5021 6003/5533/5021 1035/5534/5021
f 1035/5534/5022 6003/5533/5022 6004/5528/5022 1036/462/5022
f 2338/5530/5023 2337/5535/5023 6005/5536/5023 6002/5531/5023
f 6002/5531/5024 6005/5536/5024 6006/5537/5024 6003/5533/5024
f 6003/5533/5025 6006/5537/5025 6007/5529/5025 6004/5528/5025
f 2337/5535/5026 2336/540/5026 6008/5538/5026 6005/5536/5026
f 6005/5536/5027 6008/5538/5027 6009/5539/5027 6006/5537/5027
f 6006/5537/5028 6009/5539/5028 6010/541/5028 6007/5529/5028
f 2336/540/5029 198/539/5029 1097/5288/5029 6008/5538/5029
f 6008/5538/5030 1097/5288/5030 1098/5290/5030 6009/5539/5030
f 6009/5539/5031 1098/5290/5031 1099/542/5031 6010/541/5031
f 1033/458/5032 6013/5540/5032 2338/5530/5032 178/459/5032
f 6013/5540/5033 6016/5541/5033 2337/5535/5033 2338/5530/5033
f 6016/5541/5034 6019/537/5034 2336/540/5034 2337/5535/5034
f 177/455/5035 2335/5542/5035 6011/5543/5035 1031/5544/5035
f 1031/5544/5036 6011/5543/5036 6012/5545/5036 1032/5546/5036
f 1032/5546/5037 6012/5545/5037 6013/5540/5037 1033/458/5037
f 2335/5542/5038 2334/5547/5038 6014/5548/5038 6011/5543/5038
f 6011/5543/5039 6014/5548/5039 6015/5549/5039 6012/5545/5039
f 6012/5545/5040 6015/5549/5040 6016/5541/5040 6013/5540/5040
f 2334/5547/5041 2333/536/5041 6017/5550/5041 6014/5548/5041
f 6014/5548/5042 6017/5550/5042 6018/5551/5042 6015/5549/5042
f 6015/5549/5043 6018/5551/5043 6019/537/5043 6016/5541/5043
f 2333/536/5044 197/535/5044 1094/5300/5044 6017/5550/5044
f 6017/5550/5045 1094/5300/5045 1095/5302/5045 6018/5551/5045
f 6018/5551/5046 1095/5302/5046 1096/538/5046 6019/537/5046
f 1030/454/5047 6022/5552/5047 2335/5542/5047 177/455/5047
f 6022/5552/5048 6025/5553/5048 2334/5547/5048 2335/5542/5048
f 6025/5553/5049 6028/533/5049 2333/536/5049 2334/5547/5049
f 176/451/5050 2332/5554/5050 6020/5555/5050 1028/5556/5050
f 1028/5556/5051 6020/5555/5051 6021/5557/5051 1029/5558/5051
f 1029/5558/5052 6021/5557/5052 6022/5552/5052 1030/454/5052
f 2332/5554/5053 2331/5559/5053 6023/5560/5053 6020/5555/5053
f 6020/5555/5054 6023/5560/5054 6024/5561/5054 6021/5557/5054
f 6021/5557/5055 6024/5561/5055 6025/5553/5055 6022/5552/5055
f 2331/5559/5056 2330/532/5056 6026/5562/5056 6023/5560/5056
f 6023/5560/5057 6026/5562/5057 6027/5563/5057 6024/5561/5057
f 6024/5561/5058 6027/5563/5058 6028/533/5058 6025/5553/5058
f 2330/532/5059 196/531/5059 1091/5312/5059 6026/5562/5059
f 6026/5562/5060 1091/5312/5060 1092/5314/5060 6027/5563/5060
f 6027/5563/5061 1092/5314/5061 1093/534/5061 6028/533/5061
f 1027/450/5062 6031/5564/5062 2332/5554/5062 176/451/5062
f 6031/5564/5063 6034/5565/5063 2331/5559/5063 2332/5554/5063
f 6034/5565/5064 6037/529/5064 2330/532/5064 2331/5559/5064
f 175/447/5065 2329/5566/5065 6029/5567/5065 1025/5568/5065
f 1025/5568/5066 6029/5567/5066 6030/5569/5066 1026/5570/5066
f 1026/5570/5067 6030/5569/5067 6031/5564/5067 1027/450/5067
f 2329/5566/5068 2328/5571/5068 6032/5572/5068 6029/5567/5068
f 6029/5567/5069 6032/5572/5069 6033/5573/5069 6030/5569/5069
f 6030/5569/5070 6033/5573/5070 6034/5565/5070 6031/5564/5070
f 2328/5571/5071 2327/528/5071 6035/5574/5071 6032/5572/5071
f 6032/5572/5072 6035/5574/5072 6036/5575/5072 6033/5573/5072
f 6033/5573/5073 6036/5575/5073 6037/529/5073 6034/5565/5073
f 2327/528/5074 195/527/5074 1088/5324/5074 6035/5574/5074
f 6035/5574/5075 1088/5324/5075 1089/5326/5075 6036/5575/5075
f 6036/5575/5076 1089/5326/5076 1090/530/5076 6037/529/5076
f 1024/446/5077 6040/5576/5077 2329/5566/5077 175/447/5077
f 6040/5576/5078 6043/5577/5078 2328/5571/5078 2329/5566/5078
f 6043/5577/5079 6046/525/5079 2327/528/5079 2328/5571/5079
f 174/443/5080 2326/5578/5080 6038/5579/5080 1022/5580/5080
f 1022/5580/5081 6038/5579/5081 6039/5581/5081 1023/5582/5081
f 1023/5582/5082 6039/5581/5082 6040/5576/5082 1024/446/5082
f 2326/5578/5083 2325/5583/5083 6041/5584/5083 6038/5579/5083
f 6038/5579/5084 6041/5584/5084 6042/5585/5084 6039/5581/5084
f 6039/5581/5085 6042/5585/5085 6043/5577/5085 6040/5576/5085
f 2325/5583/5086 2324/524/5086 6044/5586/5086 6041/5584/5086
f 6041/5584/5087 6044/5586/5087 6045/5587/5087 6042/5585/5087
f 6042/5585/5088 6045/5587/5088 6046/525/5088 6043/5577/5088
f 2324/524/5089 194/523/5089 1085/5336/5089 6044/5586/5089
f 6044/5586/5090 1085/5336/5090 1086/5338/5090 6045/5587/5090
f 6045/5587/5091 1086/5338/5091 1087/526/5091 6046/525/5091
f 1021/442/5092 6049/5588/5092 2326/5578/5092 174/443/5092
f 6049/5588/5093 6052/5589/5093 2325/5583/5093 2326/5578/5093
f 6052/5589/5094 6055/521/5094 2324/524/5094 2325/5583/5094
f 173/439/5095 2323/5590/5095 6047/5591/5095 1019/5592/5095
f 1019/5592/5096 6047/5591/5096 6048/5593/5096 1020/5594/5096
f 1020/5594/5097 6048/5593/5097 6049/5588/5097 1021/442/5097
f 2323/5590/5098 2322/5595/5098 6050/5596/5098 6047/5591/5098
f 6047/5591/5099 6050/5596/5099 6051/5597/5099 6048/5593/5099
f 6048/5593/5100 6051/5597/5100 6052/5589/5100 6049/5588/5100
f 2322/5595/5101 2321/520/5101 6053/5598/5101 6050/5596/5101
f 6050/5596/5102 6053/5598/5102 6054/5599/5102 6051/5597/5102
f 6051/5597/5103 6054/5599/5103 6055/521/5103 6052/5589/5103
f 2321/520/5104 193/519/5104 1082/5348/5104 6053/5598/5104
f 6053/5598/5105 1082/5348/5105 1083/5350/5105 6054/5599/5105
f 6054/5599/5106 1083/5350/5106 1084/522/5106 6055/521/5106
f 1018/438/5107 6058/5600/5107 2323/5590/5107 173/439/5107
f 6058/5600/5108 6061/5601/5108 2322/5595/5108 2323/5590/5108
f 6061/5601/5109 6064/517/5109 2321/520/5109 2322/5595/5109
f 172/435/5110 2320/5602/5110 6056/5603/5110 1016/5604/5110
f 1016/5604/5111 6056/5603/5111 6057/5605/5111 1017/5606/5111
f 1017/5606/5112 6057/5605/5112 6058/5600/5112 1018/438/5112
f 2320/5602/5113 2319/5607/5113 6059/5608/5113 6056/5603/5113
f 6056/5603/5114 6059/5608/5114 6060/5609/5114 6057/5605/5114
f 6057/5605/5115 6060/5609/5115 6061/5601/5115 6058/5600/5115
f 2319/5607/5116 2318/516/5116 6062/5610/5116 6059/5608/5116
f 6059/5608/5117 6062/5610/5117 6063/5611/5117 6060/5609/5117
f 6060/5609/5118 6063/5611/5118 6064/517/5118 6061/5601/5118
f 2318/516/5119 192/515/5119 1079/5360/5119 6062/5610/5119
f 6062/5610/5120 1079/5360/5120 1080/5362/5120 6063/5611/5120
f 6063/5611/5121 1080/5362/5121 1081/518/5121 6064/517/5121
f 1015/434/5122 6067/5612/5122 2320/5602/5122 172/435/5122
f 6067/5612/5123 6070/5613/5123 2319/5607/5123 2320/5602/5123
f 6070/5613/5124 6073/513/5124 2318/516/5124 2319/5607/5124
f 171/431/5125 2317/5614/5125 6065/5615/5125 1013/5616/5125
f 1013/5616/5126 6065/5615/5126 6066/5617/5126 1014/5618/5126
f 1014/5618/5127 6066/5617/5127 6067/5612/5127 1015/434/5127
f 2317/5614/5128 2316/5619/5128 6068/5620/5128 6065/5615/5128
f 6065/5615/5129 6068/5620/5129 6069/5621/5129 6066/5617/5129
f 6066/5617/5130 6069/5621/5130 6070/5613/5130 6067/5612/5130
f 2316/5619/5131 2315/512/5131 6071/5622/5131 6068/5620/5131
f 6068/5620/5132 6071/5622/5132 6072/5623/5132 6069/5621/5132
f 6069/5621/5133 6072/5623/5133 6073/513/5133 6070/5613/5133
f 2315/512/5134 191/511/5134 1076/5372/5134 6071/5622/5134
f 6071/5622/5135 1076/5372/5135 1077/5374/5135 6072/5623/5135
f 6072/5623/5136 1077/5374/5136 1078/514/5136 6073/513/5136
f 1012/430/5137 6076/5624/5137 2317/5614/5137 171/431/5137
f 6076/5624/5138 6079/5625/5138 2316/5619/5138 2317/5614/5138
f 6079/5625/5139 6082/509/5139 2315/512/5139 2316/5619/5139
f 170/427/5140 2314/5626/5140 6074/5627/5140 1010/5628/5140
f 1010/5628/5141 6074/5627/5141 6075/5629/5141 1011/5630/5141
f 1011/5630/5142 6075/5629/5142 6076/5624/5142 1012/430/5142
f 2314/5626/5143 2313/5631/5143 6077/5632/5143 6074/5627/5143
f 6074/5627/5144 6077/5632/5144 6078/5633/5144 6075/5629/5144
f 6075/5629/5145 6078/5633/5145 6079/5625/5145 6076/5624/5145
f 2313/5631/5146 2312/508/5146 6080/5634/5146 6077/5632/5146
f 6077/5632/5147 6080/5634/5147 6081/5635/5147 6078/5633/5147
f 6078/5633/5148 6081/5635/5148 6082/509/5148 6079/5625/5148
f 2312/508/5149 190/507/5149 1073/5384/5149 6080/5634/5149
f 6080/5634/5150 1073/5384/5150 1074/5386/5150 6081/5635/5150
f 6081/5635/5151 1074/5386/5151 1075/510/5151 6082/509/5151
f 1009/426/5152 6085/5636/5152 2314/5626/5152 170/427/5152
f 6085/5636/5153 6088/5637/5153 2313/5631/5153 2314/5626/5153
f 6088/5637/5154 6091/505/5154 2312/508/5154 2313/5631/5154
f 169/423/5155 2311/5638/5155 6083/5639/5155 1007/5640/5155
f 1007/5640/5156 6083/5639/5156 6084/5641/5156 1008/5642/5156
f 1008/5642/5157 6084/5641/5157 6085/5636/5157 1009/426/5157
f 2311/5638/5158 2310/5643/5158 6086/5644/5158 6083/5639/5158
f 6083/5639/5159 6086/5644/5159 6087/5645/5159 6084/5641/5159
f 6084/5641/5160 6087/5645/5160 6088/5637/5160 6085/5636/5160
f 2310/5643/5161 2309/504/5161 6089/5646/5161 6086/5644/5161
f 6086/5644/5162 6089/5646/5162 6090/5647/5162 6087/5645/5162
f 6087/5645/5163 6090/5647/5163 6091/505/5163 6088/5637/5163
f 2309/504/5164 189/503/5164 1070/5396/5164 6089/5646/5164
f 6089/5646/5165 1070/5396/5165 1071/5398/5165 6090/5647/5165
f 6090/5647/5166 1071/5398/5166 1072/506/5166 6091/505/5166
f 1006/422/5167 6094/5648/5167 2311/5638/5167 169/423/5167
f 6094/5648/5168 6097/5649/5168 2310/5643/5168 2311/5638/5168
f 6097/5649/5169 6100/501/5169 2309/504/5169 2310/5643/5169
f 168/419/5170 2308/5650/5170 6092/5651/5170 1004/5652/5170
f 1004/5652/5171 6092/5651/5171 6093/5653/5171 1005/5654/5171
f 1005/5654/5172 6093/5653/5172 6094/5648/5172 1006/422/5172
f 2308/5650/5173 2307/5655/5173 6095/5656/5173 6092/5651/5173
f 6092/5651/5174 6095/5656/5174 6096/5657/5174 6093/5653/5174
f 6093/5653/5175 6096/5657/5175 6097/5649/5175 6094/5648/5175
f 2307/5655/5176 2306/500/5176 6098/5658/5176 6095/5656/5176
f 6095/5656/5177 6098/5658/5177 6099/5659/5177 6096/5657/5177
f 6096/5657/5178 6099/5659/5178 6100/501/5178 6097/5649/5178
f 2306/500/5179 188/499/5179 1067/5408/5179 6098/5658/5179
f 6098/5658/5180 1067/5408/5180 1068/5410/5180 6099/5659/5180
f 6099/5659/5181 1068/5410/5181 1069/502/5181 6100/501/5181
f 1003/418/5182 6103/5660/5182 2308/5650/5182 168/419/5182
f 6103/5660/5183 6106/5661/5183 2307/5655/5183 2308/5650/5183
f 6106/5661/5184 6109/497/5184 2306/500/5184 2307/5655/5184
f 167/415/5185 2305/5662/5185 6101/5663/5185 1001/5664/5185
f 1001/5664/5186 6101/5663/5186 6102/5665/5186 1002/5666/5186
f 1002/5666/5187 6102/5665/5187 6103/5660/5187 1003/418/5187
f 2305/5662/5188 2304/5667/5188 6104/5668/5188 6101/5663/5188
f 6101/5663/5189 6104/5668/5189 6105/5669/5189 6102/5665/5189
f 6102/5665/5190 6105/5669/5190 6106/5661/5190 6103/5660/5190
f 2304/5667/5191 2303/496/5191 6107/5670/5191 6104/5668/5191
f 6104/5668/5192 6107/5670/5192 6108/5671/5192 6105/5669/5192
f 6105/5669/5193 6108/5671/5193 6109/497/5193 6106/5661/5193
f 2303/496/5194 187/495/5194 1064/5420/5194 6107/5670/5194
f 6107/5670/5195 1064/5420/5195 1065/5422/5195 6108/5671/5195
f 6108/5671/5196 1065/5422/5196 1066/498/5196 6109/497/5196
f 1000/414/5197 6112/5672/5197 2305/5662/5197 167/415/5197
f 6112/5672/5198 6115/5673/5198 2304/5667/5198 2305/5662/5198
f 6115/5673/5199 6118/493/5199 2303/496/5199 2304/5667/5199
f 166/411/5200 2302/5674/5200 6110/5675/5200 998/5676/5200
f 998/5676/5201 6110/5675/5201 6111/5677/5201 999/5678/5201
f 999/5678/5202 6111/5677/5202 6112/5672/5202 1000/414/5202
f 2302/5674/5203 2301/5679/5203 6113/5680/5203 6110/5675/5203
f 6110/5675/5204 6113/5680/5204 6114/5681/5204 6111/5677/5204
f 6111/5677/5205 6114/5681/5205 6115/5673/5205 6112/5672/5205
f 2301/5679/5206 2300/492/5206 6116/5682/5206 6113/5680/5206
f 6113/5680/5207 6116/5682/5207 6117/5683/5207 6114/5681/5207
f 6114/5681/5208 6117/5683/5208 6118/493/5208 6115/5673/5208
f 2300/492/5209 186/491/5209 1061/5432/5209 6116/5682/5209
f 6116/5682/5210 1061/5432/5210 1062/5434/5210 6117/5683/5210
f 6117/5683/5211 1062/5434/5211 1063/494/5211 6118/493/5211
f 997/410/5212 6121/5684/5212 2302/5674/5212 166/411/5212
f 6121/5684/5213 6124/5685/5213 2301/5679/5213 2302/5674/5213
f 6124/5685/5214 6127/489/5214 2300/492/5214 2301/5679/5214
f 165/407/5215 2299/5686/5215 6119/5687/5215 995/5688/5215
f 995/5688/5216 6119/5687/5216 6120/5689/5216 996/5690/5216
f 996/5690/5217 6120/5689/5217 6121/5684/5217 997/410/5217
f 2299/5686/5218 2298/5691/5218 6122/5692/5218 6119/5687/5218
f 6119/5687/5219 6122/5692/5219 6123/5693/5219 6120/5689/5219
f 6120/5689/5220 6123/5693/5220 6124/5685/5220 6121/5684/5220
f 2298/5691/5221 2297/488/5221 6125/5694/5221 6122/5692/5221
f 6122/5692/5222 6125/5694/5222 6126/5695/5222 6123/5693/5222
f 6123/5693/5223 6126/5695/5223 6127/489/5223 6124/5685/5223
f 2297/488/5224 185/487/5224 1058/5444/5224 6125/5694/5224
f 6125/5694/5225 1058/5444/5225 1059/5446/5225 6126/5695/5225
f 6126/5695/5226 1059/5446/5226 1060/490/5226 6127/489/5226
f 994/406/5227 6130/5696/5227 2299/5686/5227 165/407/5227
f 6130/5696/5228 6133/5697/5228 2298/5691/5228 2299/5686/5228
f 6133/5697/5229 6136/485/5229 2297/488/5229 2298/5691/5229
f 29/5698/5230 572/5699/5230 6128/5700/5230 992/5701/5230
f 992/5701/5231 6128/5700/5231 6129/5702/5231 993/5703/5231
f 993/5703/5232 6129/5702/5232 6130/5696/5232 994/406/5232
f 572/5699/5233 573/5704/5233 6131/5705/5233 6128/5700/5233
f 6128/5700/5234 6131/5705/5234 6132/5706/5234 6129/5702/5234
f 6129/5702/5235 6132/5706/5235 6133/5697/5235 6130/5696/5235
f 573/5704/5236 574/5707/5236 6134/5708/5236 6131/5705/5236
f 6131/5705/5237 6134/5708/5237 6135/5709/5237 6132/5706/5237
f 6132/5706/5238 6135/5709/5238 6136/485/5238 6133/5697/5238
f 574/5707/5239 30/5454/5239 1055/5457/5239 6134/5708/5239
f 6134/5708/5240 1055/5457/5240 1056/5459/5240 6135/5709/5240
f 6135/5709/5241 1056/5459/5241 1057/486/5241 6136/485/5241
f 988/402/5242 6139/5710/5242 2296/5711/5242 164/403/5242
f 6139/5710/5243 6142/5712/5243 2295/5713/5243 2296/5711/5243
f 6142/5712/5244 6145/481/5244 2294/484/5244 2295/5713/5244
f 163/399/5245 2293/5714/5245 6137/5715/5245 986/5716/5245
f 986/5716/5246 6137/5715/5246 6138/5717/5246 987/5718/5246
f 987/5718/5247 6138/5717/5247 6139/5710/5247 988/402/5247
f 2293/5714/5248 2292/5719/5248 6140/5720/5248 6137/5715/5248
f 6137/5715/5249 6140/5720/5249 6141/5721/5249 6138/5717/5249
f 6138/5717/5250 6141/5721/5250 6142/5712/5250 6139/5710/5250
f 2292/5719/5251 2291/480/5251 6143/5722/5251 6140/5720/5251
f 6140/5720/5252 6143/5722/5252 6144/5723/5252 6141/5721/5252
f 6141/5721/5253 6144/5723/5253 6145/481/5253 6142/5712/5253
f 2291/480/5254 183/479/5254 1049/5472/5254 6143/5722/5254
f 6143/5722/5255 1049/5472/5255 1050/5474/5255 6144/5723/5255
f 6144/5723/5256 1050/5474/5256 1051/482/5256 6145/481/5256
f 985/398/5257 6148/5724/5257 2293/5714/5257 163/399/5257
f 6148/5724/5258 6151/5725/5258 2292/5719/5258 2293/5714/5258
f 6151/5725/5259 6154/477/5259 2291/480/5259 2292/5719/5259
f 162/395/5260 2290/5726/5260 6146/5727/5260 983/5728/5260
f 983/5728/5261 6146/5727/5261 6147/5729/5261 984/5730/5261
f 984/5730/5262 6147/5729/5262 6148/5724/5262 985/398/5262
f 2290/5726/5263 2289/5731/5263 6149/5732/5263 6146/5727/5263
f 6146/5727/5264 6149/5732/5264 6150/5733/5264 6147/5729/5264
f 6147/5729/5265 6150/5733/5265 6151/5725/5265 6148/5724/5265
f 2289/5731/5266 2288/476/5266 6152/5734/5266 6149/5732/5266
f 6149/5732/5267 6152/5734/5267 6153/5735/5267 6150/5733/5267
f 6150/5733/5268 6153/5735/5268 6154/477/5268 6151/5725/5268
f 2288/476/5269 182/475/5269 1046/5484/5269 6152/5734/5269
f 6152/5734/5270 1046/5484/5270 1047/5486/5270 6153/5735/5270
f 6153/5735/5271 1047/5486/5271 1048/478/5271 6154/477/5271
f 982/394/5272 6157/5736/5272 2290/5726/5272 162/395/5272
f 6157/5736/5273 6160/5737/5273 2289/5731/5273 2290/5726/5273
f 6160/5737/5274 6163/473/5274 2288/476/5274 2289/5731/5274
f 161/391/5275 2287/5738/5275 6155/5739/5275 980/5740/5275
f 980/5740/5276 6155/5739/5276 6156/5741/5276 981/5742/5276
f 981/5742/5277 6156/5741/5277 6157/5736/5277 982/394/5277
f 2287/5738/5278 2286/5743/5278 6158/5744/5278 6155/5739/5278
f 6155/5739/5279 6158/5744/5279 6159/5745/5279 6156/5741/5279
f 6156/5741/5280 6159/5745/5280 6160/5737/5280 6157/5736/5280
f 2286/5743/5281 2285/472/5281 6161/5746/5281 6158/5744/5281
f 6158/5744/5282 6161/5746/5282 6162/5747/5282 6159/5745/5282
f 6159/5745/5283 6162/5747/5283 6163/473/5283 6160/5737/5283
f 2285/472/5284 181/471/5284 1043/5496/5284 6161/5746/5284
f 6161/5746/5285 1043/5496/5285 1044/5498/5285 6162/5747/5285
f 6162/5747/5286 1044/5498/5286 1045/474/5286 6163/473/5286
f 979/390/5287 6166/5748/5287 2287/5738/5287 161/391/5287
f 6166/5748/5288 6169/5749/5288 2286/5743/5288 2287/5738/5288
f 6169/5749/5289 6172/469/5289 2285/472/5289 2286/5743/5289
f 160/387/5290 2284/5750/5290 6164/5751/5290 977/5752/5290
f 977/5752/5291 6164/5751/5291 6165/5753/5291 978/5754/5291
f 978/5754/5292 6165/5753/5292 6166/5748/5292 979/390/5292
f 2284/5750/5293 2283/5755/5293 6167/5756/5293 6164/5751/5293
f 6164/5751/5294 6167/5756/5294 6168/5757/5294 6165/5753/5294
f 6165/5753/5295 6168/5757/5295 6169/5749/5295 6166/5748/5295
f 2283/5755/5296 2282/468/5296 6170/5758/5296 6167/5756/5296
f 6167/5756/5297 6170/5758/5297 6171/5759/5297 6168/5757/5297
f 6168/5757/5298 6171/5759/5298 6172/469/5298 6169/5749/5298
f 2282/468/5299 180/467/5299 1040/5508/5299 6170/5758/5299
f 6170/5758/5300 1040/5508/5300 1041/5510/5300 6171/5759/5300
f 6171/5759/5301 1041/5510/5301 1042/470/5301 6172/469/5301
f 976/386/5302 6175/5760/5302 2284/5750/5302 160/387/5302
f 6175/5760/5303 6178/5761/5303 2283/5755/5303 2284/5750/5303
f 6178/5761/5304 6181/465/5304 2282/468/5304 2283/5755/5304
f 159/383/5305 2281/5762/5305 6173/5763/5305 974/5764/5305
f 974/5764/5306 6173/5763/5306 6174/5765/5306 975/5766/5306
f 975/5766/5307 6174/5765/5307 6175/5760/5307 976/386/5307
f 2281/5762/5308 2280/5767/5308 6176/5768/5308 6173/5763/5308
f 6173/5763/5309 6176/5768/5309 6177/5769/5309 6174/5765/5309
f 6174/5765/5310 6177/5769/5310 6178/5761/5310 6175/5760/5310
f 2280/5767/5311 2279/464/5311 6179/5770/5311 6176/5768/5311
f 6176/5768/5312 6179/5770/5312 6180/5771/5312 6177/5769/5312
f 6177/5769/5313 6180/5771/5313 6181/465/5313 6178/5761/5313
f 2279/464/5314 179/463/5314 1037/5520/5314 6179/5770/5314
f 6179/5770/5315 1037/5520/5315 1038/5522/5315 6180/5771/5315
f 6180/5771/5316 1038/5522/5316 1039/466/5316 6181/465/5316
f 973/382/5317 6184/5772/5317 2281/5762/5317 159/383/5317
f 6184/5772/5318 6187/5773/5318 2280/5767/5318 2281/5762/5318
f 6187/5773/5319 6190/461/5319 2279/464/5319 2280/5767/5319
f 158/379/5320 2278/5774/5320 6182/5775/5320 971/5776/5320
f 971/5776/5321 6182/5775/5321 6183/5777/5321 972/5778/5321
f 972/5778/5322 6183/5777/5322 6184/5772/5322 973/382/5322
f 2278/5774/5323 2277/5779/5323 6185/5780/5323 6182/5775/5323
f 6182/5775/5324 6185/5780/5324 6186/5781/5324 6183/5777/5324
f 6183/5777/5325 6186/5781/5325 6187/5773/5325 6184/5772/5325
f 2277/5779/5326 2276/460/5326 6188/5782/5326 6185/5780/5326
f 6185/5780/5327 6188/5782/5327 6189/5783/5327 6186/5781/5327
f 6186/5781/5328 6189/5783/5328 6190/461/5328 6187/5773/5328
f 2276/460/5329 178/459/5329 1034/5532/5329 6188/5782/5329
f 6188/5782/5330 1034/5532/5330 1035/5534/5330 6189/5783/5330
f 6189/5783/5331 1035/5534/5331 1036/462/5331 6190/461/5331
f 970/378/5332 6193/5784/5332 2278/5774/5332 158/379/5332
f 6193/5784/5333 6196/5785/5333 2277/5779/5333 2278/5774/5333
f 6196/5785/5334 6199/457/5334 2276/460/5334 2277/5779/5334
f 157/375/5335 2275/5786/5335 6191/5787/5335 968/5788/5335
f 968/5788/5336 6191/5787/5336 6192/5789/5336 969/5790/5336
f 969/5790/5337 6192/5789/5337 6193/5784/5337 970/378/5337
f 2275/5786/5338 2274/5791/5338 6194/5792/5338 6191/5787/5338
f 6191/5787/5339 6194/5792/5339 6195/5793/5339 6192/5789/5339
f 6192/5789/5340 6195/5793/5340 6196/5785/5340 6193/5784/5340
f 2274/5791/5341 2273/456/5341 6197/5794/5341 6194/5792/5341
f 6194/5792/5342 6197/5794/5342 6198/5795/5342 6195/5793/5342
f 6195/5793/5343 6198/5795/5343 6199/457/5343 6196/5785/5343
f 2273/456/5344 177/455/5344 1031/5544/5344 6197/5794/5344
f 6197/5794/5345 1031/5544/5345 1032/5546/5345 6198/5795/5345
f 6198/5795/5346 1032/5546/5346 1033/458/5346 6199/457/5346
f 967/374/5347 6202/5796/5347 2275/5786/5347 157/375/5347
f 6202/5796/5348 6205/5797/5348 2274/5791/5348 2275/5786/5348
f 6205/5797/5349 6208/453/5349 2273/456/5349 2274/5791/5349
f 156/371/5350 2272/5798/5350 6200/5799/5350 965/5800/5350
f 965/5800/5351 6200/5799/5351 6201/5801/5351 966/5802/5351
f 966/5802/5352 6201/5801/5352 6202/5796/5352 967/374/5352
f 2272/5798/5353 2271/5803/5353 6203/5804/5353 6200/5799/5353
f 6200/5799/5354 6203/5804/5354 6204/5805/5354 6201/5801/5354
f 6201/5801/5355 6204/5805/5355 6205/5797/5355 6202/5796/5355
f 2271/5803/5356 2270/452/5356 6206/5806/5356 6203/5804/5356
f 6203/5804/5357 6206/5806/5357 6207/5807/5357 6204/5805/5357
f 6204/5805/5358 6207/5807/5358 6208/453/5358 6205/5797/5358
f 2270/452/5359 176/451/5359 1028/5556/5359 6206/5806/5359
f 6206/5806/5360 1028/5556/5360 1029/5558/5360 6207/5807/5360
f 6207/5807/5361 1029/5558/5361 1030/454/5361 6208/453/5361
f 964/370/5362 6211/5808/5362 2272/5798/5362 156/371/5362
f 6211/5808/5363 6214/5809/5363 2271/5803/5363 2272/5798/5363
f 6214/5809/5364 6217/449/5364 2270/452/5364 2271/5803/5364
f 155/367/5365 2269/5810/5365 6209/5811/5365 962/5812/5365
f 962/5812/5366 6209/5811/5366 6210/5813/5366 963/5814/5366
f 963/5814/5367 6210/5813/5367 6211/5808/5367 964/370/5367
f 2269/5810/5368 2268/5815/5368 6212/5816/5368 6209/5811/5368
f 6209/5811/5369 6212/5816/5369 6213/5817/5369 6210/5813/5369
f 6210/5813/5370 6213/5817/5370 6214/5809/5370 6211/5808/5370
f 2268/5815/5371 2267/448/5371 6215/5818/5371 6212/5816/5371
f 6212/5816/5372 6215/5818/5372 6216/5819/5372 6213/5817/5372
f 6213/5817/5373 6216/5819/5373 6217/449/5373 6214/5809/5373
f 2267/448/5374 175/447/5374 1025/5568/5374 6215/5818/5374
f 6215/5818/5375 1025/5568/5375 1026/5570/5375 6216/5819/5375
f 6216/5819/5376 1026/5570/5376 1027/450/5376 6217/449/5376
f 961/366/5377 6220/5820/5377 2269/5810/5377 155/367/5377
f 6220/5820/5378 6223/5821/5378 2268/5815/5378 2269/5810/5378
f 6223/5821/5379 6226/445/5379 2267/448/5379 2268/5815/5379
f 154/363/5380 2266/5822/5380 6218/5823/5380 959/5824/5380
f 959/5824/5381 6218/5823/5381 6219/5825/5381 960/5826/5381
f 960/5826/5382 6219/5825/5382 6220/5820/5382 961/366/5382
f 2266/5822/5383 2265/5827/5383 6221/5828/5383 6218/5823/5383
f 6218/5823/5384 6221/5828/5384 6222/5829/5384 6219/5825/5384
f 6219/5825/5385 6222/5829/5385 6223/5821/5385 6220/5820/5385
f 2265/5827/5386 2264/444/5386 6224/5830/5386 6221/5828/5386
f 6221/5828/5387 6224/5830/5387 6225/5831/5387 6222/5829/5387
f 6222/5829/5388 6225/5831/5388 6226/445/5388 6223/5821/5388
f 2264/444/5389 174/443/5389 1022/5580/5389 6224/5830/5389
f 6224/5830/5390 1022/5580/5390 1023/5582/5390 6225/5831/5390
f 6225/5831/5391 1023/5582/5391 1024/446/5391 6226/445/5391
f 958/362/5392 6229/5832/5392 2266/5822/5392 154/363/5392
f 6229/5832/5393 6232/5833/5393 2265/5827/5393 2266/5822/5393
f 6232/5833/5394 6235/441/5394 2264/444/5394 2265/5827/5394
f 153/359/5395 2263/5834/5395 6227/5835/5395 956/5836/5395
f 956/5836/5396 6227/5835/5396 6228/5837/5396 957/5838/5396
f 957/5838/5397 6228/5837/5397 6229/5832/5397 958/362/5397
f 2263/5834/5398 2262/5839/5398 6230/5840/5398 6227/5835/5398
f 6227/5835/5399 6230/5840/5399 6231/5841/5399 6228/5837/5399
f 6228/5837/5400 6231/5841/5400 6232/5833/5400 6229/5832/5400
f 2262/5839/5401 2261/440/5401 6233/5842/5401 6230/5840/5401
f 6230/5840/5402 6233/5842/5402 6234/5843/5402 6231/5841/5402
f 6231/5841/5403 6234/5843/5403 6235/441/5403 6232/5833/5403
f 2261/440/5404 173/439/5404 1019/5592/5404 6233/5842/5404
f 6233/5842/5405 1019/5592/5405 1020/5594/5405 6234/5843/5405
f 6234/5843/5406 1020/5594/5406 1021/442/5406 6235/441/5406
f 955/358/5407 6238/5844/5407 2263/5834/5407 153/359/5407
f 6238/5844/5408 6241/5845/5408 2262/5839/5408 2263/5834/5408
f 6241/5845/5409 6244/437/5409 2261/440/5409 2262/5839/5409
f 152/355/5410 2260/5846/5410 6236/5847/5410 953/5848/5410
f 953/5848/5411 6236/5847/5411 6237/5849/5411 954/5850/5411
f 954/5850/5412 6237/5849/5412 6238/5844/5412 955/358/5412
f 2260/5846/5413 2259/5851/5413 6239/5852/5413 6236/5847/5413
f 6236/5847/5414 6239/5852/5414 6240/5853/5414 6237/5849/5414
f 6237/5849/5415 6240/5853/5415 6241/5845/5415 6238/5844/5415
f 2259/5851/5416 2258/436/5416 6242/5854/5416 6239/5852/5416
f 6239/5852/5417 6242/5854/5417 6243/5855/5417 6240/5853/5417
f 6240/5853/5418 6243/5855/5418 6244/437/5418 6241/5845/5418
f 2258/436/5419 172/435/5419 1016/5604/5419 6242/5854/5419
f 6242/5854/5420 1016/5604/5420 1017/5606/5420 6243/5855/5420
f 6243/5855/5421 1017/5606/5421 1018/438/5421 6244/437/5421
f 952/354/5422 6247/5856/5422 2260/5846/5422 152/355/5422
f 6247/5856/5423 6250/5857/5423 2259/5851/5423 2260/5846/5423
f 6250/5857/5424 6253/433/5424 2258/436/5424 2259/5851/5424
f 151/351/5425 2257/5858/5425 6245/5859/5425 950/5860/5425
f 950/5860/5426 6245/5859/5426 6246/5861/5426 951/5862/5426
f 951/5862/5427 6246/5861/5427 6247/5856/5427 952/354/5427
f 2257/5858/5428 2256/5863/5428 6248/5864/5428 6245/5859/5428
f 6245/5859/5429 6248/5864/5429 6249/5865/5429 6246/5861/5429
f 6246/5861/5430 6249/5865/5430 6250/5857/5430 6247/5856/5430
f 2256/5863/5431 2255/432/5431 6251/5866/5431 6248/5864/5431
f 6248/5864/5432 6251/5866/5432 6252/5867/5432 6249/5865/5432
f 6249/5865/5433 6252/5867/5433 6253/433/5433 6250/5857/5433
f 2255/432/5434 171/431/5434 1013/5616/5434 6251/5866/5434
f 6251/5866/5435 1013/5616/5435 1014/5618/5435 6252/5867/5435
f 6252/5867/5436 1014/5618/5436 1015/434/5436 6253/433/5436
f 949/350/5437 6256/5868/5437 2257/5858/5437 151/351/5437
f 6256/5868/5438 6259/5869/5438 2256/5863/5438 2257/5858/5438
f 6259/5869/5439 6262/429/5439 2255/432/5439 2256/5863/5439
f 150/347/5440 2254/5870/5440 6254/5871/5440 947/5872/5440
f 947/5872/5441 6254/5871/5441 6255/5873/5441 948/5874/5441
f 948/5874/5442 6255/5873/5442 6256/5868/5442 949/350/5442
f 2254/5870/5443 2253/5875/5443 6257/5876/5443 6254/5871/5443
f 6254/5871/5444 6257/5876/5444 6258/5877/5444 6255/5873/5444
f 6255/5873/5445 6258/5877/5445 6259/5869/5445 6256/5868/5445
f 2253/5875/5446 2252/428/5446 6260/5878/5446 6257/5876/5446
f 6257/5876/5447 6260/5878/5447 6261/5879/5447 6258/5877/5447
f 6258/5877/5448 6261/5879/5448 6262/429/5448 6259/5869/5448
f 2252/428/5449 170/427/5449 1010/5628/5449 6260/5878/5449
f 6260/5878/5450 1010/5628/5450 1011/5630/5450 6261/5879/5450
f 6261/5879/5451 1011/5630/5451 1012/430/5451 6262/429/5451
f 946/346/5452 6265/5880/5452 2254/5870/5452 150/347/5452
f 6265/5880/5453 6268/5881/5453 2253/5875/5453 2254/5870/5453
f 6268/5881/5454 6271/425/5454 2252/428/5454 2253/5875/5454
f 149/343/5455 2251/5882/5455 6263/5883/5455 944/5884/5455
f 944/5884/5456 6263/5883/5456 6264/5885/5456 945/5886/5456
f 945/5886/5457 6264/5885/5457 6265/5880/5457 946/346/5457
f 2251/5882/5458 2250/5887/5458 6266/5888/5458 6263/5883/5458
f 6263/5883/5459 6266/5888/5459 6267/5889/5459 6264/5885/5459
f 6264/5885/5460 6267/5889/5460 6268/5881/5460 6265/5880/5460
f 2250/5887/5461 2249/424/5461 6269/5890/5461 6266/5888/5461
f 6266/5888/5462 6269/5890/5462 6270/5891/5462 6267/5889/5462
f 6267/5889/5463 6270/5891/5463 6271/425/5463 6268/5881/5463
f 2249/424/5464 169/423/5464 1007/5640/5464 6269/5890/5464
f 6269/5890/5465 1007/5640/5465 1008/5642/5465 6270/5891/5465
f 6270/5891/5466 1008/5642/5466 1009/426/5466 6271/425/5466
f 943/342/5467 6274/5892/5467 2251/5882/5467 149/343/5467
f 6274/5892/5468 6277/5893/5468 2250/5887/5468 2251/5882/5468
f 6277/5893/5469 6280/421/5469 2249/424/5469 2250/5887/5469
f 148/339/5470 2248/5894/5470 6272/5895/5470 941/5896/5470
f 941/5896/5471 6272/5895/5471 6273/5897/5471 942/5898/5471
f 942/5898/5472 6273/5897/5472 6274/5892/5472 943/342/5472
f 2248/5894/5473 2247/5899/5473 6275/5900/5473 6272/5895/5473
f 6272/5895/5474 6275/5900/5474 6276/5901/5474 6273/5897/5474
f 6273/5897/5475 6276/5901/5475 6277/5893/5475 6274/5892/5475
f 2247/5899/5476 2246/420/5476 6278/5902/5476 6275/5900/5476
f 6275/5900/5477 6278/5902/5477 6279/5903/5477 6276/5901/5477
f 6276/5901/5478 6279/5903/5478 6280/421/5478 6277/5893/5478
f 2246/420/5479 168/419/5479 1004/5652/5479 6278/5902/5479
f 6278/5902/5480 1004/5652/5480 1005/5654/5480 6279/5903/5480
f 6279/5903/5481 1005/5654/5481 1006/422/5481 6280/421/5481
f 940/338/5482 6283/5904/5482 2248/5894/5482 148/339/5482
f 6283/5904/5483 6286/5905/5483 2247/5899/5483 2248/5894/5483
f 6286/5905/5484 6289/417/5484 2246/420/5484 2247/5899/5484
f 147/335/5485 2245/5906/5485 6281/5907/5485 938/5908/5485
f 938/5908/5486 6281/5907/5486 6282/5909/5486 939/5910/5486
f 939/5910/5487 6282/5909/5487 6283/5904/5487 940/338/5487
f 2245/5906/5488 2244/5911/5488 6284/5912/5488 6281/5907/5488
f 6281/5907/5489 6284/5912/5489 6285/5913/5489 6282/5909/5489
f 6282/5909/5490 6285/5913/5490 6286/5905/5490 6283/5904/5490
f 2244/5911/5491 2243/416/5491 6287/5914/5491 6284/5912/5491
f 6284/5912/5492 6287/5914/5492 6288/5915/5492 6285/5913/5492
f 6285/5913/5493 6288/5915/5493 6289/417/5493 6286/5905/5493
f 2243/416/5494 167/415/5494 1001/5664/5494 6287/5914/5494
f 6287/5914/5495 1001/5664/5495 1002/5666/5495 6288/5915/5495
f 6288/5915/5496 1002/5666/5496 1003/418/5496 6289/417/5496
f 937/334/5497 6292/5916/5497 2245/5906/5497 147/335/5497
f 6292/5916/5498 6295/5917/5498 2244/5911/5498 2245/5906/5498
f 6295/5917/5499 6298/413/5499 2243/416/5499 2244/5911/5499
f 146/331/5500 2242/5918/5500 6290/5919/5500 935/5920/5500
f 935/5920/5501 6290/5919/5501 6291/5921/5501 936/5922/5501
f 936/5922/5502 6291/5921/5502 6292/5916/5502 937/334/5502
f 2242/5918/5503 2241/5923/5503 6293/5924/5503 6290/5919/5503
f 6290/5919/5504 6293/5924/5504 6294/5925/5504 6291/5921/5504
f 6291/5921/5505 6294/5925/5505 6295/5917/5505 6292/5916/5505
f 2241/5923/5506 2240/412/5506 6296/5926/5506 6293/5924/5506
f 6293/5924/5507 6296/5926/5507 6297/5927/5507 6294/5925/5507
f 6294/5925/5508 6297/5927/5508 6298/413/5508 6295/5917/5508
f 2240/412/5509 166/411/5509 998/5676/5509 6296/5926/5509
f 6296/5926/5510 998/5676/5510 999/5678/5510 6297/5927/5510
f 6297/5927/5511 999/5678/5511 1000/414/5511 6298/413/5511
f 934/330/5512 6301/5928/5512 2242/5918/5512 146/331/5512
f 6301/5928/5513 6304/5929/5513 2241/5923/5513 2242/5918/5513
f 6304/5929/5514 6307/409/5514 2240/412/5514 2241/5923/5514
f 145/327/5515 2239/5930/5515 6299/5931/5515 932/5932/5515
f 932/5932/5516 6299/5931/5516 6300/5933/5516 933/5934/5516
f 933/5934/5517 6300/5933/5517 6301/5928/5517 934/330/5517
f 2239/5930/5518 2238/5935/5518 6302/5936/5518 6299/5931/5518
f 6299/5931/5519 6302/5936/5519 6303/5937/5519 6300/5933/5519
f 6300/5933/5520 6303/5937/5520 6304/5929/5520 6301/5928/5520
f 2238/5935/5521 2237/408/5521 6305/5938/5521 6302/5936/5521
f 6302/5936/5522 6305/5938/5522 6306/5939/5522 6303/5937/5522
f 6303/5937/5523 6306/5939/5523 6307/409/5523 6304/5929/5523
f 2237/408/5524 165/407/5524 995/5688/5524 6305/5938/5524
f 6305/5938/5525 995/5688/5525 996/5690/5525 6306/5939/5525
f 6306/5939/5526 996/5690/5526 997/410/5526 6307/409/5526
f 931/326/5527 6310/5940/5527 2239/5930/5527 145/327/5527
f 6310/5940/5528 6313/5941/5528 2238/5935/5528 2239/5930/5528
f 6313/5941/5529 6316/405/5529 2237/408/5529 2238/5935/5529
f 28/5942/5530 569/5943/5530 6308/5944/5530 929/5945/5530
f 929/5945/5531 6308/5944/5531 6309/5946/5531 930/5947/5531
f 930/5947/5532 6309/5946/5532 6310/5940/5532 931/326/5532
f 569/5943/5533 570/5948/5533 6311/5949/5533 6308/5944/5533
f 6308/5944/5534 6311/5949/5534 6312/5950/5534 6309/5946/5534
f 6309/5946/5535 6312/5950/5535 6313/5941/5535 6310/5940/5535
f 570/5948/5536 571/5951/5536 6314/5952/5536 6311/5949/5536
f 6311/5949/5537 6314/5952/5537 6315/5953/5537 6312/5950/5537
f 6312/5950/5538 6315/5953/5538 6316/405/5538 6313/5941/5538
f 571/5951/5539 29/5698/5539 992/5701/5539 6314/5952/5539
f 6314/5952/5540 992/5701/5540 993/5703/5540 6315/5953/5540
f 6315/5953/5541 993/5703/5541 994/406/5541 6316/405/5541
f 925/322/5542 6319/5954/5542 2236/5955/5542 144/323/5542
f 6319/5954/5543 6322/5956/5543 2235/5957/5543 2236/5955/5543
f 6322/5956/5544 6325/401/5544 2234/404/5544 2235/5957/5544
f 143/319/5545 2233/5958/5545 6317/5959/5545 923/5960/5545
f 923/5960/5546 6317/5959/5546 6318/5961/5546 924/5962/5546
f 924/5962/5547 6318/5961/5547 6319/5954/5547 925/322/5547
f 2233/5958/5548 2232/5963/5548 6320/5964/5548 6317/5959/5548
f 6317/5959/5549 6320/5964/5549 6321/5965/5549 6318/5961/5549
f 6318/5961/5550 6321/5965/5550 6322/5956/5550 6319/5954/5550
f 2232/5963/5551 2231/400/5551 6323/5966/5551 6320/5964/5551
f 6320/5964/5552 6323/5966/5552 6324/5967/5552 6321/5965/5552
f 6321/5965/5553 6324/5967/5553 6325/401/5553 6322/5956/5553
f 2231/400/5554 163/399/5554 986/5716/5554 6323/5966/5554
f 6323/5966/5555 986/5716/5555 987/5718/5555 6324/5967/5555
f 6324/5967/5556 987/5718/5556 988/402/5556 6325/401/5556
f 922/318/5557 6328/5968/5557 2233/5958/5557 143/319/5557
f 6328/5968/5558 6331/5969/5558 2232/5963/5558 2233/5958/5558
f 6331/5969/5559 6334/397/5559 2231/400/5559 2232/5963/5559
f 142/315/5560 2230/5970/5560 6326/5971/5560 920/5972/5560
f 920/5972/5561 6326/5971/5561 6327/5973/5561 921/5974/5561
f 921/5974/5562 6327/5973/5562 6328/5968/5562 922/318/5562
f 2230/5970/5563 2229/5975/5563 6329/5976/5563 6326/5971/5563
f 6326/5971/5564 6329/5976/5564 6330/5977/5564 6327/5973/5564
f 6327/5973/5565 6330/5977/5565 6331/5969/5565 6328/5968/5565
f 2229/5975/5566 2228/396/5566 6332/5978/5566 6329/5976/5566
f 6329/5976/5567 6332/5978/5567 6333/5979/5567 6330/5977/5567
f 6330/5977/5568 6333/5979/5568 6334/397/5568 6331/5969/5568
f 2228/396/5569 162/395/5569 983/5728/5569 6332/5978/5569
f 6332/5978/5570 983/5728/5570 984/5730/5570 6333/5979/5570
f 6333/5979/5571 984/5730/5571 985/398/5571 6334/397/5571
f 919/314/5572 6337/5980/5572 2230/5970/5572 142/315/5572
f 6337/5980/5573 6340/5981/5573 2229/5975/5573 2230/5970/5573
f 6340/5981/5574 6343/393/5574 2228/396/5574 2229/5975/5574
f 141/311/5575 2227/5982/5575 6335/5983/5575 917/5984/5575
f 917/5984/5576 6335/5983/5576 6336/5985/5576 918/5986/5576
f 918/5986/5577 6336/5985/5577 6337/5980/5577 919/314/5577
f 2227/5982/5578 2226/5987/5578 6338/5988/5578 6335/5983/5578
f 6335/5983/5579 6338/5988/5579 6339/5989/5579 6336/5985/5579
f 6336/5985/5580 6339/5989/5580 6340/5981/5580 6337/5980/5580
f 2226/5987/5581 2225/392/5581 6341/5990/5581 6338/5988/5581
f 6338/5988/5582 6341/5990/5582 6342/5991/5582 6339/5989/5582
f 6339/5989/5583 6342/5991/5583 6343/393/5583 6340/5981/5583
f 2225/392/5584 161/391/5584 980/5740/5584 6341/5990/5584
f 6341/5990/5585 980/5740/5585 981/5742/5585 6342/5991/5585
f 6342/5991/5586 981/5742/5586 982/394/5586 6343/393/5586
f 916/310/5587 6346/5992/5587 2227/5982/5587 141/311/5587
f 6346/5992/5588 6349/5993/5588 2226/5987/5588 2227/5982/5588
f 6349/5993/5589 6352/389/5589 2225/392/5589 2226/5987/5589
f 140/307/5590 2224/5994/5590 6344/5995/5590 914/5996/5590
f 914/5996/5591 6344/5995/5591 6345/5997/5591 915/5998/5591
f 915/5998/5592 6345/5997/5592 6346/5992/5592 916/310/5592
f 2224/5994/5593 2223/5999/5593 6347/6000/5593 6344/5995/5593
f 6344/5995/5594 6347/6000/5594 6348/6001/5594 6345/5997/5594
f 6345/5997/5595 6348/6001/5595 6349/5993/5595 6346/5992/5595
f 2223/5999/5596 2222/388/5596 6350/6002/5596 6347/6000/5596
f 6347/6000/5597 6350/6002/5597 6351/6003/5597 6348/6001/5597
f 6348/6001/5598 6351/6003/5598 6352/389/5598 6349/5993/5598
f 2222/388/5599 160/387/5599 977/5752/5599 6350/6002/5599
f 6350/6002/5600 977/5752/5600 978/5754/5600 6351/6003/5600
f 6351/6003/5601 978/5754/5601 979/390/5601 6352/389/5601
f 913/306/5602 6355/6004/5602 2224/5994/5602 140/307/5602
f 6355/6004/5603 6358/6005/5603 2223/5999/5603 2224/5994/5603
f 6358/6005/5604 6361/385/5604 2222/388/5604 2223/5999/5604
f 139/303/5605 2221/6006/5605 6353/6007/5605 911/6008/5605
f 911/6008/5606 6353/6007/5606 6354/6009/5606 912/6010/5606
f 912/6010/5607 6354/6009/5607 6355/6004/5607 913/306/5607
f 2221/6006/5608 2220/6011/5608 6356/6012/5608 6353/6007/5608
f 6353/6007/5609 6356/6012/5609 6357/6013/5609 6354/6009/5609
f 6354/6009/5610 6357/6013/5610 6358/6005/5610 6355/6004/5610
f 2220/6011/5611 2219/384/5611 6359/6014/5611 6356/6012/5611
f 6356/6012/5612 6359/6014/5612 6360/6015/5612 6357/6013/5612
f 6357/6013/5613 6360/6015/5613 6361/385/5613 6358/6005/5613
f 2219/384/5614 159/383/5614 974/5764/5614 6359/6014/5614
f 6359/6014/5615 974/5764/5615 975/5766/5615 6360/6015/5615
f 6360/6015/5616 975/5766/5616 976/386/5616 6361/385/5616
f 910/302/5617 6364/6016/5617 2221/6006/5617 139/303/5617
f 6364/6016/5618 6367/6017/5618 2220/6011/5618 2221/6006/5618
f 6367/6017/5619 6370/381/5619 2219/384/5619 2220/6011/5619
f 138/299/5620 2218/6018/5620 6362/6019/5620 908/6020/5620
f 908/6020/5621 6362/6019/5621 6363/6021/5621 909/6022/5621
f 909/6022/5622 6363/6021/5622 6364/6016/5622 910/302/5622
f 2218/6018/5623 2217/6023/5623 6365/6024/5623 6362/6019/5623
f 6362/6019/5624 6365/6024/5624 6366/6025/5624 6363/6021/5624
f 6363/6021/5625 6366/6025/5625 6367/6017/5625 6364/6016/5625
f 2217/6023/5626 2216/380/5626 6368/6026/5626 6365/6024/5626
f 6365/6024/5627 6368/6026/5627 6369/6027/5627 6366/6025/5627
f 6366/6025/5628 6369/6027/5628 6370/381/5628 6367/6017/5628
f 2216/380/5629 158/379/5629 971/5776/5629 6368/6026/5629
f 6368/6026/5630 971/5776/5630 972/5778/5630 6369/6027/5630
f 6369/6027/5631 972/5778/5631 973/382/5631 6370/381/5631
f 907/298/5632 6373/6028/5632 2218/6018/5632 138/299/5632
f 6373/6028/5633 6376/6029/5633 2217/6023/5633 2218/6018/5633
f 6376/6029/5634 6379/377/5634 2216/380/5634 2217/6023/5634
f 137/295/5635 2215/6030/5635 6371/6031/5635 905/6032/5635
f 905/6032/5636 6371/6031/5636 6372/6033/5636 906/6034/5636
f 906/6034/5637 6372/6033/5637 6373/6028/5637 907/298/5637
f 2215/6030/5638 2214/6035/5638 6374/6036/5638 6371/6031/5638
f 6371/6031/5639 6374/6036/5639 6375/6037/5639 6372/6033/5639
f 6372/6033/5640 6375/6037/5640 6376/6029/5640 6373/6028/5640
f 2214/6035/5641 2213/376/5641 6377/6038/5641 6374/6036/5641
f 6374/6036/5642 6377/6038/5642 6378/6039/5642 6375/6037/5642
f 6375/6037/5643 6378/6039/5643 6379/377/5643 6376/6029/5643
f 2213/376/5644 157/375/5644 968/5788/5644 6377/6038/5644
f 6377/6038/5645 968/5788/5645 969/5790/5645 6378/6039/5645
f 6378/6039/5646 969/5790/5646 970/378/5646 6379/377/5646
f 904/294/5647 6382/6040/5647 2215/6030/5647 137/295/5647
f 6382/6040/5648 6385/6041/5648 2214/6035/5648 2215/6030/5648
f 6385/6041/5649 6388/373/5649 2213/376/5649 2214/6035/5649
f 136/291/5650 2212/6042/5650 6380/6043/5650 902/6044/5650
f 902/6044/5651 6380/6043/5651 6381/6045/5651 903/6046/5651
f 903/6046/5652 6381/6045/5652 6382/6040/5652 904/294/5652
f 2212/6042/5653 2211/6047/5653 6383/6048/5653 6380/6043/5653
f 6380/6043/5654 6383/6048/5654 6384/6049/5654 6381/6045/5654
f 6381/6045/5655 6384/6049/5655 6385/6041/5655 6382/6040/5655
f 2211/6047/5656 2210/372/5656 6386/6050/5656 6383/6048/5656
f 6383/6048/5657 6386/6050/5657 6387/6051/5657 6384/6049/5657
f 6384/6049/5658 6387/6051/5658 6388/373/5658 6385/6041/5658
f 2210/372/5659 156/371/5659 965/5800/5659 6386/6050/5659
f 6386/6050/5660 965/5800/5660 966/5802/5660 6387/6051/5660
f 6387/6051/5661 966/5802/5661 967/374/5661 6388/373/5661
f 901/290/5662 6391/6052/5662 2212/6042/5662 136/291/5662
f 6391/6052/5663 6394/6053/5663 2211/6047/5663 2212/6042/5663
f 6394/6053/5664 6397/369/5664 2210/372/5664 2211/6047/5664
f 135/287/5665 2209/6054/5665 6389/6055/5665 899/6056/5665
f 899/6056/5666 6389/6055/5666 6390/6057/5666 900/6058/5666
f 900/6058/5667 6390/6057/5667 6391/6052/5667 901/290/5667
f 2209/6054/5668 2208/6059/5668 6392/6060/5668 6389/6055/5668
f 6389/6055/5669 6392/6060/5669 6393/6061/5669 6390/6057/5669
f 6390/6057/5670 6393/6061/5670 6394/6053/5670 6391/6052/5670
f 2208/6059/5671 2207/368/5671 6395/6062/5671 6392/6060/5671
f 6392/6060/5672 6395/6062/5672 6396/6063/5672 6393/6061/5672
f 6393/6061/5673 6396/6063/5673 6397/369/5673 6394/6053/5673
f 2207/368/5674 155/367/5674 962/5812/5674 6395/6062/5674
f 6395/6062/5675 962/5812/5675 963/5814/5675 6396/6063/5675
f 6396/6063/5676 963/5814/5676 964/370/5676 6397/369/5676
f 898/286/5677 6400/6064/5677 2209/6054/5677 135/287/5677
f 6400/6064/5678 6403/6065/5678 2208/6059/5678 2209/6054/5678
f 6403/6065/5679 6406/365/5679 2207/368/5679 2208/6059/5679
f 134/283/5680 2206/6066/5680 6398/6067/5680 896/6068/5680
f 896/6068/5681 6398/6067/5681 6399/6069/5681 897/6070/5681
f 897/6070/5682 6399/6069/5682 6400/6064/5682 898/286/5682
f 2206/6066/5683 2205/6071/5683 6401/6072/5683 6398/6067/5683
f 6398/6067/5684 6401/6072/5684 6402/6073/5684 6399/6069/5684
f 6399/6069/5685 6402/6073/5685 6403/6065/5685 6400/6064/5685
f 2205/6071/5686 2204/364/5686 6404/6074/5686 6401/6072/5686
f 6401/6072/5687 6404/6074/5687 6405/6075/5687 6402/6073/5687
f 6402/6073/5688 6405/6075/5688 6406/365/5688 6403/6065/5688
f 2204/364/5689 154/363/5689 959/5824/5689 6404/6074/5689
f 6404/6074/5690 959/5824/5690 960/5826/5690 6405/6075/5690
f 6405/6075/5691 960/5826/5691 961/366/5691 6406/365/5691
f 895/282/5692 6409/6076/5692 2206/6066/5692 134/283/5692
f 6409/6076/5693 6412/6077/5693 2205/6071/5693 2206/6066/5693
f 6412/6077/5694 6415/361/5694 2204/364/5694 2205/6071/5694
f 133/279/5695 2203/6078/5695 6407/6079/5695 893/6080/5695
f 893/6080/5696 6407/6079/5696 6408/6081/5696 894/6082/5696
f 894/6082/5697 6408/6081/5697 6409/6076/5697 895/282/5697
f 2203/6078/5698 2202/6083/5698 6410/6084/5698 6407/6079/5698
f 6407/6079/5699 6410/6084/5699 6411/6085/5699 6408/6081/5699
f 6408/6081/5700 6411/6085/5700 6412/6077/5700 6409/6076/5700
f 2202/6083/5701 2201/360/5701 6413/6086/5701 6410/6084/5701
f 6410/6084/5702 6413/6086/5702 6414/6087/5702 6411/6085/5702
f 6411/6085/5703 6414/6087/5703 6415/361/5703 6412/6077/5703
f 2201/360/5704 153/359/5704 956/5836/5704 6413/6086/5704
f 6413/6086/5705 956/5836/5705 957/5838/5705 6414/6087/5705
f 6414/6087/5706 957/5838/5706 958/362/5706 6415/361/5706
f 892/278/5707 6418/6088/5707 2203/6078/5707 133/279/5707
f 6418/6088/5708 6421/6089/5708 2202/6083/5708 2203/6078/5708
f 6421/6089/5709 6424/357/5709 2201/360/5709 2202/6083/5709
f 132/275/5710 2200/6090/5710 6416/6091/5710 890/6092/5710
f 890/6092/5711 6416/6091/5711 6417/6093/5711 891/6094/5711
f 891/6094/5712 6417/6093/5712 6418/6088/5712 892/278/5712
f 2200/6090/5713 2199/6095/5713 6419/6096/5713 6416/6091/5713
f 6416/6091/5714 6419/6096/5714 6420/6097/5714 6417/6093/5714
f 6417/6093/5715 6420/6097/5715 6421/6089/5715 6418/6088/5715
f 2199/6095/5716 2198/356/5716 6422/6098/5716 6419/6096/5716
f 6419/6096/5717 6422/6098/5717 6423/6099/5717 6420/6097/5717
f 6420/6097/5718 6423/6099/5718 6424/357/5718 6421/6089/5718
f 2198/356/5719 152/355/5719 953/5848/5719 6422/6098/5719
f 6422/6098/5720 953/5848/5720 954/5850/5720 6423/6099/5720
f 6423/6099/5721 954/5850/5721 955/358/5721 6424/357/5721
f 889/274/5722 6427/6100/5722 2200/6090/5722 132/275/5722
f 6427/6100/5723 6430/6101/5723 2199/6095/5723 2200/6090/5723
f 6430/6101/5724 6433/353/5724 2198/356/5724 2199/6095/5724
f 131/271/5725 2197/6102/5725 6425/6103/5725 887/6104/5725
f 887/6104/5726 6425/6103/5726 6426/6105/5726 888/6106/5726
f 888/6106/5727 6426/6105/5727 6427/6100/5727 889/274/5727
f 2197/6102/5728 2196/6107/5728 6428/6108/5728 6425/6103/5728
f 6425/6103/5729 6428/6108/5729 6429/6109/5729 6426/6105/5729
f 6426/6105/5730 6429/6109/5730 6430/6101/5730 6427/6100/5730
f 2196/6107/5731 2195/352/5731 6431/6110/5731 6428/6108/5731
f 6428/6108/5732 6431/6110/5732 6432/6111/5732 6429/6109/5732
f 6429/6109/5733 6432/6111/5733 6433/353/5733 6430/6101/5733
f 2195/352/5734 151/351/5734 950/5860/5734 6431/6110/5734
f 6431/6110/5735 950/5860/5735 951/5862/5735 6432/6111/5735
f 6432/6111/5736 951/5862/5736 952/354/5736 6433/353/5736
f 886/270/5737 6436/6112/5737 2197/6102/5737 131/271/5737
f 6436/6112/5738 6439/6113/5738 2196/6107/5738 2197/6102/5738
f 6439/6113/5739 6442/349/5739 2195/352/5739 2196/6107/5739
f 130/267/5740 2194/6114/5740 6434/6115/5740 884/6116/5740
f 884/6116/5741 6434/6115/5741 6435/6117/5741 885/6118/5741
f 885/6118/5742 6435/6117/5742 6436/6112/5742 886/270/5742
f 2194/6114/5743 2193/6119/5743 6437/6120/5743 6434/6115/5743
f 6434/6115/5744 6437/6120/5744 6438/6121/5744 6435/6117/5744
f 6435/6117/5745 6438/6121/5745 6439/6113/5745 6436/6112/5745
f 2193/6119/5746 2192/348/5746 6440/6122/5746 6437/6120/5746
f 6437/6120/5747 6440/6122/5747 6441/6123/5747 6438/6121/5747
f 6438/6121/5748 6441/6123/5748 6442/349/5748 6439/6113/5748
f 2192/348/5749 150/347/5749 947/5872/5749 6440/6122/5749
f 6440/6122/5750 947/5872/5750 948/5874/5750 6441/6123/5750
f 6441/6123/5751 948/5874/5751 949/350/5751 6442/349/5751
f 883/266/5752 6445/6124/5752 2194/6114/5752 130/267/5752
f 6445/6124/5753 6448/6125/5753 2193/6119/5753 2194/6114/5753
f 6448/6125/5754 6451/345/5754 2192/348/5754 2193/6119/5754
f 129/263/5755 2191/6126/5755 6443/6127/5755 881/6128/5755
f 881/6128/5756 6443/6127/5756 6444/6129/5756 882/6130/5756
f 882/6130/5757 6444/6129/5757 6445/6124/5757 883/266/5757
f 2191/6126/5758 2190/6131/5758 6446/6132/5758 6443/6127/5758
f 6443/6127/5759 6446/6132/5759 6447/6133/5759 6444/6129/5759
f 6444/6129/5760 6447/6133/5760 6448/6125/5760 6445/6124/5760
f 2190/6131/5761 2189/344/5761 6449/6134/5761 6446/6132/5761
f 6446/6132/5762 6449/6134/5762 6450/6135/5762 6447/6133/5762
f 6447/6133/5763 6450/6135/5763 6451/345/5763 6448/6125/5763
f 2189/344/5764 149/343/5764 944/5884/5764 6449/6134/5764
f 6449/6134/5765 944/5884/5765 945/5886/5765 6450/6135/5765
f 6450/6135/5766 945/5886/5766 946/346/5766 6451/345/5766
f 880/262/5767 6454/6136/5767 2191/6126/5767 129/263/5767
f 6454/6136/5768 6457/6137/5768 2190/6131/5768 2191/6126/5768
f 6457/6137/5769 6460/341/5769 2189/344/5769 2190/6131/5769
f 128/259/5770 2188/6138/5770 6452/6139/5770 878/6140/5770
f 878/6140/5771 6452/6139/5771 6453/6141/5771 879/6142/5771
f 879/6142/5772 6453/6141/5772 6454/6136/5772 880/262/5772
f 2188/6138/5773 2187/6143/5773 6455/6144/5773 6452/6139/5773
f 6452/6139/5774 6455/6144/5774 6456/6145/5774 6453/6141/5774
f 6453/6141/5775 6456/6145/5775 6457/6137/5775 6454/6136/5775
f 2187/6143/5776 2186/340/5776 6458/6146/5776 6455/6144/5776
f 6455/6144/5777 6458/6146/5777 6459/6147/5777 6456/6145/5777
f 6456/6145/5778 6459/6147/5778 6460/341/5778 6457/6137/5778
f 2186/340/5779 148/339/5779 941/5896/5779 6458/6146/5779
f 6458/6146/5780 941/5896/5780 942/5898/5780 6459/6147/5780
f 6459/6147/5781 942/5898/5781 943/342/5781 6460/341/5781
f 877/258/5782 6463/6148/5782 2188/6138/5782 128/259/5782
f 6463/6148/5783 6466/6149/5783 2187/6143/5783 2188/6138/5783
f 6466/6149/5784 6469/337/5784 2186/340/5784 2187/6143/5784
f 127/255/5785 2185/6150/5785 6461/6151/5785 875/6152/5785
f 875/6152/5786 6461/6151/5786 6462/6153/5786 876/6154/5786
f 876/6154/5787 6462/6153/5787 6463/6148/5787 877/258/5787
f 2185/6150/5788 2184/6155/5788 6464/6156/5788 6461/6151/5788
f 6461/6151/5789 6464/6156/5789 6465/6157/5789 6462/6153/5789
f 6462/6153/5790 6465/6157/5790 6466/6149/5790 6463/6148/5790
f 2184/6155/5791 2183/336/5791 6467/6158/5791 6464/6156/5791
f 6464/6156/5792 6467/6158/5792 6468/6159/5792 6465/6157/5792
f 6465/6157/5793 6468/6159/5793 6469/337/5793 6466/6149/5793
f 2183/336/5794 147/335/5794 938/5908/5794 6467/6158/5794
f 6467/6158/5795 938/5908/5795 939/5910/5795 6468/6159/5795
f 6468/6159/5796 939/5910/5796 940/338/5796 6469/337/5796
f 874/254/5797 6472/6160/5797 2185/6150/5797 127/255/5797
f 6472/6160/5798 6475/6161/5798 2184/6155/5798 2185/6150/5798
f 6475/6161/5799 6478/333/5799 2183/336/5799 2184/6155/5799
f 126/251/5800 2182/6162/5800 6470/6163/5800 872/6164/5800
f 872/6164/5801 6470/6163/5801 6471/6165/5801 873/6166/5801
f 873/6166/5802 6471/6165/5802 6472/6160/5802 874/254/5802
f 2182/6162/5803 2181/6167/5803 6473/6168/5803 6470/6163/5803
f 6470/6163/5804 6473/6168/5804 6474/6169/5804 6471/6165/5804
f 6471/6165/5805 6474/6169/5805 6475/6161/5805 6472/6160/5805
f 2181/6167/5806 2180/332/5806 6476/6170/5806 6473/6168/5806
f 6473/6168/5807 6476/6170/5807 6477/6171/5807 6474/6169/5807
f 6474/6169/5808 6477/6171/5808 6478/333/5808 6475/6161/5808
f 2180/332/5809 146/331/5809 935/5920/5809 6476/6170/5809
f 6476/6170/5810 935/5920/5810 936/5922/5810 6477/6171/5810
f 6477/6171/5811 936/5922/5811 937/334/5811 6478/333/5811
f 871/250/5812 6481/6172/5812 2182/6162/5812 126/251/5812
f 6481/6172/5813 6484/6173/5813 2181/6167/5813 2182/6162/5813
f 6484/6173/5814 6487/329/5814 2180/332/5814 2181/6167/5814
f 125/247/5815 2179/6174/5815 6479/6175/5815 869/6176/5815
f 869/6176/5816 6479/6175/5816 6480/6177/5816 870/6178/5816
f 870/6178/5817 6480/6177/5817 6481/6172/5817 871/250/5817
f 2179/6174/5818 2178/6179/5818 6482/6180/5818 6479/6175/5818
f 6479/6175/5819 6482/6180/5819 6483/6181/5819 6480/6177/5819
f 6480/6177/5820 6483/6181/5820 6484/6173/5820 6481/6172/5820
f 2178/6179/5821 2177/328/5821 6485/6182/5821 6482/6180/5821
f 6482/6180/5822 6485/6182/5822 6486/6183/5822 6483/6181/5822
f 6483/6181/5823 6486/6183/5823 6487/329/5823 6484/6173/5823
f 2177/328/5824 145/327/5824 932/5932/5824 6485/6182/5824
f 6485/6182/5825 932/5932/5825 933/5934/5825 6486/6183/5825
f 6486/6183/5826 933/5934/5826 934/330/5826 6487/329/5826
f 868/246/5827 6490/6184/5827 2179/6174/5827 125/247/5827
f 6490/6184/5828 6493/6185/5828 2178/6179/5828 2179/6174/5828
f 6493/6185/5829 6496/325/5829 2177/328/5829 2178/6179/5829
f 27/6186/5830 566/6187/5830 6488/6188/5830 866/6189/5830
f 866/6189/5831 6488/6188/5831 6489/6190/5831 867/6191/5831
f 867/6191/5832 6489/6190/5832 6490/6184/5832 868/246/5832
f 566/6187/5833 567/6192/5833 6491/6193/5833 6488/6188/5833
f 6488/6188/5834 6491/6193/5834 6492/6194/5834 6489/6190/5834
f 6489/6190/5835 6492/6194/5835 6493/6185/5835 6490/6184/5835
f 567/6192/5836 568/6195/5836 6494/6196/5836 6491/6193/5836
f 6491/6193/5837 6494/6196/5837 6495/6197/5837 6492/6194/5837
f 6492/6194/5838 6495/6197/5838 6496/325/5838 6493/6185/5838
f 568/6195/5839 28/5942/5839 929/5945/5839 6494/6196/5839
f 6494/6196/5840 929/5945/5840 930/5947/5840 6495/6197/5840
f 6495/6197/5841 930/5947/5841 931/326/5841 6496/325/5841
f 862/242/5842 6499/6198/5842 2176/6199/5842 124/243/5842
f 6499/6198/5843 6502/6200/5843 2175/6201/5843 2176/6199/5843
f 6502/6200/5844 6505/321/5844 2174/324/5844 2175/6201/5844
f 123/239/5845 2173/6202/5845 6497/6203/5845 860/6204/5845
f 860/6204/5846 6497/6203/5846 6498/6205/5846 861/6206/5846
f 861/6206/5847 6498/6205/5847 6499/6198/5847 862/242/5847
f 2173/6202/5848 2172/6207/5848 6500/6208/5848 6497/6203/5848
f 6497/6203/5849 6500/6208/5849 6501/6209/5849 6498/6205/5849
f 6498/6205/5850 6501/6209/5850 6502/6200/5850 6499/6198/5850
f 2172/6207/5851 2171/320/5851 6503/6210/5851 6500/6208/5851
f 6500/6208/5852 6503/6210/5852 6504/6211/5852 6501/6209/5852
f 6501/6209/5853 6504/6211/5853 6505/321/5853 6502/6200/5853
f 2171/320/5854 143/319/5854 923/5960/5854 6503/6210/5854
f 6503/6210/5855 923/5960/5855 924/5962/5855 6504/6211/5855
f 6504/6211/5856 924/5962/5856 925/322/5856 6505/321/5856
f 859/238/5857 6508/6212/5857 2173/6202/5857 123/239/5857
f 6508/6212/5858 6511/6213/5858 2172/6207/5858 2173/6202/5858
f 6511/6213/5859 6514/317/5859 2171/320/5859 2172/6207/5859
f 122/235/5860 2170/6214/5860 6506/6215/5860 857/6216/5860
f 857/6216/5861 6506/6215/5861 6507/6217/5861 858/6218/5861
f 858/6218/5862 6507/6217/5862 6508/6212/5862 859/238/5862
f 2170/6214/5863 2169/6219/5863 6509/6220/5863 6506/6215/5863
f 6506/6215/5864 6509/6220/5864 6510/6221/5864 6507/6217/5864
f 6507/6217/5865 6510/6221/5865 6511/6213/5865 6508/6212/5865
f 2169/6219/5866 2168/316/5866 6512/6222/5866 6509/6220/5866
f 6509/6220/5867 6512/6222/5867 6513/6223/5867 6510/6221/5867
f 6510/6221/5868 6513/6223/5868 6514/317/5868 6511/6213/5868
f 2168/316/5869 142/315/5869 920/5972/5869 6512/6222/5869
f 6512/6222/5870 920/5972/5870 921/5974/5870 6513/6223/5870
f 6513/6223/5871 921/5974/5871 922/318/5871 6514/317/5871
f 856/234/5872 6517/6224/5872 2170/6214/5872 122/235/5872
f 6517/6224/5873 6520/6225/5873 2169/6219/5873 2170/6214/5873
f 6520/6225/5874 6523/313/5874 2168/316/5874 2169/6219/5874
f 121/231/5875 2167/6226/5875 6515/6227/5875 854/6228/5875
f 854/6228/5876 6515/6227/5876 6516/6229/5876 855/6230/5876
f 855/6230/5877 6516/6229/5877 6517/6224/5877 856/234/5877
f 2167/6226/5878 2166/6231/5878 6518/6232/5878 6515/6227/5878
f 6515/6227/5879 6518/6232/5879 6519/6233/5879 6516/6229/5879
f 6516/6229/5880 6519/6233/5880 6520/6225/5880 6517/6224/5880
f 2166/6231/5881 2165/312/5881 6521/6234/5881 6518/6232/5881
f 6518/6232/5882 6521/6234/5882 6522/6235/5882 6519/6233/5882
f 6519/6233/5883 6522/6235/5883 6523/313/5883 6520/6225/5883
f 2165/312/5884 141/311/5884 917/5984/5884 6521/6234/5884
f 6521/6234/5885 917/5984/5885 918/5986/5885 6522/6235/5885
f 6522/6235/5886 918/5986/5886 919/314/5886 6523/313/5886
f 853/230/5887 6526/6236/5887 2167/6226/5887 121/231/5887
f 6526/6236/5888 6529/6237/5888 2166/6231/5888 2167/6226/5888
f 6529/6237/5889 6532/309/5889 2165/312/5889 2166/6231/5889
f 120/227/5890 2164/6238/5890 6524/6239/5890 851/6240/5890
f 851/6240/5891 6524/6239/5891 6525/6241/5891 852/6242/5891
f 852/6242/5892 6525/6241/5892 6526/6236/5892 853/230/5892
f 2164/6238/5893 2163/6243/5893 6527/6244/5893 6524/6239/5893
f 6524/6239/5894 6527/6244/5894 6528/6245/5894 6525/6241/5894
f 6525/6241/5895 6528/6245/5895 6529/6237/5895 6526/6236/5895
f 2163/6243/5896 2162/308/5896 6530/6246/5896 6527/6244/5896
f 6527/6244/5897 6530/6246/5897 6531/6247/5897 6528/6245/5897
f 6528/6245/5898 6531/6247/5898 6532/309/5898 6529/6237/5898
f 2162/308/5899 140/307/5899 914/5996/5899 6530/6246/5899
f 6530/6246/5900 914/5996/5900 915/5998/5900 6531/6247/5900
f 6531/6247/5901 915/5998/5901 916/310/5901 6532/309/5901
f 850/226/5902 6535/6248/5902 2164/6238/5902 120/227/5902
f 6535/6248/5903 6538/6249/5903 2163/6243/5903 2164/6238/5903
f 6538/6249/5904 6541/305/5904 2162/308/5904 2163/6243/5904
f 119/223/5905 2161/6250/5905 6533/6251/5905 848/6252/5905
f 848/6252/5906 6533/6251/5906 6534/6253/5906 849/6254/5906
f 849/6254/5907 6534/6253/5907 6535/6248/5907 850/226/5907
f 2161/6250/5908 2160/6255/5908 6536/6256/5908 6533/6251/5908
f 6533/6251/5909 6536/6256/5909 6537/6257/5909 6534/6253/5909
f 6534/6253/5910 6537/6257/5910 6538/6249/5910 6535/6248/5910
f 2160/6255/5911 2159/304/5911 6539/6258/5911 6536/6256/5911
f 6536/6256/5912 6539/6258/5912 6540/6259/5912 6537/6257/5912
f 6537/6257/5913 6540/6259/5913 6541/305/5913 6538/6249/5913
f 2159/304/5914 139/303/5914 911/6008/5914 6539/6258/5914
f 6539/6258/5915 911/6008/5915 912/6010/5915 6540/6259/5915
f 6540/6259/5916 912/6010/5916 913/306/5916 6541/305/5916
f 847/222/5917 6544/6260/5917 2161/6250/5917 119/223/5917
f 6544/6260/5918 6547/6261/5918 2160/6255/5918 2161/6250/5918
f 6547/6261/5919 6550/301/5919 2159/304/5919 2160/6255/5919
f 118/219/5920 2158/6262/5920 6542/6263/5920 845/6264/5920
f 845/6264/5921 6542/6263/5921 6543/6265/5921 846/6266/5921
f 846/6266/5922 6543/6265/5922 6544/6260/5922 847/222/5922
f 2158/6262/5923 2157/6267/5923 6545/6268/5923 6542/6263/5923
f 6542/6263/5924 6545/6268/5924 6546/6269/5924 6543/6265/5924
f 6543/6265/5925 6546/6269/5925 6547/6261/5925 6544/6260/5925
f 2157/6267/5926 2156/300/5926 6548/6270/5926 6545/6268/5926
f 6545/6268/5927 6548/6270/5927 6549/6271/5927 6546/6269/5927
f 6546/6269/5928 6549/6271/5928 6550/301/5928 6547/6261/5928
f 2156/300/5929 138/299/5929 908/6020/5929 6548/6270/5929
f 6548/6270/5930 908/6020/5930 909/6022/5930 6549/6271/5930
f 6549/6271/5931 909/6022/5931 910/302/5931 6550/301/5931
f 844/218/5932 6553/6272/5932 2158/6262/5932 118/219/5932
f 6553/6272/5933 6556/6273/5933 2157/6267/5933 2158/6262/5933
f 6556/6273/5934 6559/297/5934 2156/300/5934 2157/6267/5934
f 117/215/5935 2155/6274/5935 6551/6275/5935 842/6276/5935
f 842/6276/5936 6551/6275/5936 6552/6277/5936 843/6278/5936
f 843/6278/5937 6552/6277/5937 6553/6272/5937 844/218/5937
f 2155/6274/5938 2154/6279/5938 6554/6280/5938 6551/6275/5938
f 6551/6275/5939 6554/6280/5939 6555/6281/5939 6552/6277/5939
f 6552/6277/5940 6555/6281/5940 6556/6273/5940 6553/6272/5940
f 2154/6279/5941 2153/296/5941 6557/6282/5941 6554/6280/5941
f 6554/6280/5942 6557/6282/5942 6558/6283/5942 6555/6281/5942
f 6555/6281/5943 6558/6283/5943 6559/297/5943 6556/6273/5943
f 2153/296/5944 137/295/5944 905/6032/5944 6557/6282/5944
f 6557/6282/5945 905/6032/5945 906/6034/5945 6558/6283/5945
f 6558/6283/5946 906/6034/5946 907/298/5946 6559/297/5946
f 841/214/5947 6562/6284/5947 2155/6274/5947 117/215/5947
f 6562/6284/5948 6565/6285/5948 2154/6279/5948 2155/6274/5948
f 6565/6285/5949 6568/293/5949 2153/296/5949 2154/6279/5949
f 116/211/5950 2152/6286/5950 6560/6287/5950 839/6288/5950
f 839/6288/5951 6560/6287/5951 6561/6289/5951 840/6290/5951
f 840/6290/5952 6561/6289/5952 6562/6284/5952 841/214/5952
f 2152/6286/5953 2151/6291/5953 6563/6292/5953 6560/6287/5953
f 6560/6287/5954 6563/6292/5954 6564/6293/5954 6561/6289/5954
f 6561/6289/5955 6564/6293/5955 6565/6285/5955 6562/6284/5955
f 2151/6291/5956 2150/292/5956 6566/6294/5956 6563/6292/5956
f 6563/6292/5957 6566/6294/5957 6567/6295/5957 6564/6293/5957
f 6564/6293/5958 6567/6295/5958 6568/293/5958 6565/6285/5958
f 2150/292/5959 136/291/5959 902/6044/5959 6566/6294/5959
f 6566/6294/5960 902/6044/5960 903/6046/5960 6567/6295/5960
f 6567/6295/5961 903/6046/5961 904/294/5961 6568/293/5961
f 838/210/5962 6571/6296/5962 2152/6286/5962 116/211/5962
f 6571/6296/5963 6574/6297/5963 2151/6291/5963 2152/6286/5963
f 6574/6297/5964 6577/289/5964 2150/292/5964 2151/6291/5964
f 115/207/5965 2149/6298/5965 6569/6299/5965 836/6300/5965
f 836/6300/5966 6569/6299/5966 6570/6301/5966 837/6302/5966
f 837/6302/5967 6570/6301/5967 6571/6296/5967 838/210/5967
f 2149/6298/5968 2148/6303/5968 6572/6304/5968 6569/6299/5968
f 6569/6299/5969 6572/6304/5969 6573/6305/5969 6570/6301/5969
f 6570/6301/5970 6573/6305/5970 6574/6297/5970 6571/6296/5970
f 2148/6303/5971 2147/288/5971 6575/6306/5971 6572/6304/5971
f 6572/6304/5972 6575/6306/5972 6576/6307/5972 6573/6305/5972
f 6573/6305/5973 6576/6307/5973 6577/289/5973 6574/6297/5973
f 2147/288/5974 135/287/5974 899/6056/5974 6575/6306/5974
f 6575/6306/5975 899/6056/5975 900/6058/5975 6576/6307/5975
f 6576/6307/5976 900/6058/5976 901/290/5976 6577/289/5976
f 835/206/5977 6580/6308/5977 2149/6298/5977 115/207/5977
f 6580/6308/5978 6583/6309/5978 2148/6303/5978 2149/6298/5978
f 6583/6309/5979 6586/285/5979 2147/288/5979 2148/6303/5979
f 114/203/5980 2146/6310/5980 6578/6311/5980 833/6312/5980
f 833/6312/5981 6578/6311/5981 6579/6313/5981 834/6314/5981
f 834/6314/5982 6579/6313/5982 6580/6308/5982 835/206/5982
f 2146/6310/5983 2145/6315/5983 6581/6316/5983 6578/6311/5983
f 6578/6311/5984 6581/6316/5984 6582/6317/5984 6579/6313/5984
f 6579/6313/5985 6582/6317/5985 6583/6309/5985 6580/6308/5985
f 2145/6315/5986 2144/284/5986 6584/6318/5986 6581/6316/5986
f 6581/6316/5987 6584/6318/5987 6585/6319/5987 6582/6317/5987
f 6582/6317/5988 6585/6319/5988 6586/285/5988 6583/6309/5988
f 2144/284/5989 134/283/5989 896/6068/5989 6584/6318/5989
f 6584/6318/5990 896/6068/5990 897/6070/5990 6585/6319/5990
f 6585/6319/5991 897/6070/5991 898/286/5991 6586/285/5991
f 832/202/5992 6589/6320/5992 2146/6310/5992 114/203/5992
f 6589/6320/5993 6592/6321/5993 2145/6315/5993 2146/6310/5993
f 6592/6321/5994 6595/281/5994 2144/284/5994 2145/6315/5994
f 113/199/5995 2143/6322/5995 6587/6323/5995 830/6324/5995
f 830/6324/5996 6587/6323/5996 6588/6325/5996 831/6326/5996
f 831/6326/5997 6588/6325/5997 6589/6320/5997 832/202/5997
f 2143/6322/5998 2142/6327/5998 6590/6328/5998 6587/6323/5998
f 6587/6323/5999 6590/6328/5999 6591/6329/5999 6588/6325/5999
f 6588/6325/6000 6591/6329/6000 6592/6321/6000 6589/6320/6000
f 2142/6327/6001 2141/280/6001 6593/6330/6001 6590/6328/6001
f 6590/6328/6002 6593/6330/6002 6594/6331/6002 6591/6329/6002
f 6591/6329/6003 6594/6331/6003 6595/281/6003 6592/6321/6003
f 2141/280/6004 133/279/6004 893/6080/6004 6593/6330/6004
f 6593/6330/6005 893/6080/6005 894/6082/6005 6594/6331/6005
f 6594/6331/6006 894/6082/6006 895/282/6006 6595/281/6006
f 829/198/6007 6598/6332/6007 2143/6322/6007 113/199/6007
f 6598/6332/6008 6601/6333/6008 2142/6327/6008 2143/6322/6008
f 6601/6333/6009 6604/277/6009 2141/280/6009 2142/6327/6009
f 112/195/6010 2140/6334/6010 6596/6335/6010 827/6336/6010
f 827/6336/6011 6596/6335/6011 6597/6337/6011 828/6338/6011
f 828/6338/6012 6597/6337/6012 6598/6332/6012 829/198/6012
f 2140/6334/6013 2139/6339/6013 6599/6340/6013 6596/6335/6013
f 6596/6335/6014 6599/6340/6014 6600/6341/6014 6597/6337/6014
f 6597/6337/6015 6600/6341/6015 6601/6333/6015 6598/6332/6015
f 2139/6339/6016 2138/276/6016 6602/6342/6016 6599/6340/6016
f 6599/6340/6017 6602/6342/6017 6603/6343/6017 6600/6341/6017
f 6600/6341/6018 6603/6343/6018 6604/277/6018 6601/6333/6018
f 2138/276/6019 132/275/6019 890/6092/6019 6602/6342/6019
f 6602/6342/6020 890/6092/6020 891/6094/6020 6603/6343/6020
f 6603/6343/6021 891/6094/6021 892/278/6021 6604/277/6021
f 826/194/6022 6607/6344/6022 2140/6334/6022 112/195/6022
f 6607/6344/6023 6610/6345/6023 2139/6339/6023 2140/6334/6023
f 6610/6345/6024 6613/273/6024 2138/276/6024 2139/6339/6024
f 111/191/6025 2137/6346/6025 6605/6347/6025 824/6348/6025
f 824/6348/6026 6605/6347/6026 6606/6349/6026 825/6350/6026
f 825/6350/6027 6606/6349/6027 6607/6344/6027 826/194/6027
f 2137/6346/6028 2136/6351/6028 6608/6352/6028 6605/6347/6028
f 6605/6347/6029 6608/6352/6029 6609/6353/6029 6606/6349/6029
f 6606/6349/6030 6609/6353/6030 6610/6345/6030 6607/6344/6030
f 2136/6351/6031 2135/272/6031 6611/6354/6031 6608/6352/6031
f 6608/6352/6032 6611/6354/6032 6612/6355/6032 6609/6353/6032
f 6609/6353/6033 6612/6355/6033 6613/273/6033 6610/6345/6033
f 2135/272/6034 131/271/6034 887/6104/6034 6611/6354/6034
f 6611/6354/6035 887/6104/6035 888/6106/6035 6612/6355/6035
f 6612/6355/6036 888/6106/6036 889/274/6036 6613/273/6036
f 823/190/6037 6616/6356/6037 2137/6346/6037 111/191/6037
f 6616/6356/6038 6619/6357/6038 2136/6351/6038 2137/6346/6038
f 6619/6357/6039 6622/269/6039 2135/272/6039 2136/6351/6039
f 110/187/6040 2134/6358/6040 6614/6359/6040 821/6360/6040
f 821/6360/6041 6614/6359/6041 6615/6361/6041 822/6362/6041
f 822/6362/6042 6615/6361/6042 6616/6356/6042 823/190/6042
f 2134/6358/6043 2133/6363/6043 6617/6364/6043 6614/6359/6043
f 6614/6359/6044 6617/6364/6044 6618/6365/6044 6615/6361/6044
f 6615/6361/6045 6618/6365/6045 6619/6357/6045 6616/6356/6045
f 2133/6363/6046 2132/268/6046 6620/6366/6046 6617/6364/6046
f 6617/6364/6047 6620/6366/6047 6621/6367/6047 6618/6365/6047
f 6618/6365/6048 6621/6367/6048 6622/269/6048 6619/6357/6048
f 2132/268/6049 130/267/6049 884/6116/6049 6620/6366/6049
f 6620/6366/6050 884/6116/6050 885/6118/6050 6621/6367/6050
f 6621/6367/6051 885/6118/6051 886/270/6051 6622/269/6051
f 820/186/6052 6625/6368/6052 2134/6358/6052 110/187/6052
f 6625/6368/6053 6628/6369/6053 2133/6363/6053 2134/6358/6053
f 6628/6369/6054 6631/265/6054 2132/268/6054 2133/6363/6054
f 109/183/6055 2131/6370/6055 6623/6371/6055 818/6372/6055
f 818/6372/6056 6623/6371/6056 6624/6373/6056 819/6374/6056
f 819/6374/6057 6624/6373/6057 6625/6368/6057 820/186/6057
f 2131/6370/6058 2130/6375/6058 6626/6376/6058 6623/6371/6058
f 6623/6371/6059 6626/6376/6059 6627/6377/6059 6624/6373/6059
f 6624/6373/6060 6627/6377/6060 6628/6369/6060 6625/6368/6060
f 2130/6375/6061 2129/264/6061 6629/6378/6061 6626/6376/6061
f 6626/6376/6062 6629/6378/6062 6630/6379/6062 6627/6377/6062
f 6627/6377/6063 6630/6379/6063 6631/265/6063 6628/6369/6063
f 2129/264/6064 129/263/6064 881/6128/6064 6629/6378/6064
f 6629/6378/6065 881/6128/6065 882/6130/6065 6630/6379/6065
f 6630/6379/6066 882/6130/6066 883/266/6066 6631/265/6066
f 817/182/6067 6634/6380/6067 2131/6370/6067 109/183/6067
f 6634/6380/6068 6637/6381/6068 2130/6375/6068 2131/6370/6068
f 6637/6381/6069 6640/261/6069 2129/264/6069 2130/6375/6069
f 108/179/6070 2128/6382/6070 6632/6383/6070 815/6384/6070
f 815/6384/6071 6632/6383/6071 6633/6385/6071 816/6386/6071
f 816/6386/6072 6633/6385/6072 6634/6380/6072 817/182/6072
f 2128/6382/6073 2127/6387/6073 6635/6388/6073 6632/6383/6073
f 6632/6383/6074 6635/6388/6074 6636/6389/6074 6633/6385/6074
f 6633/6385/6075 6636/6389/6075 6637/6381/6075 6634/6380/6075
f 2127/6387/6076 2126/260/6076 6638/6390/6076 6635/6388/6076
f 6635/6388/6077 6638/6390/6077 6639/6391/6077 6636/6389/6077
f 6636/6389/6078 6639/6391/6078 6640/261/6078 6637/6381/6078
f 2126/260/6079 128/259/6079 878/6140/6079 6638/6390/6079
f 6638/6390/6080 878/6140/6080 879/6142/6080 6639/6391/6080
f 6639/6391/6081 879/6142/6081 880/262/6081 6640/261/6081
f 814/178/6082 6643/6392/6082 2128/6382/6082 108/179/6082
f 6643/6392/6083 6646/6393/6083 2127/6387/6083 2128/6382/6083
f 6646/6393/6084 6649/257/6084 2126/260/6084 2127/6387/6084
f 107/175/6085 2125/6394/6085 6641/6395/6085 812/6396/6085
f 812/6396/6086 6641/6395/6086 6642/6397/6086 813/6398/6086
f 813/6398/6087 6642/6397/6087 6643/6392/6087 814/178/6087
f 2125/6394/6088 2124/6399/6088 6644/6400/6088 6641/6395/6088
f 6641/6395/6089 6644/6400/6089 6645/6401/6089 6642/6397/6089
f 6642/6397/6090 6645/6401/6090 6646/6393/6090 6643/6392/6090
f 2124/6399/6091 2123/256/6091 6647/6402/6091 6644/6400/6091
f 6644/6400/6092 6647/6402/6092 6648/6403/6092 6645/6401/6092
f 6645/6401/6093 6648/6403/6093 6649/257/6093 6646/6393/6093
f 2123/256/6094 127/255/6094 875/6152/6094 6647/6402/6094
f 6647/6402/6095 875/6152/6095 876/6154/6095 6648/6403/6095
f 6648/6403/6096 876/6154/6096 877/258/6096 6649/257/6096
f 811/174/6097 6652/6404/6097 2125/6394/6097 107/175/6097
f 6652/6404/6098 6655/6405/6098 2124/6399/6098 2125/6394/6098
f 6655/6405/6099 6658/253/6099 2123/256/6099 2124/6399/6099
f 106/171/6100 2122/6406/6100 6650/6407/6100 809/6408/6100
f 809/6408/6101 6650/6407/6101 6651/6409/6101 810/6410/6101
f 810/6410/6102 6651/6409/6102 6652/6404/6102 811/174/6102
f 2122/6406/6103 2121/6411/6103 6653/6412/6103 6650/6407/6103
f 6650/6407/6104 6653/6412/6104 6654/6413/6104 6651/6409/6104
f 6651/6409/6105 6654/6413/6105 6655/6405/6105 6652/6404/6105
f 2121/6411/6106 2120/252/6106 6656/6414/6106 6653/6412/6106
f 6653/6412/6107 6656/6414/6107 6657/6415/6107 6654/6413/6107
f 6654/6413/6108 6657/6415/6108 6658/253/6108 6655/6405/6108
f 2120/252/6109 126/251/6109 872/6164/6109 6656/6414/6109
f 6656/6414/6110 872/6164/6110 873/6166/6110 6657/6415/6110
f 6657/6415/6111 873/6166/6111 874/254/6111 6658/253/6111
f 808/170/6112 6661/6416/6112 2122/6406/6112 106/171/6112
f 6661/6416/6113 6664/6417/6113 2121/6411/6113 2122/6406/6113
f 6664/6417/6114 6667/249/6114 2120/252/6114 2121/6411/6114
f 105/167/6115 2119/6418/6115 6659/6419/6115 806/6420/6115
f 806/6420/6116 6659/6419/6116 6660/6421/6116 807/6422/6116
f 807/6422/6117 6660/6421/6117 6661/6416/6117 808/170/6117
f 2119/6418/6118 2118/6423/6118 6662/6424/6118 6659/6419/6118
f 6659/6419/6119 6662/6424/6119 6663/6425/6119 6660/6421/6119
f 6660/6421/6120 6663/6425/6120 6664/6417/6120 6661/6416/6120
f 2118/6423/6121 2117/248/6121 6665/6426/6121 6662/6424/6121
f 6662/6424/6122 6665/6426/6122 6666/6427/6122 6663/6425/6122
f 6663/6425/6123 6666/6427/6123 6667/249/6123 6664/6417/6123
f 2117/248/6124 125/247/6124 869/6176/6124 6665/6426/6124
f 6665/6426/6125 869/6176/6125 870/6178/6125 6666/6427/6125
f 6666/6427/6126 870/6178/6126 871/250/6126 6667/249/6126
f 805/166/6127 6670/6428/6127 2119/6418/6127 105/167/6127
f 6670/6428/6128 6673/6429/6128 2118/6423/6128 2119/6418/6128
f 6673/6429/6129 6676/245/6129 2117/248/6129 2118/6423/6129
f 26/6430/6130 563/6431/6130 6668/6432/6130 803/6433/6130
f 803/6433/6131 6668/6432/6131 6669/6434/6131 804/6435/6131
f 804/6435/6132 6669/6434/6132 6670/6428/6132 805/166/6132
f 563/6431/6133 564/6436/6133 6671/6437/6133 6668/6432/6133
f 6668/6432/6134 6671/6437/6134 6672/6438/6134 6669/6434/6134
f 6669/6434/6135 6672/6438/6135 6673/6429/6135 6670/6428/6135
f 564/6436/6136 565/6439/6136 6674/6440/6136 6671/6437/6136
f 6671/6437/6137 6674/6440/6137 6675/6441/6137 6672/6438/6137
f 6672/6438/6138 6675/6441/6138 6676/245/6138 6673/6429/6138
f 565/6439/6139 27/6186/6139 866/6189/6139 6674/6440/6139
f 6674/6440/6140 866/6189/6140 867/6191/6140 6675/6441/6140
f 6675/6441/6141 867/6191/6141 868/246/6141 6676/245/6141
f 799/162/6142 6679/6442/6142 2116/6443/6142 104/163/6142
f 6679/6442/6143 6682/6444/6143 2115/6445/6143 2116/6443/6143
f 6682/6444/6144 6685/241/6144 2114/244/6144 2115/6445/6144
f 103/159/6145 2113/6446/6145 6677/6447/6145 797/6448/6145
f 797/6448/6146 6677/6447/6146 6678/6449/6146 798/6450/6146
f 798/6450/6147 6678/6449/6147 6679/6442/6147 799/162/6147
f 2113/6446/6148 2112/6451/6148 6680/6452/6148 6677/6447/6148
f 6677/6447/6149 6680/6452/6149 6681/6453/6149 6678/6449/6149
f 6678/6449/6150 6681/6453/6150 6682/6444/6150 6679/6442/6150
f 2112/6451/6151 2111/240/6151 6683/6454/6151 6680/6452/6151
f 6680/6452/6152 6683/6454/6152 6684/6455/6152 6681/6453/6152
f 6681/6453/6153 6684/6455/6153 6685/241/6153 6682/6444/6153
f 2111/240/6154 123/239/6154 860/6204/6154 6683/6454/6154
f 6683/6454/6155 860/6204/6155 861/6206/6155 6684/6455/6155
f 6684/6455/6156 861/6206/6156 862/242/6156 6685/241/6156
f 796/158/6157 6688/6456/6157 2113/6446/6157 103/159/6157
f 6688/6456/6158 6691/6457/6158 2112/6451/6158 2113/6446/6158
f 6691/6457/6159 6694/237/6159 2111/240/6159 2112/6451/6159
f 102/155/6160 2110/6458/6160 6686/6459/6160 794/6460/6160
f 794/6460/6161 6686/6459/6161 6687/6461/6161 795/6462/6161
f 795/6462/6162 6687/6461/6162 6688/6456/6162 796/158/6162
f 2110/6458/6163 2109/6463/6163 6689/6464/6163 6686/6459/6163
f 6686/6459/6164 6689/6464/6164 6690/6465/6164 6687/6461/6164
f 6687/6461/6165 6690/6465/6165 6691/6457/6165 6688/6456/6165
f 2109/6463/6166 2108/236/6166 6692/6466/6166 6689/6464/6166
f 6689/6464/6167 6692/6466/6167 6693/6467/6167 6690/6465/6167
f 6690/6465/6168 6693/6467/6168 6694/237/6168 6691/6457/6168
f 2108/236/6169 122/235/6169 857/6216/6169 6692/6466/6169
f 6692/6466/6170 857/6216/6170 858/6218/6170 6693/6467/6170
f 6693/6467/6171 858/6218/6171 859/238/6171 6694/237/6171
f 793/154/6172 6697/6468/6172 2110/6458/6172 102/155/6172
f 6697/6468/6173 6700/6469/6173 2109/6463/6173 2110/6458/6173
f 6700/6469/6174 6703/233/6174 2108/236/6174 2109/6463/6174
f 101/151/6175 2107/6470/6175 6695/6471/6175 791/6472/6175
f 791/6472/6176 6695/6471/6176 6696/6473/6176 792/6474/6176
f 792/6474/6177 6696/6473/6177 6697/6468/6177 793/154/6177
f 2107/6470/6178 2106/6475/6178 6698/6476/6178 6695/6471/6178
f 6695/6471/6179 6698/6476/6179 6699/6477/6179 6696/6473/6179
f 6696/6473/6180 6699/6477/6180 6700/6469/6180 6697/6468/6180
f 2106/6475/6181 2105/232/6181 6701/6478/6181 6698/6476/6181
f 6698/6476/6182 6701/6478/6182 6702/6479/6182 6699/6477/6182
f 6699/6477/6183 6702/6479/6183 6703/233/6183 6700/6469/6183
f 2105/232/6184 121/231/6184 854/6228/6184 6701/6478/6184
f 6701/6478/6185 854/6228/6185 855/6230/6185 6702/6479/6185
f 6702/6479/6186 855/6230/6186 856/234/6186 6703/233/6186
f 790/150/6187 6706/6480/6187 2107/6470/6187 101/151/6187
f 6706/6480/6188 6709/6481/6188 2106/6475/6188 2107/6470/6188
f 6709/6481/6189 6712/229/6189 2105/232/6189 2106/6475/6189
f 100/147/6190 2104/6482/6190 6704/6483/6190 788/6484/6190
f 788/6484/6191 6704/6483/6191 6705/6485/6191 789/6486/6191
f 789/6486/6192 6705/6485/6192 6706/6480/6192 790/150/6192
f 2104/6482/6193 2103/6487/6193 6707/6488/6193 6704/6483/6193
f 6704/6483/6194 6707/6488/6194 6708/6489/6194 6705/6485/6194
f 6705/6485/6195 6708/6489/6195 6709/6481/6195 6706/6480/6195
f 2103/6487/6196 2102/228/6196 6710/6490/6196 6707/6488/6196
f 6707/6488/6197 6710/6490/6197 6711/6491/6197 6708/6489/6197
f 6708/6489/6198 6711/6491/6198 6712/229/6198 6709/6481/6198
f 2102/228/6199 120/227/6199 851/6240/6199 6710/6490/6199
f 6710/6490/6200 851/6240/6200 852/6242/6200 6711/6491/6200
f 6711/6491/6201 852/6242/6201 853/230/6201 6712/229/6201
f 787/146/6202 6715/6492/6202 2104/6482/6202 100/147/6202
f 6715/6492/6203 6718/6493/6203 2103/6487/6203 2104/6482/6203
f 6718/6493/6204 6721/225/6204 2102/228/6204 2103/6487/6204
f 99/143/6205 2101/6494/6205 6713/6495/6205 785/6496/6205
f 785/6496/6206 6713/6495/6206 6714/6497/6206 786/6498/6206
f 786/6498/6207 6714/6497/6207 6715/6492/6207 787/146/6207
f 2101/6494/6208 2100/6499/6208 6716/6500/6208 6713/6495/6208
f 6713/6495/6209 6716/6500/6209 6717/6501/6209 6714/6497/6209
f 6714/6497/6210 6717/6501/6210 6718/6493/6210 6715/6492/6210
f 2100/6499/6211 2099/224/6211 6719/6502/6211 6716/6500/6211
f 6716/6500/6212 6719/6502/6212 6720/6503/6212 6717/6501/6212
f 6717/6501/6213 6720/6503/6213 6721/225/6213 6718/6493/6213
f 2099/224/6214 119/223/6214 848/6252/6214 6719/6502/6214
f 6719/6502/6215 848/6252/6215 849/6254/6215 6720/6503/6215
f 6720/6503/6216 849/6254/6216 850/226/6216 6721/225/6216
f 784/142/6217 6724/6504/6217 2101/6494/6217 99/143/6217
f 6724/6504/6218 6727/6505/6218 2100/6499/6218 2101/6494/6218
f 6727/6505/6219 6730/221/6219 2099/224/6219 2100/6499/6219
f 98/139/6220 2098/6506/6220 6722/6507/6220 782/6508/6220
f 782/6508/6221 6722/6507/6221 6723/6509/6221 783/6510/6221
f 783/6510/6222 6723/6509/6222 6724/6504/6222 784/142/6222
f 2098/6506/6223 2097/6511/6223 6725/6512/6223 6722/6507/6223
f 6722/6507/6224 6725/6512/6224 6726/6513/6224 6723/6509/6224
f 6723/6509/6225 6726/6513/6225 6727/6505/6225 6724/6504/6225
f 2097/6511/6226 2096/220/6226 6728/6514/6226 6725/6512/6226
f 6725/6512/6227 6728/6514/6227 6729/6515/6227 6726/6513/6227
f 6726/6513/6228 6729/6515/6228 6730/221/6228 6727/6505/6228
f 2096/220/6229 118/219/6229 845/6264/6229 6728/6514/6229
f 6728/6514/6230 845/6264/6230 846/6266/6230 6729/6515/6230
f 6729/6515/6231 846/6266/6231 847/222/6231 6730/221/6231
f 781/138/6232 6733/6516/6232 2098/6506/6232 98/139/6232
f 6733/6516/6233 6736/6517/6233 2097/6511/6233 2098/6506/6233
f 6736/6517/6234 6739/217/6234 2096/220/6234 2097/6511/6234
f 97/135/6235 2095/6518/6235 6731/6519/6235 779/6520/6235
f 779/6520/6236 6731/6519/6236 6732/6521/6236 780/6522/6236
f 780/6522/6237 6732/6521/6237 6733/6516/6237 781/138/6237
f 2095/6518/6238 2094/6523/6238 6734/6524/6238 6731/6519/6238
f 6731/6519/6239 6734/6524/6239 6735/6525/6239 6732/6521/6239
f 6732/6521/6240 6735/6525/6240 6736/6517/6240 6733/6516/6240
f 2094/6523/6241 2093/216/6241 6737/6526/6241 6734/6524/6241
f 6734/6524/6242 6737/6526/6242 6738/6527/6242 6735/6525/6242
f 6735/6525/6243 6738/6527/6243 6739/217/6243 6736/6517/6243
f 2093/216/6244 117/215/6244 842/6276/6244 6737/6526/6244
f 6737/6526/6245 842/6276/6245 843/6278/6245 6738/6527/6245
f 6738/6527/6246 843/6278/6246 844/218/6246 6739/217/6246
f 778/134/6247 6742/6528/6247 2095/6518/6247 97/135/6247
f 6742/6528/6248 6745/6529/6248 2094/6523/6248 2095/6518/6248
f 6745/6529/6249 6748/213/6249 2093/216/6249 2094/6523/6249
f 96/131/6250 2092/6530/6250 6740/6531/6250 776/6532/6250
f 776/6532/6251 6740/6531/6251 6741/6533/6251 777/6534/6251
f 777/6534/6252 6741/6533/6252 6742/6528/6252 778/134/6252
f 2092/6530/6253 2091/6535/6253 6743/6536/6253 6740/6531/6253
f 6740/6531/6254 6743/6536/6254 6744/6537/6254 6741/6533/6254
f 6741/6533/6255 6744/6537/6255 6745/6529/6255 6742/6528/6255
f 2091/6535/6256 2090/212/6256 6746/6538/6256 6743/6536/6256
f 6743/6536/6257 6746/6538/6257 6747/6539/6257 6744/6537/6257
f 6744/6537/6258 6747/6539/6258 6748/213/6258 6745/6529/6258
f 2090/212/6259 116/211/6259 839/6288/6259 6746/6538/6259
f 6746/6538/6260 839/6288/6260 840/6290/6260 6747/6539/6260
f 6747/6539/6261 840/6290/6261 841/214/6261 6748/213/6261
f 775/130/6262 6751/6540/6262 2092/6530/6262 96/131/6262
f 6751/6540/6263 6754/6541/6263 2091/6535/6263 2092/6530/6263
f 6754/6541/6264 6757/209/6264 2090/212/6264 2091/6535/6264
f 95/127/6265 2089/6542/6265 6749/6543/6265 773/6544/6265
f 773/6544/6266 6749/6543/6266 6750/6545/6266 774/6546/6266
f 774/6546/6267 6750/6545/6267 6751/6540/6267 775/130/6267
f 2089/6542/6268 2088/6547/6268 6752/6548/6268 6749/6543/6268
f 6749/6543/6269 6752/6548/6269 6753/6549/6269 6750/6545/6269
f 6750/6545/6270 6753/6549/6270 6754/6541/6270 6751/6540/6270
f 2088/6547/6271 2087/208/6271 6755/6550/6271 6752/6548/6271
f 6752/6548/6272 6755/6550/6272 6756/6551/6272 6753/6549/6272
f 6753/6549/6273 6756/6551/6273 6757/209/6273 6754/6541/6273
f 2087/208/6274 115/207/6274 836/6300/6274 6755/6550/6274
f 6755/6550/6275 836/6300/6275 837/6302/6275 6756/6551/6275
f 6756/6551/6276 837/6302/6276 838/210/6276 6757/209/6276
f 772/126/6277 6760/6552/6277 2089/6542/6277 95/127/6277
f 6760/6552/6278 6763/6553/6278 2088/6547/6278 2089/6542/6278
f 6763/6553/6279 6766/205/6279 2087/208/6279 2088/6547/6279
f 94/123/6280 2086/6554/6280 6758/6555/6280 770/6556/6280
f 770/6556/6281 6758/6555/6281 6759/6557/6281 771/6558/6281
f 771/6558/6282 6759/6557/6282 6760/6552/6282 772/126/6282
f 2086/6554/6283 2085/6559/6283 6761/6560/6283 6758/6555/6283
f 6758/6555/6284 6761/6560/6284 6762/6561/6284 6759/6557/6284
f 6759/6557/6285 6762/6561/6285 6763/6553/6285 6760/6552/6285
f 2085/6559/6286 2084/204/6286 6764/6562/6286 6761/6560/6286
f 6761/6560/6287 6764/6562/6287 6765/6563/6287 6762/6561/6287
f 6762/6561/6288 6765/6563/6288 6766/205/6288 6763/6553/6288
f 2084/204/6289 114/203/6289 833/6312/6289 6764/6562/6289
f 6764/6562/6290 833/6312/6290 834/6314/6290 6765/6563/6290
f 6765/6563/6291 834/6314/6291 835/206/6291 6766/205/6291
f 769/122/6292 6769/6564/6292 2086/6554/6292 94/123/6292
f 6769/6564/6293 6772/6565/6293 2085/6559/6293 2086/6554/6293
f 6772/6565/6294 6775/201/6294 2084/204/6294 2085/6559/6294
f 93/119/6295 2083/6566/6295 6767/6567/6295 767/6568/6295
f 767/6568/6296 6767/6567/6296 6768/6569/6296 768/6570/6296
f 768/6570/6297 6768/6569/6297 6769/6564/6297 769/122/6297
f 2083/6566/6298 2082/6571/6298 6770/6572/6298 6767/6567/6298
f 6767/6567/6299 6770/6572/6299 6771/6573/6299 6768/6569/6299
f 6768/6569/6300 6771/6573/6300 6772/6565/6300 6769/6564/6300
f 2082/6571/6301 2081/200/6301 6773/6574/6301 6770/6572/6301
f 6770/6572/6302 6773/6574/6302 6774/6575/6302 6771/6573/6302
f 6771/6573/6303 6774/6575/6303 6775/201/6303 6772/6565/6303
f 2081/200/6304 113/199/6304 830/6324/6304 6773/6574/6304
f 6773/6574/6305 830/6324/6305 831/6326/6305 6774/6575/6305
f 6774/6575/6306 831/6326/6306 832/202/6306 6775/201/6306
f 766/118/6307 6778/6576/6307 2083/6566/6307 93/119/6307
f 6778/6576/6308 6781/6577/6308 2082/6571/6308 2083/6566/6308
f 6781/6577/6309 6784/197/6309 2081/200/6309 2082/6571/6309
f 92/115/6310 2080/6578/6310 6776/6579/6310 764/6580/6310
f 764/6580/6311 6776/6579/6311 6777/6581/6311 765/6582/6311
f 765/6582/6312 6777/6581/6312 6778/6576/6312 766/118/6312
f 2080/6578/6313 2079/6583/6313 6779/6584/6313 6776/6579/6313
f 6776/6579/6314 6779/6584/6314 6780/6585/6314 6777/6581/6314
f 6777/6581/6315 6780/6585/6315 6781/6577/6315 6778/6576/6315
f 2079/6583/6316 2078/196/6316 6782/6586/6316 6779/6584/6316
f 6779/6584/6317 6782/6586/6317 6783/6587/6317 6780/6585/6317
f 6780/6585/6318 6783/6587/6318 6784/197/6318 6781/6577/6318
f 2078/196/6319 112/195/6319 827/6336/6319 6782/6586/6319
f 6782/6586/6320 827/6336/6320 828/6338/6320 6783/6587/6320
f 6783/6587/6321 828/6338/6321 829/198/6321 6784/197/6321
f 763/114/6322 6787/6588/6322 2080/6578/6322 92/115/6322
f 6787/6588/6323 6790/6589/6323 2079/6583/6323 2080/6578/6323
f 6790/6589/6324 6793/193/6324 2078/196/6324 2079/6583/6324
f 91/111/6325 2077/6590/6325 6785/6591/6325 761/6592/6325
f 761/6592/6326 6785/6591/6326 6786/6593/6326 762/6594/6326
f 762/6594/6327 6786/6593/6327 6787/6588/6327 763/114/6327
f 2077/6590/6328 2076/6595/6328 6788/6596/6328 6785/6591/6328
f 6785/6591/6329 6788/6596/6329 6789/6597/6329 6786/6593/6329
f 6786/6593/6330 6789/6597/6330 6790/6589/6330 6787/6588/6330
f 2076/6595/6331 2075/192/6331 6791/6598/6331 6788/6596/6331
f 6788/6596/6332 6791/6598/6332 6792/6599/6332 6789/6597/6332
f 6789/6597/6333 6792/6599/6333 6793/193/6333 6790/6589/6333
f 2075/192/6334 111/191/6334 824/6348/6334 6791/6598/6334
f 6791/6598/6335 824/6348/6335 825/6350/6335 6792/6599/6335
f 6792/6599/6336 825/6350/6336 826/194/6336 6793/193/6336
f 760/110/6337 6796/6600/6337 2077/6590/6337 91/111/6337
f 6796/6600/6338 6799/6601/6338 2076/6595/6338 2077/6590/6338
f 6799/6601/6339 6802/189/6339 2075/192/6339 2076/6595/6339
f 90/107/6340 2074/6602/6340 6794/6603/6340 758/6604/6340
f 758/6604/6341 6794/6603/6341 6795/6605/6341 759/6606/6341
f 759/6606/6342 6795/6605/6342 6796/6600/6342 760/110/6342
f 2074/6602/6343 2073/6607/6343 6797/6608/6343 6794/6603/6343
f 6794/6603/6344 6797/6608/6344 6798/6609/6344 6795/6605/6344
f 6795/6605/6345 6798/6609/6345 6799/6601/6345 6796/6600/6345
f 2073/6607/6346 2072/188/6346 6800/6610/6346 6797/6608/6346
f 6797/6608/6347 6800/6610/6347 6801/6611/6347 6798/6609/6347
f 6798/6609/6348 6801/6611/6348 6802/189/6348 6799/6601/6348
f 2072/188/6349 110/187/6349 821/6360/6349 6800/6610/6349
f 6800/6610/6350 821/6360/6350 822/6362/6350 6801/6611/6350
f 6801/6611/6351 822/6362/6351 823/190/6351 6802/189/6351
f 757/106/6352 6805/6612/6352 2074/6602/6352 90/107/6352
f 6805/6612/6353 6808/6613/6353 2073/6607/6353 2074/6602/6353
f 6808/6613/6354 6811/185/6354 2072/188/6354 2073/6607/6354
f 89/103/6355 2071/6614/6355 6803/6615/6355 755/6616/6355
f 755/6616/6356 6803/6615/6356 6804/6617/6356 756/6618/6356
f 756/6618/6357 6804/6617/6357 6805/6612/6357 757/106/6357
f 2071/6614/6358 2070/6619/6358 6806/6620/6358 6803/6615/6358
f 6803/6615/6359 6806/6620/6359 6807/6621/6359 6804/6617/6359
f 6804/6617/6360 6807/6621/6360 6808/6613/6360 6805/6612/6360
f 2070/6619/6361 2069/184/6361 6809/6622/6361 6806/6620/6361
f 6806/6620/6362 6809/6622/6362 6810/6623/6362 6807/6621/6362
f 6807/6621/6363 6810/6623/6363 6811/185/6363 6808/6613/6363
f 2069/184/6364 109/183/6364 818/6372/6364 6809/6622/6364
f 6809/6622/6365 818/6372/6365 819/6374/6365 6810/6623/6365
f 6810/6623/6366 819/6374/6366 820/186/6366 6811/185/6366
f 754/102/6367 6814/6624/6367 2071/6614/6367 89/103/6367
f 6814/6624/6368 6817/6625/6368 2070/6619/6368 2071/6614/6368
f 6817/6625/6369 6820/181/6369 2069/184/6369 2070/6619/6369
f 88/99/6370 2068/6626/6370 6812/6627/6370 752/6628/6370
f 752/6628/6371 6812/6627/6371 6813/6629/6371 753/6630/6371
f 753/6630/6372 6813/6629/6372 6814/6624/6372 754/102/6372
f 2068/6626/6373 2067/6631/6373 6815/6632/6373 6812/6627/6373
f 6812/6627/6374 6815/6632/6374 6816/6633/6374 6813/6629/6374
f 6813/6629/6375 6816/6633/6375 6817/6625/6375 6814/6624/6375
f 2067/6631/6376 2066/180/6376 6818/6634/6376 6815/6632/6376
f 6815/6632/6377 6818/6634/6377 6819/6635/6377 6816/6633/6377
f 6816/6633/6378 6819/6635/6378 6820/181/6378 6817/6625/6378
f 2066/180/6379 108/179/6379 815/6384/6379 6818/6634/6379
f 6818/6634/6380 815/6384/6380 816/6386/6380 6819/6635/6380
f 6819/6635/6381 816/6386/6381 817/182/6381 6820/181/6381
f 751/98/6382 6823/6636/6382 2068/6626/6382 88/99/6382
f 6823/6636/6383 6826/6637/6383 2067/6631/6383 2068/6626/6383
f 6826/6637/6384 6829/177/6384 2066/180/6384 2067/6631/6384
f 87/95/6385 2065/6638/6385 6821/6639/6385 749/6640/6385
f 749/6640/6386 6821/6639/6386 6822/6641/6386 750/6642/6386
f 750/6642/6387 6822/6641/6387 6823/6636/6387 751/98/6387
f 2065/6638/6388 2064/6643/6388 6824/6644/6388 6821/6639/6388
f 6821/6639/6389 6824/6644/6389 6825/6645/6389 6822/6641/6389
f 6822/6641/6390 6825/6645/6390 6826/6637/6390 6823/6636/6390
f 2064/6643/6391 2063/176/6391 6827/6646/6391 6824/6644/6391
f 6824/6644/6392 6827/6646/6392 6828/6647/6392 6825/6645/6392
f 6825/6645/6393 6828/6647/6393 6829/177/6393 6826/6637/6393
f 2063/176/6394 107/175/6394 812/6396/6394 6827/6646/6394
f 6827/6646/6395 812/6396/6395 813/6398/6395 6828/6647/6395
f 6828/6647/6396 813/6398/6396 814/178/6396 6829/177/6396
f 748/94/6397 6832/6648/6397 2065/6638/6397 87/95/6397
f 6832/6648/6398 6835/6649/6398 2064/6643/6398 2065/6638/6398
f 6835/6649/6399 6838/173/6399 2063/176/6399 2064/6643/6399
f 86/91/6400 2062/6650/6400 6830/6651/6400 746/6652/6400
f 746/6652/6401 6830/6651/6401 6831/6653/6401 747/6654/6401
f 747/6654/6402 6831/6653/6402 6832/6648/6402 748/94/6402
f 2062/6650/6403 2061/6655/6403 6833/6656/6403 6830/6651/6403
f 6830/6651/6404 6833/6656/6404 6834/6657/6404 6831/6653/6404
f 6831/6653/6405 6834/6657/6405 6835/6649/6405 6832/6648/6405
f 2061/6655/6406 2060/172/6406 6836/6658/6406 6833/6656/6406
f 6833/6656/6407 6836/6658/6407 6837/6659/6407 6834/6657/6407
f 6834/6657/6408 6837/6659/6408 6838/173/6408 6835/6649/6408
f 2060/172/6409 106/171/6409 809/6408/6409 6836/6658/6409
f 6836/6658/6410 809/6408/6410 810/6410/6410 6837/6659/6410
f 6837/6659/6411 810/6410/6411 811/174/6411 6838/173/6411
f 745/90/6412 6841/6660/6412 2062/6650/6412 86/91/6412
f 6841/6660/6413 6844/6661/6413 2061/6655/6413 2062/6650/6413
f 6844/6661/6414 6847/169/6414 2060/172/6414 2061/6655/6414
f 85/87/6415 2059/6662/6415 6839/6663/6415 743/6664/6415
f 743/6664/6416 6839/6663/6416 6840/6665/6416 744/6666/6416
f 744/6666/6417 6840/6665/6417 6841/6660/6417 745/90/6417
f 2059/6662/6418 2058/6667/6418 6842/6668/6418 6839/6663/6418
f 6839/6663/6419 6842/6668/6419 6843/6669/6419 6840/6665/6419
f 6840/6665/6420 6843/6669/6420 6844/6661/6420 6841/6660/6420
f 2058/6667/6421 2057/168/6421 6845/6670/6421 6842/6668/6421
f 6842/6668/6422 6845/6670/6422 6846/6671/6422 6843/6669/6422
f 6843/6669/6423 6846/6671/6423 6847/169/6423 6844/6661/6423
f 2057/168/6424 105/167/6424 806/6420/6424 6845/6670/6424
f 6845/6670/6425 806/6420/6425 807/6422/6425 6846/6671/6425
f 6846/6671/6426 807/6422/6426 808/170/6426 6847/169/6426
f 742/86/6427 6850/6672/6427 2059/6662/6427 85/87/6427
f 6850/6672/6428 6853/6673/6428 2058/6667/6428 2059/6662/6428
f 6853/6673/6429 6856/165/6429 2057/168/6429 2058/6667/6429
f 25/6674/6430 560/6675/6430 6848/6676/6430 740/6677/6430
f 740/6677/6431 6848/6676/6431 6849/6678/6431 741/6679/6431
f 741/6679/6432 6849/6678/6432 6850/6672/6432 742/86/6432
f 560/6675/6433 561/6680/6433 6851/6681/6433 6848/6676/6433
f 6848/6676/6434 6851/6681/6434 6852/6682/6434 6849/6678/6434
f 6849/6678/6435 6852/6682/6435 6853/6673/6435 6850/6672/6435
f 561/6680/6436 562/6683/6436 6854/6684/6436 6851/6681/6436
f 6851/6681/6437 6854/6684/6437 6855/6685/6437 6852/6682/6437
f 6852/6682/6438 6855/6685/6438 6856/165/6438 6853/6673/6438
f 562/6683/6439 26/6430/6439 803/6433/6439 6854/6684/6439
f 6854/6684/6440 803/6433/6440 804/6435/6440 6855/6685/6440
f 6855/6685/6441 804/6435/6441 805/166/6441 6856/165/6441
f 500/6686/6442 6859/6687/6442 2056/6688/6442 5/6689/6442
f 6859/6687/6443 6862/6690/6443 2055/6691/6443 2056/6688/6443
f 6862/6690/6444 6865/161/6444 2054/164/6444 2055/6691/6444
f 6/6692/6445 2053/6693/6445 6857/6694/6445 502/6695/6445
f 502/6695/6446 6857/6694/6446 6858/6696/6446 501/6697/6446
f 501/6697/6447 6858/6696/6447 6859/6687/6447 500/6686/6447
f 2053/6693/6448 2052/6698/6448 6860/6699/6448 6857/6694/6448
f 6857/6694/6449 6860/6699/6449 6861/6700/6449 6858/6696/6449
f 6858/6696/6450 6861/6700/6450 6862/6690/6450 6859/6687/6450
f 2052/6698/6451 2051/160/6451 6863/6701/6451 6860/6699/6451
f 6860/6699/6452 6863/6701/6452 6864/6702/6452 6861/6700/6452
f 6861/6700/6453 6864/6702/6453 6865/161/6453 6862/6690/6453
f 2051/160/6454 103/159/6454 797/6448/6454 6863/6701/6454
f 6863/6701/6455 797/6448/6455 798/6450/6455 6864/6702/6455
f 6864/6702/6456 798/6450/6456 799/162/6456 6865/161/6456
f 503/6703/6457 6868/6704/6457 2053/6693/6457 6/6692/6457
f 6868/6704/6458 6871/6705/6458 2052/6698/6458 2053/6693/6458
f 6871/6705/6459 6874/157/6459 2051/160/6459 2052/6698/6459
f 7/6706/6460 2050/6707/6460 6866/6708/6460 505/6709/6460
f 505/6709/6461 6866/6708/6461 6867/6710/6461 504/6711/6461
f 504/6711/6462 6867/6710/6462 6868/6704/6462 503/6703/6462
f 2050/6707/6463 2049/6712/6463 6869/6713/6463 6866/6708/6463
f 6866/6708/6464 6869/6713/6464 6870/6714/6464 6867/6710/6464
f 6867/6710/6465 6870/6714/6465 6871/6705/6465 6868/6704/6465
f 2049/6712/6466 2048/156/6466 6872/6715/6466 6869/6713/6466
f 6869/6713/6467 6872/6715/6467 6873/6716/6467 6870/6714/6467
f 6870/6714/6468 6873/6716/6468 6874/157/6468 6871/6705/6468
f 2048/156/6469 102/155/6469 794/6460/6469 6872/6715/6469
f 6872/6715/6470 794/6460/6470 795/6462/6470 6873/6716/6470
f 6873/6716/6471 795/6462/6471 796/158/6471 6874/157/6471
f 506/6717/6472 6877/6718/6472 2050/6707/6472 7/6706/6472
f 6877/6718/6473 6880/6719/6473 2049/6712/6473 2050/6707/6473
f 6880/6719/6474 6883/153/6474 2048/156/6474 2049/6712/6474
f 8/6720/6475 2047/6721/6475 6875/6722/6475 508/6723/6475
f 508/6723/6476 6875/6722/6476 6876/6724/6476 507/6725/6476
f 507/6725/6477 6876/6724/6477 6877/6718/6477 506/6717/6477
f 2047/6721/6478 2046/6726/6478 6878/6727/6478 6875/6722/6478
f 6875/6722/6479 6878/6727/6479 6879/6728/6479 6876/6724/6479
f 6876/6724/6480 6879/6728/6480 6880/6719/6480 6877/6718/6480
f 2046/6726/6481 2045/152/6481 6881/6729/6481 6878/6727/6481
f 6878/6727/6482 6881/6729/6482 6882/6730/6482 6879/6728/6482
f 6879/6728/6483 6882/6730/6483 6883/153/6483 6880/6719/6483
f 2045/152/6484 101/151/6484 791/6472/6484 6881/6729/6484
f 6881/6729/6485 791/6472/6485 792/6474/6485 6882/6730/6485
f 6882/6730/6486 792/6474/6486 793/154/6486 6883/153/6486
f 509/6731/6487 6886/6732/6487 2047/6721/6487 8/6720/6487
f 6886/6732/6488 6889/6733/6488 2046/6726/6488 2047/6721/6488
f 6889/6733/6489 6892/149/6489 2045/152/6489 2046/6726/6489
f 9/6734/6490 2044/6735/6490 6884/6736/6490 511/6737/6490
f 511/6737/6491 6884/6736/6491 6885/6738/6491 510/6739/6491
f 510/6739/6492 6885/6738/6492 6886/6732/6492 509/6731/6492
f 2044/6735/6493 2043/6740/6493 6887/6741/6493 6884/6736/6493
f 6884/6736/6494 6887/6741/6494 6888/6742/6494 6885/6738/6494
f 6885/6738/6495 6888/6742/6495 6889/6733/6495 6886/6732/6495
f 2043/6740/6496 2042/148/6496 6890/6743/6496 6887/6741/6496
f 6887/6741/6497 6890/6743/6497 6891/6744/6497 6888/6742/6497
f 6888/6742/6498 6891/6744/6498 6892/149/6498 6889/6733/6498
f 2042/148/6499 100/147/6499 788/6484/6499 6890/6743/6499
f 6890/6743/6500 788/6484/6500 789/6486/6500 6891/6744/6500
f 6891/6744/6501 789/6486/6501 790/150/6501 6892/149/6501
f 512/6745/6502 6895/6746/6502 2044/6735/6502 9/6734/6502
f 6895/6746/6503 6898/6747/6503 2043/6740/6503 2044/6735/6503
f 6898/6747/6504 6901/145/6504 2042/148/6504 2043/6740/6504
f 10/6748/6505 2041/6749/6505 6893/6750/6505 514/6751/6505
f 514/6751/6506 6893/6750/6506 6894/6752/6506 513/6753/6506
f 513/6753/6507 6894/6752/6507 6895/6746/6507 512/6745/6507
f 2041/6749/6508 2040/6754/6508 6896/6755/6508 6893/6750/6508
f 6893/6750/6509 6896/6755/6509 6897/6756/6509 6894/6752/6509
f 6894/6752/6510 6897/6756/6510 6898/6747/6510 6895/6746/6510
f 2040/6754/6511 2039/144/6511 6899/6757/6511 6896/6755/6511
f 6896/6755/6512 6899/6757/6512 6900/6758/6512 6897/6756/6512
f 6897/6756/6513 6900/6758/6513 6901/145/6513 6898/6747/6513
f 2039/144/6514 99/143/6514 785/6496/6514 6899/6757/6514
f 6899/6757/6515 785/6496/6515 786/6498/6515 6900/6758/6515
f 6900/6758/6516 786/6498/6516 787/146/6516 6901/145/6516
f 515/6759/6517 6904/6760/6517 2041/6749/6517 10/6748/6517
f 6904/6760/6518 6907/6761/6518 2040/6754/6518 2041/6749/6518
f 6907/6761/6519 6910/141/6519 2039/144/6519 2040/6754/6519
f 11/6762/6520 2038/6763/6520 6902/6764/6520 517/6765/6520
f 517/6765/6521 6902/6764/6521 6903/6766/6521 516/6767/6521
f 516/6767/6522 6903/6766/6522 6904/6760/6522 515/6759/6522
f 2038/6763/6523 2037/6768/6523 6905/6769/6523 6902/6764/6523
f 6902/6764/6524 6905/6769/6524 6906/6770/6524 6903/6766/6524
f 6903/6766/6525 6906/6770/6525 6907/6761/6525 6904/6760/6525
f 2037/6768/6526 2036/140/6526 6908/6771/6526 6905/6769/6526
f 6905/6769/6527 6908/6771/6527 6909/6772/6527 6906/6770/6527
f 6906/6770/6528 6909/6772/6528 6910/141/6528 6907/6761/6528
f 2036/140/6529 98/139/6529 782/6508/6529 6908/6771/6529
f 6908/6771/6530 782/6508/6530 783/6510/6530 6909/6772/6530
f 6909/6772/6531 783/6510/6531 784/142/6531 6910/141/6531
f 518/6773/6532 6913/6774/6532 2038/6763/6532 11/6762/6532
f 6913/6774/6533 6916/6775/6533 2037/6768/6533 2038/6763/6533
f 6916/6775/6534 6919/137/6534 2036/140/6534 2037/6768/6534
f 12/6776/6535 2035/6777/6535 6911/6778/6535 520/6779/6535
f 520/6779/6536 6911/6778/6536 6912/6780/6536 519/6781/6536
f 519/6781/6537 6912/6780/6537 6913/6774/6537 518/6773/6537
f 2035/6777/6538 2034/6782/6538 6914/6783/6538 6911/6778/6538
f 6911/6778/6539 6914/6783/6539 6915/6784/6539 6912/6780/6539
f 6912/6780/6540 6915/6784/6540 6916/6775/6540 6913/6774/6540
f 2034/6782/6541 2033/136/6541 6917/6785/6541 6914/6783/6541
f 6914/6783/6542 6917/6785/6542 6918/6786/6542 6915/6784/6542
f 6915/6784/6543 6918/6786/6543 6919/137/6543 6916/6775/6543
f 2033/136/6544 97/135/6544 779/6520/6544 6917/6785/6544
f 6917/6785/6545 779/6520/6545 780/6522/6545 6918/6786/6545
f 6918/6786/6546 780/6522/6546 781/138/6546 6919/137/6546
f 521/6787/6547 6922/6788/6547 2035/6777/6547 12/6776/6547
f 6922/6788/6548 6925/6789/6548 2034/6782/6548 2035/6777/6548
f 6925/6789/6549 6928/133/6549 2033/136/6549 2034/6782/6549
f 13/6790/6550 2032/6791/6550 6920/6792/6550 523/6793/6550
f 523/6793/6551 6920/6792/6551 6921/6794/6551 522/6795/6551
f 522/6795/6552 6921/6794/6552 6922/6788/6552 521/6787/6552
f 2032/6791/6553 2031/6796/6553 6923/6797/6553 6920/6792/6553
f 6920/6792/6554 6923/6797/6554 6924/6798/6554 6921/6794/6554
f 6921/6794/6555 6924/6798/6555 6925/6789/6555 6922/6788/6555
f 2031/6796/6556 2030/132/6556 6926/6799/6556 6923/6797/6556
f 6923/6797/6557 6926/6799/6557 6927/6800/6557 6924/6798/6557
f 6924/6798/6558 6927/6800/6558 6928/133/6558 6925/6789/6558
f 2030/132/6559 96/131/6559 776/6532/6559 6926/6799/6559
f 6926/6799/6560 776/6532/6560 777/6534/6560 6927/6800/6560
f 6927/6800/6561 777/6534/6561 778/134/6561 6928/133/6561
f 524/6801/6562 6931/6802/6562 2032/6791/6562 13/6790/6562
f 6931/6802/6563 6934/6803/6563 2031/6796/6563 2032/6791/6563
f 6934/6803/6564 6937/129/6564 2030/132/6564 2031/6796/6564
f 14/6804/6565 2029/6805/6565 6929/6806/6565 526/6807/6565
f 526/6807/6566 6929/6806/6566 6930/6808/6566 525/6809/6566
f 525/6809/6567 6930/6808/6567 6931/6802/6567 524/6801/6567
f 2029/6805/6568 2028/6810/6568 6932/6811/6568 6929/6806/6568
f 6929/6806/6569 6932/6811/6569 6933/6812/6569 6930/6808/6569
f 6930/6808/6570 6933/6812/6570 6934/6803/6570 6931/6802/6570
f 2028/6810/6571 2027/128/6571 6935/6813/6571 6932/6811/6571
f 6932/6811/6572 6935/6813/6572 6936/6814/6572 6933/6812/6572
f 6933/6812/6573 6936/6814/6573 6937/129/6573 6934/6803/6573
f 2027/128/6574 95/127/6574 773/6544/6574 6935/6813/6574
f 6935/6813/6575 773/6544/6575 774/6546/6575 6936/6814/6575
f 6936/6814/6576 774/6546/6576 775/130/6576 6937/129/6576
f 527/6815/6577 6940/6816/6577 2029/6805/6577 14/6804/6577
f 6940/6816/6578 6943/6817/6578 2028/6810/6578 2029/6805/6578
f 6943/6817/6579 6946/125/6579 2027/128/6579 2028/6810/6579
f 15/6818/6580 2026/6819/6580 6938/6820/6580 529/6821/6580
f 529/6821/6581 6938/6820/6581 6939/6822/6581 528/6823/6581
f 528/6823/6582 6939/6822/6582 6940/6816/6582 527/6815/6582
f 2026/6819/6583 2025/6824/6583 6941/6825/6583 6938/6820/6583
f 6938/6820/6584 6941/6825/6584 6942/6826/6584 6939/6822/6584
f 6939/6822/6585 6942/6826/6585 6943/6817/6585 6940/6816/6585
f 2025/6824/6586 2024/124/6586 6944/6827/6586 6941/6825/6586
f 6941/6825/6587 6944/6827/6587 6945/6828/6587 6942/6826/6587
f 6942/6826/6588 6945/6828/6588 6946/125/6588 6943/6817/6588
f 2024/124/6589 94/123/6589 770/6556/6589 6944/6827/6589
f 6944/6827/6590 770/6556/6590 771/6558/6590 6945/6828/6590
f 6945/6828/6591 771/6558/6591 772/126/6591 6946/125/6591
f 530/6829/6592 6949/6830/6592 2026/6819/6592 15/6818/6592
f 6949/6830/6593 6952/6831/6593 2025/6824/6593 2026/6819/6593
f 6952/6831/6594 6955/121/6594 2024/124/6594 2025/6824/6594
f 16/6832/6595 2023/6833/6595 6947/6834/6595 532/6835/6595
f 532/6835/6596 6947/6834/6596 6948/6836/6596 531/6837/6596
f 531/6837/6597 6948/6836/6597 6949/6830/6597 530/6829/6597
f 2023/6833/6598 2022/6838/6598 6950/6839/6598 6947/6834/6598
f 6947/6834/6599 6950/6839/6599 6951/6840/6599 6948/6836/6599
f 6948/6836/6600 6951/6840/6600 6952/6831/6600 6949/6830/6600
f 2022/6838/6601 2021/120/6601 6953/6841/6601 6950/6839/6601
f 6950/6839/6602 6953/6841/6602 6954/6842/6602 6951/6840/6602
f 6951/6840/6603 6954/6842/6603 6955/121/6603 6952/6831/6603
f 2021/120/6604 93/119/6604 767/6568/6604 6953/6841/6604
f 6953/6841/6605 767/6568/6605 768/6570/6605 6954/6842/6605
f 6954/6842/6606 768/6570/6606 769/122/6606 6955/121/6606
f 533/6843/6607 6958/6844/6607 2023/6833/6607 16/6832/6607
f 6958/6844/6608 6961/6845/6608 2022/6838/6608 2023/6833/6608
f 6961/6845/6609 6964/117/6609 2021/120/6609 2022/6838/6609
f 17/6846/6610 2020/6847/6610 6956/6848/6610 535/6849/6610
f 535/6849/6611 6956/6848/6611 6957/6850/6611 534/6851/6611
f 534/6851/6612 6957/6850/6612 6958/6844/6612 533/6843/6612
f 2020/6847/6613 2019/6852/6613 6959/6853/6613 6956/6848/6613
f 6956/6848/6614 6959/6853/6614 6960/6854/6614 6957/6850/6614
f 6957/6850/6615 6960/6854/6615 6961/6845/6615 6958/6844/6615
f 2019/6852/6616 2018/116/6616 6962/6855/6616 6959/6853/6616
f 6959/6853/6617 6962/6855/6617 6963/6856/6617 6960/6854/6617
f 6960/6854/6618 6963/6856/6618 6964/117/6618 6961/6845/6618
f 2018/116/6619 92/115/6619 764/6580/6619 6962/6855/6619
f 6962/6855/6620 764/6580/6620 765/6582/6620 6963/6856/6620
f 6963/6856/6621 765/6582/6621 766/118/6621 6964/117/6621
f 536/6857/6622 6967/6858/6622 2020/6847/6622 17/6846/6622
f 6967/6858/6623 6970/6859/6623 2019/6852/6623 2020/6847/6623
f 6970/6859/6624 6973/113/6624 2018/116/6624 2019/6852/6624
f 18/6860/6625 2017/6861/6625 6965/6862/6625 538/6863/6625
f 538/6863/6626 6965/6862/6626 6966/6864/6626 537/6865/6626
f 537/6865/6627 6966/6864/6627 6967/6858/6627 536/6857/6627
f 2017/6861/6628 2016/6866/6628 6968/6867/6628 6965/6862/6628
f 6965/6862/6629 6968/6867/6629 6969/6868/6629 6966/6864/6629
f 6966/6864/6630 6969/6868/6630 6970/6859/6630 6967/6858/6630
f 2016/6866/6631 2015/112/6631 6971/6869/6631 6968/6867/6631
f 6968/6867/6632 6971/6869/6632 6972/6870/6632 6969/6868/6632
f 6969/6868/6633 6972/6870/6633 6973/113/6633 6970/6859/6633
f 2015/112/6634 91/111/6634 761/6592/6634 6971/6869/6634
f 6971/6869/6635 761/6592/6635 762/6594/6635 6972/6870/6635
f 6972/6870/6636 762/6594/6636 763/114/6636 6973/113/6636
f 539/6871/6637 6976/6872/6637 2017/6861/6637 18/6860/6637
f 6976/6872/6638 6979/6873/6638 2016/6866/6638 2017/6861/6638
f 6979/6873/6639 6982/109/6639 2015/112/6639 2016/6866/6639
f 19/6874/6640 2014/6875/6640 6974/6876/6640 541/6877/6640
f 541/6877/6641 6974/6876/6641 6975/6878/6641 540/6879/6641
f 540/6879/6642 6975/6878/6642 6976/6872/6642 539/6871/6642
f 2014/6875/6643 2013/6880/6643 6977/6881/6643 6974/6876/6643
f 6974/6876/6644 6977/6881/6644 6978/6882/6644 6975/6878/6644
f 6975/6878/6645 6978/6882/6645 6979/6873/6645 6976/6872/6645
f 2013/6880/6646 2012/108/6646 6980/6883/6646 6977/6881/6646
f 6977/6881/6647 6980/6883/6647 6981/6884/6647 6978/6882/6647
f 6978/6882/6648 6981/6884/6648 6982/109/6648 6979/6873/6648
f 2012/108/6649 90/107/6649 758/6604/6649 6980/6883/6649
f 6980/6883/6650 758/6604/6650 759/6606/6650 6981/6884/6650
f 6981/6884/6651 759/6606/6651 760/110/6651 6982/109/6651
f 542/6885/6652 6985/6886/6652 2014/6875/6652 19/6874/6652
f 6985/6886/6653 6988/6887/6653 2013/6880/6653 2014/6875/6653
f 6988/6887/6654 6991/105/6654 2012/108/6654 2013/6880/6654
f 20/6888/6655 2011/6889/6655 6983/6890/6655 544/6891/6655
f 544/6891/6656 6983/6890/6656 6984/6892/6656 543/6893/6656
f 543/6893/6657 6984/6892/6657 6985/6886/6657 542/6885/6657
f 2011/6889/6658 2010/6894/6658 6986/6895/6658 6983/6890/6658
f 6983/6890/6659 6986/6895/6659 6987/6896/6659 6984/6892/6659
f 6984/6892/6660 6987/6896/6660 6988/6887/6660 6985/6886/6660
f 2010/6894/6661 2009/104/6661 6989/6897/6661 6986/6895/6661
f 6986/6895/6662 6989/6897/6662 6990/6898/6662 6987/6896/6662
f 6987/6896/6663 6990/6898/6663 6991/105/6663 6988/6887/6663
f 2009/104/6664 89/103/6664 755/6616/6664 6989/6897/6664
f 6989/6897/6665 755/6616/6665 756/6618/6665 6990/6898/6665
f 6990/6898/6666 756/6618/6666 757/106/6666 6991/105/6666
f 545/6899/6667 6994/6900/6667 2011/6889/6667 20/6888/6667
f 6994/6900/6668 6997/6901/6668 2010/6894/6668 2011/6889/6668
f 6997/6901/6669 7000/101/6669 2009/104/6669 2010/6894/6669
f 21/6902/6670 2008/6903/6670 6992/6904/6670 547/6905/6670
f 547/6905/6671 6992/6904/6671 6993/6906/6671 546/6907/6671
f 546/6907/6672 6993/6906/6672 6994/6900/6672 545/6899/6672
f 2008/6903/6673 2007/6908/6673 6995/6909/6673 6992/6904/6673
f 6992/6904/6674 6995/6909/6674 6996/6910/6674 6993/6906/6674
f 6993/6906/6675 6996/6910/6675 6997/6901/6675 6994/6900/6675
f 2007/6908/6676 2006/100/6676 6998/6911/6676 6995/6909/6676
f 6995/6909/6677 6998/6911/6677 6999/6912/6677 6996/6910/6677
f 6996/6910/6678 6999/6912/6678 7000/101/6678 6997/6901/6678
f 2006/100/6679 88/99/6679 752/6628/6679 6998/6911/6679
f 6998/6911/6680 752/6628/6680 753/6630/6680 6999/6912/6680
f 6999/6912/6681 753/6630/6681 754/102/6681 7000/101/6681
f 548/6913/6682 7003/6914/6682 2008/6903/6682 21/6902/6682
f 7003/6914/6683 7006/6915/6683 2007/6908/6683 2008/6903/6683
f 7006/6915/6684 7009/97/6684 2006/100/6684 2007/6908/6684
f 22/6916/6685 2005/6917/6685 7001/6918/6685 550/6919/6685
f 550/6919/6686 7001/6918/6686 7002/6920/6686 549/6921/6686
f 549/6921/6687 7002/6920/6687 7003/6914/6687 548/6913/6687
f 2005/6917/6688 2004/6922/6688 7004/6923/6688 7001/6918/6688
f 7001/6918/6689 7004/6923/6689 7005/6924/6689 7002/6920/6689
f 7002/6920/6690 7005/6924/6690 7006/6915/6690 7003/6914/6690
f 2004/6922/6691 2003/96/6691 7007/6925/6691 7004/6923/6691
f 7004/6923/6692 7007/6925/6692 7008/6926/6692 7005/6924/6692
f 7005/6924/6693 7008/6926/6693 7009/97/6693 7006/6915/6693
f 2003/96/6694 87/95/6694 749/6640/6694 7007/6925/6694
f 7007/6925/6695 749/6640/6695 750/6642/6695 7008/6926/6695
f 7008/6926/6696 750/6642/6696 751/98/6696 7009/97/6696
f 551/6927/6697 7012/6928/6697 2005/6917/6697 22/6916/6697
f 7012/6928/6698 7015/6929/6698 2004/6922/6698 2005/6917/6698
f 7015/6929/6699 7018/93/6699 2003/96/6699 2004/6922/6699
f 23/6930/6700 2002/6931/6700 7010/6932/6700 553/6933/6700
f 553/6933/6701 7010/6932/6701 7011/6934/6701 552/6935/6701
f 552/6935/6702 7011/6934/6702 7012/6928/6702 551/6927/6702
f 2002/6931/6703 2001/6936/6703 7013/6937/6703 7010/6932/6703
f 7010/6932/6704 7013/6937/6704 7014/6938/6704 7011/6934/6704
f 7011/6934/6705 7014/6938/6705 7015/6929/6705 7012/6928/6705
f 2001/6936/6706 2000/92/6706 7016/6939/6706 7013/6937/6706
f 7013/6937/6707 7016/6939/6707 7017/6940/6707 7014/6938/6707
f 7014/6938/6708 7017/6940/6708 7018/93/6708 7015/6929/6708
f 2000/92/6709 86/91/6709 746/6652/6709 7016/6939/6709
f 7016/6939/6710 746/6652/6710 747/6654/6710 7017/6940/6710
f 7017/6940/6711 747/6654/6711 748/94/6711 7018/93/6711
f 554/6941/6712 7021/6942/6712 2002/6931/6712 23/6930/6712
f 7021/6942/6713 7024/6943/6713 2001/6936/6713 2002/6931/6713
f 7024/6943/6714 7027/89/6714 2000/92/6714 2001/6936/6714
f 24/6944/6715 1999/6945/6715 7019/6946/6715 556/6947/6715
f 556/6947/6716 7019/6946/6716 7020/6948/6716 555/6949/6716
f 555/6949/6717 7020/6948/6717 7021/6942/6717 554/6941/6717
f 1999/6945/6718 1998/6950/6718 7022/6951/6718 7019/6946/6718
f 7019/6946/6719 7022/6951/6719 7023/6952/6719 7020/6948/6719
f 7020/6948/6720 7023/6952/6720 7024/6943/6720 7021/6942/6720
f 1998/6950/6721 1997/88/6721 7025/6953/6721 7022/6951/6721
f 7022/6951/6722 7025/6953/6722 7026/6954/6722 7023/6952/6722
f 7023/6952/6723 7026/6954/6723 7027/89/6723 7024/6943/6723
f 1997/88/6724 85/87/6724 743/6664/6724 7025/6953/6724
f 7025/6953/6725 743/6664/6725 744/6666/6725 7026/6954/6725
f 7026/6954/6726 744/6666/6726 745/90/6726 7027/89/6726
f 485/6955/6727 7030/6956/6727 1999/6945/6727 24/6944/6727
f 7030/6956/6728 7033/6957/6728 1998/6950/6728 1999/6945/6728
f 7033/6957/6729 7036/85/6729 1997/88/6729 1998/6950/6729
f 1/6958/6730 557/6959/6730 7028/6960/6730 487/6961/6730
f 487/6961/6731 7028/6960/6731 7029/6962/6731 486/6963/6731
f 486/6963/6732 7029/6962/6732 7030/6956/6732 485/6955/6732
f 557/6959/6733 558/6964/6733 7031/6965/6733 7028/6960/6733
f 7028/6960/6734 7031/6965/6734 7032/6966/6734 7029/6962/6734
f 7029/6962/6735 7032/6966/6735 7033/6957/6735 7030/6956/6735
f 558/6964/6736 559/6967/6736 7034/6968/6736 7031/6965/6736
f 7031/6965/6737 7034/6968/6737 7035/6969/6737 7032/6966/6737
f 7032/6966/6738 7035/6969/6738 7036/85/6738 7033/6957/6738
f 559/6967/6739 25/6674/6739 740/6677/6739 7034/6968/6739
f 7034/6968/6740 740/6677/6740 741/6679/6740 7035/6969/6740
f 7035/6969/6741 741/6679/6741 742/86/6741 7036/85/6741
f 1873/78/6742 7039/6970/6742 682/6971/6742 66/79/6742
f 7039/6970/6743 7042/6972/6743 681/6973/6743 682/6971/6743
f 7042/6972/6744 7045/81/6744 680/84/6744 681/6973/6744
f 464/1603/6745 3196/2051/6745 7037/6974/6745 1871/6975/6745
f 1871/6975/6746 7037/6974/6746 7038/6976/6746 1872/6977/6746
f 1872/6977/6747 7038/6976/6747 7039/6970/6747 1873/78/6747
f 3196/2051/6748 3195/2053/6748 7040/6978/6748 7037/6974/6748
f 7037/6974/6749 7040/6978/6749 7041/6979/6749 7038/6976/6749
f 7038/6976/6750 7041/6979/6750 7042/6972/6750 7039/6970/6750
f 3195/2053/6751 3194/1684/6751 7043/6980/6751 7040/6978/6751
f 7040/6978/6752 7043/6980/6752 7044/6981/6752 7041/6979/6752
f 7041/6979/6753 7044/6981/6753 7045/81/6753 7042/6972/6753
f 3194/1684/6754 484/1683/6754 1934/6982/6754 7043/6980/6754
f 7043/6980/6755 1934/6982/6755 1935/6983/6755 7044/6981/6755
f 7044/6981/6756 1935/6983/6756 1936/82/6756 7045/81/6756
f 1810/74/6757 7048/6984/6757 685/6985/6757 67/75/6757
f 7048/6984/6758 7051/6986/6758 684/6987/6758 685/6985/6758
f 7051/6986/6759 7054/77/6759 683/80/6759 684/6987/6759
f 444/1523/6760 3136/2295/6760 7046/6988/6760 1808/6989/6760
f 1808/6989/6761 7046/6988/6761 7047/6990/6761 1809/6991/6761
f 1809/6991/6762 7047/6990/6762 7048/6984/6762 1810/74/6762
f 3136/2295/6763 3135/2297/6763 7049/6992/6763 7046/6988/6763
f 7046/6988/6764 7049/6992/6764 7050/6993/6764 7047/6990/6764
f 7047/6990/6765 7050/6993/6765 7051/6986/6765 7048/6984/6765
f 3135/2297/6766 3134/1604/6766 7052/6994/6766 7049/6992/6766
f 7049/6992/6767 7052/6994/6767 7053/6995/6767 7050/6993/6767
f 7050/6993/6768 7053/6995/6768 7054/77/6768 7051/6986/6768
f 3134/1604/6769 464/1603/6769 1871/6975/6769 7052/6994/6769
f 7052/6994/6770 1871/6975/6770 1872/6977/6770 7053/6995/6770
f 7053/6995/6771 1872/6977/6771 1873/78/6771 7054/77/6771
f 1747/70/6772 7057/6996/6772 688/6997/6772 68/71/6772
f 7057/6996/6773 7060/6998/6773 687/6999/6773 688/6997/6773
f 7060/6998/6774 7063/73/6774 686/76/6774 687/6999/6774
f 424/1443/6775 3076/2539/6775 7055/7000/6775 1745/7001/6775
f 1745/7001/6776 7055/7000/6776 7056/7002/6776 1746/7003/6776
f 1746/7003/6777 7056/7002/6777 7057/6996/6777 1747/70/6777
f 3076/2539/6778 3075/2541/6778 7058/7004/6778 7055/7000/6778
f 7055/7000/6779 7058/7004/6779 7059/7005/6779 7056/7002/6779
f 7056/7002/6780 7059/7005/6780 7060/6998/6780 7057/6996/6780
f 3075/2541/6781 3074/1524/6781 7061/7006/6781 7058/7004/6781
f 7058/7004/6782 7061/7006/6782 7062/7007/6782 7059/7005/6782
f 7059/7005/6783 7062/7007/6783 7063/73/6783 7060/6998/6783
f 3074/1524/6784 444/1523/6784 1808/6989/6784 7061/7006/6784
f 7061/7006/6785 1808/6989/6785 1809/6991/6785 7062/7007/6785
f 7062/7007/6786 1809/6991/6786 1810/74/6786 7063/73/6786
f 1684/66/6787 7066/7008/6787 691/7009/6787 69/67/6787
f 7066/7008/6788 7069/7010/6788 690/7011/6788 691/7009/6788
f 7069/7010/6789 7072/69/6789 689/72/6789 690/7011/6789
f 404/1363/6790 3016/2783/6790 7064/7012/6790 1682/7013/6790
f 1682/7013/6791 7064/7012/6791 7065/7014/6791 1683/7015/6791
f 1683/7015/6792 7065/7014/6792 7066/7008/6792 1684/66/6792
f 3016/2783/6793 3015/2785/6793 7067/7016/6793 7064/7012/6793
f 7064/7012/6794 7067/7016/6794 7068/7017/6794 7065/7014/6794
f 7065/7014/6795 7068/7017/6795 7069/7010/6795 7066/7008/6795
f 3015/2785/6796 3014/1444/6796 7070/7018/6796 7067/7016/6796
f 7067/7016/6797 7070/7018/6797 7071/7019/6797 7068/7017/6797
f 7068/7017/6798 7071/7019/6798 7072/69/6798 7069/7010/6798
f 3014/1444/6799 424/1443/6799 1745/7001/6799 7070/7018/6799
f 7070/7018/6800 1745/7001/6800 1746/7003/6800 7071/7019/6800
f 7071/7019/6801 1746/7003/6801 1747/70/6801 7072/69/6801
f 1621/62/6802 7075/7020/6802 694/7021/6802 70/63/6802
f 7075/7020/6803 7078/7022/6803 693/7023/6803 694/7021/6803
f 7078/7022/6804 7081/65/6804 692/68/6804 693/7023/6804
f 384/1283/6805 2956/3027/6805 7073/7024/6805 1619/7025/6805
f 1619/7025/6806 7073/7024/6806 7074/7026/6806 1620/7027/6806
f 1620/7027/6807 7074/7026/6807 7075/7020/6807 1621/62/6807
f 2956/3027/6808 2955/3029/6808 7076/7028/6808 7073/7024/6808
f 7073/7024/6809 7076/7028/6809 7077/7029/6809 7074/7026/6809
f 7074/7026/6810 7077/7029/6810 7078/7022/6810 7075/7020/6810
f 2955/3029/6811 2954/1364/6811 7079/7030/6811 7076/7028/6811
f 7076/7028/6812 7079/7030/6812 7080/7031/6812 7077/7029/6812
f 7077/7029/6813 7080/7031/6813 7081/65/6813 7078/7022/6813
f 2954/1364/6814 404/1363/6814 1682/7013/6814 7079/7030/6814
f 7079/7030/6815 1682/7013/6815 1683/7015/6815 7080/7031/6815
f 7080/7031/6816 1683/7015/6816 1684/66/6816 7081/65/6816
f 1558/58/6817 7084/7032/6817 697/7033/6817 71/59/6817
f 7084/7032/6818 7087/7034/6818 696/7035/6818 697/7033/6818
f 7087/7034/6819 7090/61/6819 695/64/6819 696/7035/6819
f 364/1203/6820 2896/3271/6820 7082/7036/6820 1556/7037/6820
f 1556/7037/6821 7082/7036/6821 7083/7038/6821 1557/7039/6821
f 1557/7039/6822 7083/7038/6822 7084/7032/6822 1558/58/6822
f 2896/3271/6823 2895/3273/6823 7085/7040/6823 7082/7036/6823
f 7082/7036/6824 7085/7040/6824 7086/7041/6824 7083/7038/6824
f 7083/7038/6825 7086/7041/6825 7087/7034/6825 7084/7032/6825
f 2895/3273/6826 2894/1284/6826 7088/7042/6826 7085/7040/6826
f 7085/7040/6827 7088/7042/6827 7089/7043/6827 7086/7041/6827
f 7086/7041/6828 7089/7043/6828 7090/61/6828 7087/7034/6828
f 2894/1284/6829 384/1283/6829 1619/7025/6829 7088/7042/6829
f 7088/7042/6830 1619/7025/6830 1620/7027/6830 7089/7043/6830
f 7089/7043/6831 1620/7027/6831 1621/62/6831 7090/61/6831
f 1495/54/6832 7093/7044/6832 700/7045/6832 72/55/6832
f 7093/7044/6833 7096/7046/6833 699/7047/6833 700/7045/6833
f 7096/7046/6834 7099/57/6834 698/60/6834 699/7047/6834
f 344/1123/6835 2836/3515/6835 7091/7048/6835 1493/7049/6835
f 1493/7049/6836 7091/7048/6836 7092/7050/6836 1494/7051/6836
f 1494/7051/6837 7092/7050/6837 7093/7044/6837 1495/54/6837
f 2836/3515/6838 2835/3517/6838 7094/7052/6838 7091/7048/6838
f 7091/7048/6839 7094/7052/6839 7095/7053/6839 7092/7050/6839
f 7092/7050/6840 7095/7053/6840 7096/7046/6840 7093/7044/6840
f 2835/3517/6841 2834/1204/6841 7097/7054/6841 7094/7052/6841
f 7094/7052/6842 7097/7054/6842 7098/7055/6842 7095/7053/6842
f 7095/7053/6843 7098/7055/6843 7099/57/6843 7096/7046/6843
f 2834/1204/6844 364/1203/6844 1556/7037/6844 7097/7054/6844
f 7097/7054/6845 1556/7037/6845 1557/7039/6845 7098/7055/6845
f 7098/7055/6846 1557/7039/6846 1558/58/6846 7099/57/6846
f 1432/50/6847 7102/7056/6847 703/7057/6847 73/51/6847
f 7102/7056/6848 7105/7058/6848 702/7059/6848 703/7057/6848
f 7105/7058/6849 7108/53/6849 701/56/6849 702/7059/6849
f 324/1043/6850 2776/3759/6850 7100/7060/6850 1430/7061/6850
f 1430/7061/6851 7100/7060/6851 7101/7062/6851 1431/7063/6851
f 1431/7063/6852 7101/7062/6852 7102/7056/6852 1432/50/6852
f 2776/3759/6853 2775/3761/6853 7103/7064/6853 7100/7060/6853
f 7100/7060/6854 7103/7064/6854 7104/7065/6854 7101/7062/6854
f 7101/7062/6855 7104/7065/6855 7105/7058/6855 7102/7056/6855
f 2775/3761/6856 2774/1124/6856 7106/7066/6856 7103/7064/6856
f 7103/7064/6857 7106/7066/6857 7107/7067/6857 7104/7065/6857
f 7104/7065/6858 7107/7067/6858 7108/53/6858 7105/7058/6858
f 2774/1124/6859 344/1123/6859 1493/7049/6859 7106/7066/6859
f 7106/7066/6860 1493/7049/6860 1494/7051/6860 7107/7067/6860
f 7107/7067/6861 1494/7051/6861 1495/54/6861 7108/53/6861
f 1369/46/6862 7111/7068/6862 706/7069/6862 74/47/6862
f 7111/7068/6863 7114/7070/6863 705/7071/6863 706/7069/6863
f 7114/7070/6864 7117/49/6864 704/52/6864 705/7071/6864
f 304/963/6865 2716/4003/6865 7109/7072/6865 1367/7073/6865
f 1367/7073/6866 7109/7072/6866 7110/7074/6866 1368/7075/6866
f 1368/7075/6867 7110/7074/6867 7111/7068/6867 1369/46/6867
f 2716/4003/6868 2715/4005/6868 7112/7076/6868 7109/7072/6868
f 7109/7072/6869 7112/7076/6869 7113/7077/6869 7110/7074/6869
f 7110/7074/6870 7113/7077/6870 7114/7070/6870 7111/7068/6870
f 2715/4005/6871 2714/1044/6871 7115/7078/6871 7112/7076/6871
f 7112/7076/6872 7115/7078/6872 7116/7079/6872 7113/7077/6872
f 7113/7077/6873 7116/7079/6873 7117/49/6873 7114/7070/6873
f 2714/1044/6874 324/1043/6874 1430/7061/6874 7115/7078/6874
f 7115/7078/6875 1430/7061/6875 1431/7063/6875 7116/7079/6875
f 7116/7079/6876 1431/7063/6876 1432/50/6876 7117/49/6876
f 1306/42/6877 7120/7080/6877 709/7081/6877 75/43/6877
f 7120/7080/6878 7123/7082/6878 708/7083/6878 709/7081/6878
f 7123/7082/6879 7126/45/6879 707/48/6879 708/7083/6879
f 284/883/6880 2656/4247/6880 7118/7084/6880 1304/7085/6880
f 1304/7085/6881 7118/7084/6881 7119/7086/6881 1305/7087/6881
f 1305/7087/6882 7119/7086/6882 7120/7080/6882 1306/42/6882
f 2656/4247/6883 2655/4249/6883 7121/7088/6883 7118/7084/6883
f 7118/7084/6884 7121/7088/6884 7122/7089/6884 7119/7086/6884
f 7119/7086/6885 7122/7089/6885 7123/7082/6885 7120/7080/6885
f 2655/4249/6886 2654/964/6886 7124/7090/6886 7121/7088/6886
f 7121/7088/6887 7124/7090/6887 7125/7091/6887 7122/7089/6887
f 7122/7089/6888 7125/7091/6888 7126/45/6888 7123/7082/6888
f 2654/964/6889 304/963/6889 1367/7073/6889 7124/7090/6889
f 7124/7090/6890 1367/7073/6890 1368/7075/6890 7125/7091/6890
f 7125/7091/6891 1368/7075/6891 1369/46/6891 7126/45/6891
f 1243/38/6892 7129/7092/6892 712/7093/6892 76/39/6892
f 7129/7092/6893 7132/7094/6893 711/7095/6893 712/7093/6893
f 7132/7094/6894 7135/41/6894 710/44/6894 711/7095/6894
f 264/803/6895 2596/4491/6895 7127/7096/6895 1241/7097/6895
f 1241/7097/6896 7127/7096/6896 7128/7098/6896 1242/7099/6896
f 1242/7099/6897 7128/7098/6897 7129/7092/6897 1243/38/6897
f 2596/4491/6898 2595/4493/6898 7130/7100/6898 7127/7096/6898
f 7127/7096/6899 7130/7100/6899 7131/7101/6899 7128/7098/6899
f 7128/7098/6900 7131/7101/6900 7132/7094/6900 7129/7092/6900
f 2595/4493/6901 2594/884/6901 7133/7102/6901 7130/7100/6901
f 7130/7100/6902 7133/7102/6902 7134/7103/6902 7131/7101/6902
f 7131/7101/6903 7134/7103/6903 7135/41/6903 7132/7094/6903
f 2594/884/6904 284/883/6904 1304/7085/6904 7133/7102/6904
f 7133/7102/6905 1304/7085/6905 1305/7087/6905 7134/7103/6905
f 7134/7103/6906 1305/7087/6906 1306/42/6906 7135/41/6906
f 1180/34/6907 7138/7104/6907 715/7105/6907 77/35/6907
f 7138/7104/6908 7141/7106/6908 714/7107/6908 715/7105/6908
f 7141/7106/6909 7144/37/6909 713/40/6909 714/7107/6909
f 244/723/6910 2536/4735/6910 7136/7108/6910 1178/7109/6910
f 1178/7109/6911 7136/7108/6911 7137/7110/6911 1179/7111/6911
f 1179/7111/6912 7137/7110/6912 7138/7104/6912 1180/34/6912
f 2536/4735/6913 2535/4737/6913 7139/7112/6913 7136/7108/6913
f 7136/7108/6914 7139/7112/6914 7140/7113/6914 7137/7110/6914
f 7137/7110/6915 7140/7113/6915 7141/7106/6915 7138/7104/6915
f 2535/4737/6916 2534/804/6916 7142/7114/6916 7139/7112/6916
f 7139/7112/6917 7142/7114/6917 7143/7115/6917 7140/7113/6917
f 7140/7113/6918 7143/7115/6918 7144/37/6918 7141/7106/6918
f 2534/804/6919 264/803/6919 1241/7097/6919 7142/7114/6919
f 7142/7114/6920 1241/7097/6920 1242/7099/6920 7143/7115/6920
f 7143/7115/6921 1242/7099/6921 1243/38/6921 7144/37/6921
f 1117/30/6922 7147/7116/6922 718/7117/6922 78/31/6922
f 7147/7116/6923 7150/7118/6923 717/7119/6923 718/7117/6923
f 7150/7118/6924 7153/33/6924 716/36/6924 717/7119/6924
f 224/643/6925 2476/4979/6925 7145/7120/6925 1115/7121/6925
f 1115/7121/6926 7145/7120/6926 7146/7122/6926 1116/7123/6926
f 1116/7123/6927 7146/7122/6927 7147/7116/6927 1117/30/6927
f 2476/4979/6928 2475/4981/6928 7148/7124/6928 7145/7120/6928
f 7145/7120/6929 7148/7124/6929 7149/7125/6929 7146/7122/6929
f 7146/7122/6930 7149/7125/6930 7150/7118/6930 7147/7116/6930
f 2475/4981/6931 2474/724/6931 7151/7126/6931 7148/7124/6931
f 7148/7124/6932 7151/7126/6932 7152/7127/6932 7149/7125/6932
f 7149/7125/6933 7152/7127/6933 7153/33/6933 7150/7118/6933
f 2474/724/6934 244/723/6934 1178/7109/6934 7151/7126/6934
f 7151/7126/6935 1178/7109/6935 1179/7111/6935 7152/7127/6935
f 7152/7127/6936 1179/7111/6936 1180/34/6936 7153/33/6936
f 1054/26/6937 7156/7128/6937 721/7129/6937 79/27/6937
f 7156/7128/6938 7159/7130/6938 720/7131/6938 721/7129/6938
f 7159/7130/6939 7162/29/6939 719/32/6939 720/7131/6939
f 204/563/6940 2416/5223/6940 7154/7132/6940 1052/7133/6940
f 1052/7133/6941 7154/7132/6941 7155/7134/6941 1053/7135/6941
f 1053/7135/6942 7155/7134/6942 7156/7128/6942 1054/26/6942
f 2416/5223/6943 2415/5225/6943 7157/7136/6943 7154/7132/6943
f 7154/7132/6944 7157/7136/6944 7158/7137/6944 7155/7134/6944
f 7155/7134/6945 7158/7137/6945 7159/7130/6945 7156/7128/6945
f 2415/5225/6946 2414/644/6946 7160/7138/6946 7157/7136/6946
f 7157/7136/6947 7160/7138/6947 7161/7139/6947 7158/7137/6947
f 7158/7137/6948 7161/7139/6948 7162/29/6948 7159/7130/6948
f 2414/644/6949 224/643/6949 1115/7121/6949 7160/7138/6949
f 7160/7138/6950 1115/7121/6950 1116/7123/6950 7161/7139/6950
f 7161/7139/6951 1116/7123/6951 1117/30/6951 7162/29/6951
f 991/22/6952 7165/7140/6952 724/7141/6952 80/23/6952
f 7165/7140/6953 7168/7142/6953 723/7143/6953 724/7141/6953
f 7168/7142/6954 7171/25/6954 722/28/6954 723/7143/6954
f 184/483/6955 2356/5467/6955 7163/7144/6955 989/7145/6955
f 989/7145/6956 7163/7144/6956 7164/7146/6956 990/7147/6956
f 990/7147/6957 7164/7146/6957 7165/7140/6957 991/22/6957
f 2356/5467/6958 2355/5469/6958 7166/7148/6958 7163/7144/6958
f 7163/7144/6959 7166/7148/6959 7167/7149/6959 7164/7146/6959
f 7164/7146/6960 7167/7149/6960 7168/7142/6960 7165/7140/6960
f 2355/5469/6961 2354/564/6961 7169/7150/6961 7166/7148/6961
f 7166/7148/6962 7169/7150/6962 7170/7151/6962 7167/7149/6962
f 7167/7149/6963 7170/7151/6963 7171/25/6963 7168/7142/6963
f 2354/564/6964 204/563/6964 1052/7133/6964 7169/7150/6964
f 7169/7150/6965 1052/7133/6965 1053/7135/6965 7170/7151/6965
f 7170/7151/6966 1053/7135/6966 1054/26/6966 7171/25/6966
f 928/18/6967 7174/7152/6967 727/7153/6967 81/19/6967
f 7174/7152/6968 7177/7154/6968 726/7155/6968 727/7153/6968
f 7177/7154/6969 7180/21/6969 725/24/6969 726/7155/6969
f 164/403/6970 2296/5711/6970 7172/7156/6970 926/7157/6970
f 926/7157/6971 7172/7156/6971 7173/7158/6971 927/7159/6971
f 927/7159/6972 7173/7158/6972 7174/7152/6972 928/18/6972
f 2296/5711/6973 2295/5713/6973 7175/7160/6973 7172/7156/6973
f 7172/7156/6974 7175/7160/6974 7176/7161/6974 7173/7158/6974
f 7173/7158/6975 7176/7161/6975 7177/7154/6975 7174/7152/6975
f 2295/5713/6976 2294/484/6976 7178/7162/6976 7175/7160/6976
f 7175/7160/6977 7178/7162/6977 7179/7163/6977 7176/7161/6977
f 7176/7161/6978 7179/7163/6978 7180/21/6978 7177/7154/6978
f 2294/484/6979 184/483/6979 989/7145/6979 7178/7162/6979
f 7178/7162/6980 989/7145/6980 990/7147/6980 7179/7163/6980
f 7179/7163/6981 990/7147/6981 991/22/6981 7180/21/6981
f 865/14/6982 7183/7164/6982 730/7165/6982 82/15/6982
f 7183/7164/6983 7186/7166/6983 729/7167/6983 730/7165/6983
f 7186/7166/6984 7189/17/6984 728/20/6984 729/7167/6984
f 144/323/6985 2236/5955/6985 7181/7168/6985 863/7169/6985
f 863/7169/6986 7181/7168/6986 7182/7170/6986 864/7171/6986
f 864/7171/6987 7182/7170/6987 7183/7164/6987 865/14/6987
f 2236/5955/6988 2235/5957/6988 7184/7172/6988 7181/7168/6988
f 7181/7168/6989 7184/7172/6989 7185/7173/6989 7182/7170/6989
f 7182/7170/6990 7185/7173/6990 7186/7166/6990 7183/7164/6990
f 2235/5957/6991 2234/404/6991 7187/7174/6991 7184/7172/6991
f 7184/7172/6992 7187/7174/6992 7188/7175/6992 7185/7173/6992
f 7185/7173/6993 7188/7175/6993 7189/17/6993 7186/7166/6993
f 2234/404/6994 164/403/6994 926/7157/6994 7187/7174/6994
f 7187/7174/6995 926/7157/6995 927/7159/6995 7188/7175/6995
f 7188/7175/6996 927/7159/6996 928/18/6996 7189/17/6996
f 802/10/6997 7192/7176/6997 733/7177/6997 83/11/6997
f 7192/7176/6998 7195/7178/6998 732/7179/6998 733/7177/6998
f 7195/7178/6999 7198/13/6999 731/16/6999 732/7179/6999
f 124/243/7000 2176/6199/7000 7190/7180/7000 800/7181/7000
f 800/7181/7001 7190/7180/7001 7191/7182/7001 801/7183/7001
f 801/7183/7002 7191/7182/7002 7192/7176/7002 802/10/7002
f 2176/6199/7003 2175/6201/7003 7193/7184/7003 7190/7180/7003
f 7190/7180/7004 7193/7184/7004 7194/7185/7004 7191/7182/7004
f 7191/7182/7005 7194/7185/7005 7195/7178/7005 7192/7176/7005
f 2175/6201/7006 2174/324/7006 7196/7186/7006 7193/7184/7006
f 7193/7184/7007 7196/7186/7007 7197/7187/7007 7194/7185/7007
f 7194/7185/7008 7197/7187/7008 7198/13/7008 7195/7178/7008
f 2174/324/7009 144/323/7009 863/7169/7009 7196/7186/7009
f 7196/7186/7010 863/7169/7010 864/7171/7010 7197/7187/7010
f 7197/7187/7011 864/7171/7011 865/14/7011 7198/13/7011
f 739/6/7012 7201/7188/7012 736/7189/7012 84/7/7012
f 7201/7188/7013 7204/7190/7013 735/7191/7013 736/7189/7013
f 7204/7190/7014 7207/9/7014 734/12/7014 735/7191/7014
f 104/163/7015 2116/6443/7015 7199/7192/7015 737/7193/7015
f 737/7193/7016 7199/7192/7016 7200/7194/7016 738/7195/7016
f 738/7195/7017 7200/7194/7017 7201/7188/7017 739/6/7017
f 2116/6443/7018 2115/6445/7018 7202/7196/7018 7199/7192/7018
f 7199/7192/7019 7202/7196/7019 7203/7197/7019 7200/7194/7019
f 7200/7194/7020 7203/7197/7020 7204/7190/7020 7201/7188/7020
f 2115/6445/7021 2114/244/7021 7205/7198/7021 7202/7196/7021
f 7202/7196/7022 7205/7198/7022 7206/7199/7022 7203/7197/7022
f 7203/7197/7023 7206/7199/7023 7207/9/7023 7204/7190/7023
f 2114/244/7024 124/243/7024 800/7181/7024 7205/7198/7024
f 7205/7198/7025 800/7181/7025 801/7183/7025 7206/7199/7025
f 7206/7199/7026 801/7183/7026 802/10/7026 7207/9/7026
f 497/7200/7027 7210/7201/7027 496/7202/7027 3/7203/7027
f 7210/7201/7028 7213/7204/7028 495/7205/7028 496/7202/7028
f 7213/7204/7029 7216/5/7029 494/8/7029 495/7205/7029
f 5/6689/7030 2056/6688/7030 7208/7206/7030 499/7207/7030
f 499/7207/7031 7208/7206/7031 7209/7208/7031 498/7209/7031
f 498/7209/7032 7209/7208/7032 7210/7201/7032 497/7200/7032
f 2056/6688/7033 2055/6691/7033 7211/7210/7033 7208/7206/7033
f 7208/7206/7034 7211/7210/7034 7212/7211/7034 7209/7208/7034
f 7209/7208/7035 7212/7211/7035 7213/7204/7035 7210/7201/7035
f 2055/6691/7036 2054/164/7036 7214/7212/7036 7211/7210/7036
f 7211/7210/7037 7214/7212/7037 7215/7213/7037 7212/7211/7037
f 7212/7211/7038 7215/7213/7038 7216/5/7038 7213/7204/7038
f 2054/164/7039 104/163/7039 737/7193/7039 7214/7212/7039
f 7214/7212/7040 737/7193/7040 738/7195/7040 7215/7213/7040
f 7215/7213/7041 738/7195/7041 739/6/7041 7216/5/7041
f 1936/82/7042 7219/7214/7042 679/7215/7042 65/83/7042
f 7219/7214/7043 7222/7216/7043 678/7217/7043 679/7215/7043
f 7222/7216/7044 7225/1/7044 677/4/7044 678/7217/7044
f 484/1683/7045 3256/1766/7045 7217/7218/7045 1934/6982/7045
f 1934/6982/7046 7217/7218/7046 7218/7219/7046 1935/6983/7046
f 1935/6983/7047 7218/7219/7047 7219/7214/7047 1936/82/7047
f 3256/1766/7048 3255/1768/7048 7220/7220/7048 7217/7218/7048
f 7217/7218/7049 7220/7220/7049 7221/7221/7049 7218/7219/7049
f 7218/7219/7050 7221/7221/7050 7222/7216/7050 7219/7214/7050
f 3255/1768/7051 3254/1764/7051 7223/7222/7051 7220/7220/7051
f 7220/7220/7052 7223/7222/7052 7224/7223/7052 7221/7221/7052
f 7221/7221/7053 7224/7223/7053 7225/1/7053 7222/7216/7053
f 3254/1764/7054 64/1763/7054 491/7224/7054 7223/7222/7054
f 7223/7222/7055 491/7224/7055 492/7225/7055 7224/7223/7055
f 7224/7223/7056 492/7225/7056 493/2/7056 7225/1/7056
